Invoice Date,Invoice ID,Invoice Number,Supply Date,Issued Date,Invoice Status,Customer ID,Customer Name,Company ID,Is Inclusive Tax,Due Date,PurchaseOrder,Currency Code,Exchange Rate,Discount Type,Is Discount Before Tax,Template Name,Entity Discount Percent,SubTotal,Total,TotalRetentionAmountFCY,TotalRetentionAmountBCY,Balance,Adjustment,Adjustment Description,Expected Payment Date,Last Payment Date,Payment Terms,Payment Terms Label,Early Payment Discount Percentage,Early Payment Discount Amount,Early Payment Discount Due Days,Notes,Terms & Conditions,Entity Discount Amount,Shipping Charge,Shipping Charge Tax ID,Shipping Charge Tax Amount,Shipping Charge Tax Name,Shipping Charge Tax %,Shipping Charge Tax Type,Item Name,Item Desc,Quantity,Discount,Discount Amount,Item Total,Usage unit,Item Price,Product ID,Brand,Sales Order Number,Expense Reference ID,Recurrence Name,PayPal,Authorize.Net,Google Checkout,Payflow Pro,Stripe,Paytm,2Checkout,Braintree,Forte,WorldPay,Payments Pro,Square,WePay,Razorpay,ICICI EazyPay,GoCardless,Partial Payments,Billing Attention,Billing Address,Billing Street2,Billing City,Billing State,Billing Country,Billing Code,Billing Phone,Billing Fax,Shipping Attention,Shipping Address,Shipping Street2,Shipping City,Shipping State,Shipping Country,Shipping Code,Shipping Fax,Shipping Phone Number,SKU,Project ID,Project Name,Round Off,Sales person,Subject,Primary Contact EmailID,Primary Contact Mobile,Primary Contact Phone,Estimate Number,Custom Charges,Shipping Bill#,Shipping Bill Date,Shipping Bill Total,PortCode,Account,Account Code,Tax ID,Item Tax,Item Tax %,Item Tax Amount,Item Tax Type,Kit Combo Item Name
2026-08-20,8884630000001309115,INV-000293,,,Draft,8884630000000442076,Customer A,,False,2026-08-20,,PKR,1.0,entity_level,True,Compact,0.0,200000.0,200000.0,0.0,0.0,200000.0,0.0,Adjustment,,,0,Due on Receipt,0.0,0.0,,"Thanks for your business. For any assistance, please feel free to contact us.","1. The Company is not responsible for any damage incurred during transportation, whether via local delivery or cargo services.
2. The warranty period shall commence and expire as scheduled, regardless of whether the product has been used or installed.
3. Removal or tampering with the barcode, serial number, or packaging information will void any warranty claims.
4. The original packaging (box), whether for new or used items, is mandatory for all warranty claims.
5. All used items are subject to a limited warranty; defects such as dead, damaged, or burned components are not covered.
6. The Company reserves the right to refuse any warranty claim in cases of late or unpaid invoices.
7. Under local warranty, valid customer claims will be processed without additional charges and may require a reasonable processing period.
8. External factors such as vendor delays, shipping disruptions or unusual national circumstances are beyond our control.",0.0,0.0,,,,,,,Paint Work including labour,1,0.0,0.0,15000.0,,15000.0,,,,,,False,False,False,False,False,False,False,False,False,False,False,False,False,False,False,False,False,,,,,,,,,,,,,,,,,,,,,,0.0,,,,,,,,,,,,Sales,,,,,,,
2026-08-20,8884630000001309115,INV-000293,,,Draft,8884630000000442076,Customer A,,False,2026-08-20,,PKR,1.0,entity_level,True,Compact,0.0,200000.0,200000.0,0.0,0.0,200000.0,0.0,Adjustment,,,0,Due on Receipt,0.0,0.0,,"Thanks for your business. For any assistance, please feel free to contact us.","1. The Company is not responsible for any damage incurred during transportation, whether via local delivery or cargo services.
2. The warranty period shall commence and expire as scheduled, regardless of whether the product has been used or installed.
3. Removal or tampering with the barcode, serial number, or packaging information will void any warranty claims.
4. The original packaging (box), whether for new or used items, is mandatory for all warranty claims.
5. All used items are subject to a limited warranty; defects such as dead, damaged, or burned components are not covered.
6. The Company reserves the right to refuse any warranty claim in cases of late or unpaid invoices.
7. Under local warranty, valid customer claims will be processed without additional charges and may require a reasonable processing period.
8. External factors such as vendor delays, shipping disruptions or unusual national circumstances are beyond our control.",0.0,0.0,,,,,,,Deco Items,1,0.0,0.0,65000.0,,65000.0,,,,,,False,False,False,False,False,False,False,False,False,False,False,False,False,False,False,False,False,,,,,,,,,,,,,,,,,,,,,,0.0,,,,,,,,,,,,Sales,,,,,,,
2026-08-20,8884630000001309115,INV-000293,,,Draft,8884630000000442076,Customer A,,False,2026-08-20,,PKR,1.0,entity_level,True,Compact,0.0,200000.0,200000.0,0.0,0.0,200000.0,0.0,Adjustment,,,0,Due on Receipt,0.0,0.0,,"Thanks for your business. For any assistance, please feel free to contact us.","1. The Company is not responsible for any damage incurred during transportation, whether via local delivery or cargo services.
2. The warranty period shall commence and expire as scheduled, regardless of whether the product has been used or installed.
3. Removal or tampering with the barcode, serial number, or packaging information will void any warranty claims.
4. The original packaging (box), whether for new or used items, is mandatory for all warranty claims.
5. All used items are subject to a limited warranty; defects such as dead, damaged, or burned components are not covered.
6. The Company reserves the right to refuse any warranty claim in cases of late or unpaid invoices.
7. Under local warranty, valid customer claims will be processed without additional charges and may require a reasonable processing period.
8. External factors such as vendor delays, shipping disruptions or unusual national circumstances are beyond our control.",0.0,0.0,,,,,,,Design & Implementation Fee,1,0.0,0.0,15000.0,,15000.0,,,,,,False,False,False,False,False,False,False,False,False,False,False,False,False,False,False,False,False,,,,,,,,,,,,,,,,,,,,,,0.0,,,,,,,,,,,,Sales,,,,,,,
2026-08-20,8884630000001309115,INV-000293,,,Draft,8884630000000442076,Customer A,,False,2026-08-20,,PKR,1.0,entity_level,True,Compact,0.0,200000.0,200000.0,0.0,0.0,200000.0,0.0,Adjustment,,,0,Due on Receipt,0.0,0.0,,"Thanks for your business. For any assistance, please feel free to contact us.","1. The Company is not responsible for any damage incurred during transportation, whether via local delivery or cargo services.
2. The warranty period shall commence and expire as scheduled, regardless of whether the product has been used or installed.
3. Removal or tampering with the barcode, serial number, or packaging information will void any warranty claims.
4. The original packaging (box), whether for new or used items, is mandatory for all warranty claims.
5. All used items are subject to a limited warranty; defects such as dead, damaged, or burned components are not covered.
6. The Company reserves the right to refuse any warranty claim in cases of late or unpaid invoices.
7. Under local warranty, valid customer claims will be processed without additional charges and may require a reasonable processing period.
8. External factors such as vendor delays, shipping disruptions or unusual national circumstances are beyond our control.",0.0,0.0,,,,,,,"Peripherals
Attack Shark Wireless Mouse, Attack Shark Headphone, Bloody Sound bar, Bloody Vlogging Mic + Stand, Bloody Webcam, 2 Monitor Arms, Headphone Stand, 2 Aukey Mousepad, Cable Organizers and Extensions",1,0.0,0.0,105000.0,,105000.0,,,,,,False,False,False,False,False,False,False,False,False,False,False,False,False,False,False,False,False,,,,,,,,,,,,,,,,,,,,,,0.0,,,,,,,,,,,,Sales,,,,,,,
2026-08-01,8884630000001144001,INV-000213,,2026-08-01,Closed,8884630000000442076,Customer A,,False,2026-08-01,,PKR,1.0,entity_level,True,Compact,0.0,750.0,750.0,0.0,0.0,0.0,0.0,Adjustment,,2026-08-01,0,Due on Receipt,0.0,0.0,,"Thanks for your business. For any assistance, please feel free to contact us.","1. The Company is not responsible for any damage incurred during transportation, whether via local delivery or cargo services.
2. The warranty period shall commence and expire as scheduled, regardless of whether the product has been used or installed.
3. Removal or tampering with the barcode, serial number, or packaging information will void any warranty claims.
4. The original packaging (box), whether for new or used items, is mandatory for all warranty claims.
5. All used items are subject to a limited warranty; defects such as dead, damaged, or burned components are not covered.
6. The Company reserves the right to refuse any warranty claim in cases of late or unpaid invoices.
7. Under local warranty, valid customer claims will be processed without additional charges and may require a reasonable processing period.
8. External factors such as vendor delays, shipping disruptions or unusual national circumstances are beyond our control.",0.0,0.0,,,,,,login L310 3.5mm handsfree (earphone ) black,Counter check warranty ,1,0.0,0.0,750.0,,750.0,8.884630000000346e+18,,,,,False,False,False,False,False,False,False,False,False,False,False,False,False,False,False,False,False,,,,,,,,,,,,,,,,,,,010000004113,,,0.0,,,,,,,,,,,,Sales,,,,,,,
2026-08-01,8884630000001144163,INV-000214,,2026-08-01,Closed,8884630000000442076,Customer A,,False,2026-08-01,,PKR,1.0,entity_level,True,Compact,0.0,2500.0,2500.0,0.0,0.0,0.0,0.0,Adjustment,,2026-08-01,0,Due on Receipt,0.0,0.0,,"Thanks for your business. For any assistance, please feel free to contact us.","1. The Company is not responsible for any damage incurred during transportation, whether via local delivery or cargo services.
2. The warranty period shall commence and expire as scheduled, regardless of whether the product has been used or installed.
3. Removal or tampering with the barcode, serial number, or packaging information will void any warranty claims.
4. The original packaging (box), whether for new or used items, is mandatory for all warranty claims.
5. All used items are subject to a limited warranty; defects such as dead, damaged, or burned components are not covered.
6. The Company reserves the right to refuse any warranty claim in cases of late or unpaid invoices.
7. Under local warranty, valid customer claims will be processed without additional charges and may require a reasonable processing period.
8. External factors such as vendor delays, shipping disruptions or unusual national circumstances are beyond our control.",0.0,0.0,,,,,,Green Wifi + Bluetooth USB adapter,1 month warranty,1,0.0,0.0,2500.0,,2500.0,8.884630000000187e+18,,,,,False,False,False,False,False,False,False,False,False,False,False,False,False,False,False,False,False,,,,,,,,,,,,,,,,,,,010000003161,,,0.0,,,,,,,,,,,,Sales,,,,,,,
2026-08-01,8884630000001144225,INV-000215,,2026-08-01,Closed,8884630000000442076,Customer A,,False,2026-08-01,,PKR,1.0,entity_level,True,Compact,0.0,900.0,900.0,0.0,0.0,0.0,0.0,Adjustment,,2026-08-01,0,Due on Receipt,0.0,0.0,,"Thanks for your business. For any assistance, please feel free to contact us.","1. The Company is not responsible for any damage incurred during transportation, whether via local delivery or cargo services.
2. The warranty period shall commence and expire as scheduled, regardless of whether the product has been used or installed.
3. Removal or tampering with the barcode, serial number, or packaging information will void any warranty claims.
4. The original packaging (box), whether for new or used items, is mandatory for all warranty claims.
5. All used items are subject to a limited warranty; defects such as dead, damaged, or burned components are not covered.
6. The Company reserves the right to refuse any warranty claim in cases of late or unpaid invoices.
7. Under local warranty, valid customer claims will be processed without additional charges and may require a reasonable processing period.
8. External factors such as vendor delays, shipping disruptions or unusual national circumstances are beyond our control.",0.0,0.0,,,,,,Software Installation,MS Windows & Office,1,0.0,0.0,900.0,,900.0,8.884630000000204e+18,,,,,False,False,False,False,False,False,False,False,False,False,False,False,False,False,False,False,False,,,,,,,,,,,,,,,,,,,SI-2026,,,0.0,,,,,,,,,,,,Sales,,,,,,,
2026-08-02,8884630000001151006,INV-000216,,2026-08-02,Closed,8884630000000302016,Customer A,,False,2026-08-02,,PKR,1.0,entity_level,True,Compact,0.0,1650.0,1650.0,0.0,0.0,0.0,0.0,Adjustment,,2026-08-02,0,Due on Receipt,0.0,0.0,,"Thanks for your business. For any assistance, please feel free to contact us.","1. The Company is not responsible for any damage incurred during transportation, whether via local delivery or cargo services.
2. The warranty period shall commence and expire as scheduled, regardless of whether the product has been used or installed.
3. Removal or tampering with the barcode, serial number, or packaging information will void any warranty claims.
4. The original packaging (box), whether for new or used items, is mandatory for all warranty claims.
5. All used items are subject to a limited warranty; defects such as dead, damaged, or burned components are not covered.
6. The Company reserves the right to refuse any warranty claim in cases of late or unpaid invoices.
7. Under local warranty, valid customer claims will be processed without additional charges and may require a reasonable processing period.
8. External factors such as vendor delays, shipping disruptions or unusual national circumstances are beyond our control.",0.0,0.0,,,,,,Laptop Lenovo Thinkpad 45W TypeC charger,,1,0.0,0.0,1650.0,,1650.0,8.88463000000108e+18,,,,,False,False,False,False,False,False,False,False,False,False,False,False,False,False,False,False,False,,,,,,,,,,,,,,,,,,,864732642,,,0.0,,,,,,,,,,,,Sales,,,,,,,
2026-08-02,8884630000001158047,INV-000217,,2026-08-02,Closed,8884630000001339141,Customer B,,False,2026-08-02,,PKR,1.0,entity_level,True,Compact,0.0,0.0,0.0,0.0,0.0,0.0,0.0,Adjustment,,,0,Due on Receipt,0.0,0.0,,"Thanks for your business. For any assistance, please feel free to contact us.","1. The Company is not responsible for any damage incurred during transportation, whether via local delivery or cargo services.
2. The warranty period shall commence and expire as scheduled, regardless of whether the product has been used or installed.
3. Removal or tampering with the barcode, serial number, or packaging information will void any warranty claims.
4. The original packaging (box), whether for new or used items, is mandatory for all warranty claims.
5. All used items are subject to a limited warranty; defects such as dead, damaged, or burned components are not covered.
6. The Company reserves the right to refuse any warranty claim in cases of late or unpaid invoices.
7. Under local warranty, valid customer claims will be processed without additional charges and may require a reasonable processing period.
8. External factors such as vendor delays, shipping disruptions or unusual national circumstances are beyond our control.",0.0,0.0,,,,,,Grippy 8gb Usb,Shop use for MS Windows etc,2,0.0,0.0,0.0,,0.0,8.884630000000187e+18,,,,,False,False,False,False,False,False,False,False,False,False,False,False,False,False,False,False,False,,,,,,,,,,,,,,,,,,,010000001136,,,0.0,,,,,,,,,,,,Sales,,,,,,,
2026-08-02,8884630000001158087,INV-000218,,2026-08-02,Closed,8884630000000442076,Customer A,,False,2026-08-02,,PKR,1.0,entity_level,True,Compact,0.0,1100.0,1100.0,0.0,0.0,0.0,0.0,Adjustment,,2026-08-02,0,Due on Receipt,0.0,0.0,,"Thanks for your business. For any assistance, please feel free to contact us.","1. The Company is not responsible for any damage incurred during transportation, whether via local delivery or cargo services.
2. The warranty period shall commence and expire as scheduled, regardless of whether the product has been used or installed.
3. Removal or tampering with the barcode, serial number, or packaging information will void any warranty claims.
4. The original packaging (box), whether for new or used items, is mandatory for all warranty claims.
5. All used items are subject to a limited warranty; defects such as dead, damaged, or burned components are not covered.
6. The Company reserves the right to refuse any warranty claim in cases of late or unpaid invoices.
7. Under local warranty, valid customer claims will be processed without additional charges and may require a reasonable processing period.
8. External factors such as vendor delays, shipping disruptions or unusual national circumstances are beyond our control.",0.0,0.0,,,,,,Ronin R9 Handsfree (earphone) 3.5mm,,1,0.0,0.0,1100.0,,1100.0,8.884630000001035e+18,,,,,False,False,False,False,False,False,False,False,False,False,False,False,False,False,False,False,False,,,,,,,,,,,,,,,,,,,100005053,,,0.0,,,,,,,,,,,,Sales,,,,,,,
2026-08-02,8884630000001158125,INV-000219,,2026-08-02,Closed,8884630000000442076,Customer A,,False,2026-08-02,,PKR,1.0,entity_level,True,Compact,0.0,500.0,500.0,0.0,0.0,0.0,0.0,Adjustment,,2026-08-02,0,Due on Receipt,0.0,0.0,,"Thanks for your business. For any assistance, please feel free to contact us.","1. The Company is not responsible for any damage incurred during transportation, whether via local delivery or cargo services.
2. The warranty period shall commence and expire as scheduled, regardless of whether the product has been used or installed.
3. Removal or tampering with the barcode, serial number, or packaging information will void any warranty claims.
4. The original packaging (box), whether for new or used items, is mandatory for all warranty claims.
5. All used items are subject to a limited warranty; defects such as dead, damaged, or burned components are not covered.
6. The Company reserves the right to refuse any warranty claim in cases of late or unpaid invoices.
7. Under local warranty, valid customer claims will be processed without additional charges and may require a reasonable processing period.
8. External factors such as vendor delays, shipping disruptions or unusual national circumstances are beyond our control.",0.0,0.0,,,,,,Software Installation,,1,0.0,0.0,500.0,,500.0,8.884630000000204e+18,,,,,False,False,False,False,False,False,False,False,False,False,False,False,False,False,False,False,False,,,,,,,,,,,,,,,,,,,SI-2026,,,0.0,,,,,,,,,,,,Sales,,,,,,,
2026-08-03,8884630000001164001,INV-000220,,2026-08-03,Closed,8884630000000124229,Customer C,,False,2026-08-03,,PKR,1.0,entity_level,True,Compact,0.0,3500.0,3500.0,0.0,0.0,0.0,0.0,Adjustment,,2026-08-03,0,Due on Receipt,0.0,0.0,,"Thanks for your business. For any assistance, please feel free to contact us.","1. The Company is not responsible for any damage incurred during transportation, whether via local delivery or cargo services.
2. The warranty period shall commence and expire as scheduled, regardless of whether the product has been used or installed.
3. Removal or tampering with the barcode, serial number, or packaging information will void any warranty claims.
4. The original packaging (box), whether for new or used items, is mandatory for all warranty claims.
5. All used items are subject to a limited warranty; defects such as dead, damaged, or burned components are not covered.
6. The Company reserves the right to refuse any warranty claim in cases of late or unpaid invoices.
7. Under local warranty, valid customer claims will be processed without additional charges and may require a reasonable processing period.
8. External factors such as vendor delays, shipping disruptions or unusual national circumstances are beyond our control.",0.0,0.0,,,,,,Ugreen AC650 Dual Band Wifi USB adaptor,15 days warranty ,1,0.0,0.0,3500.0,,3500.0,8.884630000000305e+18,,,,,False,False,False,False,False,False,False,False,False,False,False,False,False,False,False,False,False,,,,,,,,,,,,,,,,,,,100005075,,,0.0,,,,,,,,,,,,Sales,,,,,,,
2026-08-03,8884630000001168014,INV-000221,,2026-08-03,Closed,8884630000000442076,Customer A,,False,2026-08-03,,PKR,1.0,entity_level,True,Compact,0.0,500.0,500.0,0.0,0.0,0.0,0.0,Adjustment,,2026-08-03,0,Due on Receipt,0.0,0.0,,"Thanks for your business. For any assistance, please feel free to contact us.","1. The Company is not responsible for any damage incurred during transportation, whether via local delivery or cargo services.
2. The warranty period shall commence and expire as scheduled, regardless of whether the product has been used or installed.
3. Removal or tampering with the barcode, serial number, or packaging information will void any warranty claims.
4. The original packaging (box), whether for new or used items, is mandatory for all warranty claims.
5. All used items are subject to a limited warranty; defects such as dead, damaged, or burned components are not covered.
6. The Company reserves the right to refuse any warranty claim in cases of late or unpaid invoices.
7. Under local warranty, valid customer claims will be processed without additional charges and may require a reasonable processing period.
8. External factors such as vendor delays, shipping disruptions or unusual national circumstances are beyond our control.",0.0,0.0,,,,,,Laptop Repair,Checking & troubleshooting,1,0.0,0.0,500.0,,500.0,8.884630000000976e+18,,,,,False,False,False,False,False,False,False,False,False,False,False,False,False,False,False,False,False,,,,,,,,,,,,,,,,,,,laptopsvc,,,0.0,,,,,,,,,,,,Sales,,,,,,,
2026-08-03,8884630000001168044,INV-000222,,2026-08-03,Closed,8884630000000232003,Customer D,,False,2026-08-03,,PKR,1.0,entity_level,True,Compact,0.0,250.0,250.0,0.0,0.0,0.0,0.0,Adjustment,,2026-08-04,0,Due on Receipt,0.0,0.0,,AFNAN,"1. The Company is not responsible for any damage incurred during transportation, whether via local delivery or cargo services.
2. The warranty period shall commence and expire as scheduled, regardless of whether the product has been used or installed.
3. Removal or tampering with the barcode, serial number, or packaging information will void any warranty claims.
4. The original packaging (box), whether for new or used items, is mandatory for all warranty claims.
5. All used items are subject to a limited warranty; defects such as dead, damaged, or burned components are not covered.
6. The Company reserves the right to refuse any warranty claim in cases of late or unpaid invoices.
7. Under local warranty, valid customer claims will be processed without additional charges and may require a reasonable processing period.
8. External factors such as vendor delays, shipping disruptions or unusual national circumstances are beyond our control.",50.0,0.0,,,,,,EverReady AA 4 battery cell,,1,0.0,0.0,250.0,,300.0,8.884630000000187e+18,,,,,False,False,False,False,False,False,False,False,False,False,False,False,False,False,False,False,False,,,,,,,,,,,,,,,,,,,010000003406,,,0.0,,,,,,,,,,,,Sales,,,,,,,
2026-08-04,8884630000001172081,INV-000223,,2026-08-04,Closed,8884630000001172072,Customer E,,False,2026-08-04,,PKR,1.0,entity_level,True,Compact,0.0,5000.0,5000.0,0.0,0.0,0.0,0.0,Adjustment,,2026-08-04,0,Due on Receipt,0.0,0.0,,"Thanks for your business. For any assistance, please feel free to contact us.","1. The Company is not responsible for any damage incurred during transportation, whether via local delivery or cargo services.
2. The warranty period shall commence and expire as scheduled, regardless of whether the product has been used or installed.
3. Removal or tampering with the barcode, serial number, or packaging information will void any warranty claims.
4. The original packaging (box), whether for new or used items, is mandatory for all warranty claims.
5. All used items are subject to a limited warranty; defects such as dead, damaged, or burned components are not covered.
6. The Company reserves the right to refuse any warranty claim in cases of late or unpaid invoices.
7. Under local warranty, valid customer claims will be processed without additional charges and may require a reasonable processing period.
8. External factors such as vendor delays, shipping disruptions or unusual national circumstances are beyond our control.",0.0,0.0,,,,,,A4Tech FBK25 Black Wireless Keyboard,1 month warranty,1,0.0,0.0,4500.0,,4500.0,8.884630000000146e+18,,,,,False,False,False,False,False,False,False,False,False,False,False,False,False,False,False,False,False,,,,,,,,,,,,,,,,,,,010000000818,,,0.0,,,,,,,,,,,,Sales,,,,,,,
2026-08-04,8884630000001172081,INV-000223,,2026-08-04,Closed,8884630000001172072,Customer E,,False,2026-08-04,,PKR,1.0,entity_level,True,Compact,0.0,5000.0,5000.0,0.0,0.0,0.0,0.0,Adjustment,,2026-08-04,0,Due on Receipt,0.0,0.0,,"Thanks for your business. For any assistance, please feel free to contact us.","1. The Company is not responsible for any damage incurred during transportation, whether via local delivery or cargo services.
2. The warranty period shall commence and expire as scheduled, regardless of whether the product has been used or installed.
3. Removal or tampering with the barcode, serial number, or packaging information will void any warranty claims.
4. The original packaging (box), whether for new or used items, is mandatory for all warranty claims.
5. All used items are subject to a limited warranty; defects such as dead, damaged, or burned components are not covered.
6. The Company reserves the right to refuse any warranty claim in cases of late or unpaid invoices.
7. Under local warranty, valid customer claims will be processed without additional charges and may require a reasonable processing period.
8. External factors such as vendor delays, shipping disruptions or unusual national circumstances are beyond our control.",0.0,0.0,,,,,,Computer Service,MS office,1,0.0,0.0,500.0,,500.0,8.884630000000208e+18,,,,,False,False,False,False,False,False,False,False,False,False,False,False,False,False,False,False,False,,,,,,,,,,,,,,,,,,,pcservice,,,0.0,,,,,,,,,,,,Sales,,,,,,,
2026-08-04,8884630000001182018,INV-000224,,2026-08-04,Closed,8884630000000442076,Customer A,,False,2026-08-04,,PKR,1.0,entity_level,True,Compact,0.0,1100.0,1100.0,0.0,0.0,0.0,0.0,Adjustment,,2026-08-04,0,Due on Receipt,0.0,0.0,,"Thanks for your business. For any assistance, please feel free to contact us.","1. The Company is not responsible for any damage incurred during transportation, whether via local delivery or cargo services.
2. The warranty period shall commence and expire as scheduled, regardless of whether the product has been used or installed.
3. Removal or tampering with the barcode, serial number, or packaging information will void any warranty claims.
4. The original packaging (box), whether for new or used items, is mandatory for all warranty claims.
5. All used items are subject to a limited warranty; defects such as dead, damaged, or burned components are not covered.
6. The Company reserves the right to refuse any warranty claim in cases of late or unpaid invoices.
7. Under local warranty, valid customer claims will be processed without additional charges and may require a reasonable processing period.
8. External factors such as vendor delays, shipping disruptions or unusual national circumstances are beyond our control.",0.0,0.0,,,,,,HP 4GB USB,,1,0.0,0.0,950.0,,950.0,8.884630000000456e+18,,,,,False,False,False,False,False,False,False,False,False,False,False,False,False,False,False,False,False,,,,,,,,,,,,,,,,,,,010000004373,,,0.0,,,,,,,,,,,,Sales,,,,,,,
2026-08-04,8884630000001182018,INV-000224,,2026-08-04,Closed,8884630000000442076,Customer A,,False,2026-08-04,,PKR,1.0,entity_level,True,Compact,0.0,1100.0,1100.0,0.0,0.0,0.0,0.0,Adjustment,,2026-08-04,0,Due on Receipt,0.0,0.0,,"Thanks for your business. For any assistance, please feel free to contact us.","1. The Company is not responsible for any damage incurred during transportation, whether via local delivery or cargo services.
2. The warranty period shall commence and expire as scheduled, regardless of whether the product has been used or installed.
3. Removal or tampering with the barcode, serial number, or packaging information will void any warranty claims.
4. The original packaging (box), whether for new or used items, is mandatory for all warranty claims.
5. All used items are subject to a limited warranty; defects such as dead, damaged, or burned components are not covered.
6. The Company reserves the right to refuse any warranty claim in cases of late or unpaid invoices.
7. Under local warranty, valid customer claims will be processed without additional charges and may require a reasonable processing period.
8. External factors such as vendor delays, shipping disruptions or unusual national circumstances are beyond our control.",0.0,0.0,,,,,,Computer Service,cartoon and songs,1,0.0,0.0,150.0,,150.0,8.884630000000208e+18,,,,,False,False,False,False,False,False,False,False,False,False,False,False,False,False,False,False,False,,,,,,,,,,,,,,,,,,,pcservice,,,0.0,,,,,,,,,,,,Sales,,,,,,,
2026-08-04,8884630000001182057,INV-000225,,2026-08-04,Closed,8884630000000442076,Customer A,,False,2026-08-04,,PKR,1.0,entity_level,True,Compact,0.0,2850.0,2850.0,0.0,0.0,0.0,0.0,Adjustment,,2026-08-04,0,Due on Receipt,0.0,0.0,,"Thanks for your business. For any assistance, please feel free to contact us.","1. The Company is not responsible for any damage incurred during transportation, whether via local delivery or cargo services.
2. The warranty period shall commence and expire as scheduled, regardless of whether the product has been used or installed.
3. Removal or tampering with the barcode, serial number, or packaging information will void any warranty claims.
4. The original packaging (box), whether for new or used items, is mandatory for all warranty claims.
5. All used items are subject to a limited warranty; defects such as dead, damaged, or burned components are not covered.
6. The Company reserves the right to refuse any warranty claim in cases of late or unpaid invoices.
7. Under local warranty, valid customer claims will be processed without additional charges and may require a reasonable processing period.
8. External factors such as vendor delays, shipping disruptions or unusual national circumstances are beyond our control.",0.0,0.0,,,,,,Sandisk Ultra Flair 3.0 32gb USB,,1,0.0,0.0,2850.0,,2850.0,8.884630000000157e+18,,,,,False,False,False,False,False,False,False,False,False,False,False,False,False,False,False,False,False,,,,,,,,,,,,,,,,,,,010000001426,,,0.0,,,,,,,,,,,,Sales,,,,,,,
2026-08-04,8884630000001186010,INV-000226,,2026-08-04,Closed,8884630000001186001,Customer F,,False,2026-08-04,,PKR,1.0,entity_level,True,Compact,0.0,125000.0,125000.0,0.0,0.0,0.0,0.0,Adjustment,,2026-08-06,0,Due on Receipt,0.0,0.0,,"Thanks for your business. For any assistance, please feel free to contact us.","1. The Company is not responsible for any damage incurred during transportation, whether via local delivery or cargo services.
2. The warranty period shall commence and expire as scheduled, regardless of whether the product has been used or installed.
3. Removal or tampering with the barcode, serial number, or packaging information will void any warranty claims.
4. The original packaging (box), whether for new or used items, is mandatory for all warranty claims.
5. All used items are subject to a limited warranty; defects such as dead, damaged, or burned components are not covered.
6. The Company reserves the right to refuse any warranty claim in cases of late or unpaid invoices.
7. Under local warranty, valid customer claims will be processed without additional charges and may require a reasonable processing period.
8. External factors such as vendor delays, shipping disruptions or unusual national circumstances are beyond our control.",0.0,0.0,,,,,,Asus prime tri fan RTX 5060 8gb GPU,10 months warranty,1,0.0,0.0,125000.0,,125000.0,8.884630000000148e+18,,,,,False,False,False,False,False,False,False,False,False,False,False,False,False,False,False,False,False,,,,,,,,,,,,,,,,,,,010000001563,,,0.0,,,,,,,,,,,,Sales,,,,,,,
2026-08-04,8884630000001189070,INV-000227,,2026-08-04,Closed,8884630000000442076,Customer A,,False,2026-08-04,,PKR,1.0,entity_level,True,Compact,0.0,1000.0,1000.0,0.0,0.0,0.0,0.0,Adjustment,,2026-08-04,0,Due on Receipt,0.0,0.0,,"Thanks for your business. For any assistance, please feel free to contact us.","1. The Company is not responsible for any damage incurred during transportation, whether via local delivery or cargo services.
2. The warranty period shall commence and expire as scheduled, regardless of whether the product has been used or installed.
3. Removal or tampering with the barcode, serial number, or packaging information will void any warranty claims.
4. The original packaging (box), whether for new or used items, is mandatory for all warranty claims.
5. All used items are subject to a limited warranty; defects such as dead, damaged, or burned components are not covered.
6. The Company reserves the right to refuse any warranty claim in cases of late or unpaid invoices.
7. Under local warranty, valid customer claims will be processed without additional charges and may require a reasonable processing period.
8. External factors such as vendor delays, shipping disruptions or unusual national circumstances are beyond our control.",0.0,0.0,,,,,,Laptop Repair,Ordered ram and installed,1,0.0,0.0,1000.0,,1000.0,8.884630000000976e+18,,,,,False,False,False,False,False,False,False,False,False,False,False,False,False,False,False,False,False,,,,,,,,,,,,,,,,,,,laptopsvc,,,0.0,,,,,,,,,,,,Sales,,,,,,,
2026-08-05,8884630000001193001,INV-000228,,2026-08-05,Closed,8884630000000302016,Customer A,,False,2026-08-05,,PKR,1.0,entity_level,True,Compact,0.0,1300.0,1300.0,0.0,0.0,0.0,0.0,Adjustment,,2026-08-05,0,Due on Receipt,0.0,0.0,,"Thanks for your business. For any assistance, please feel free to contact us.","1. The Company is not responsible for any damage incurred during transportation, whether via local delivery or cargo services.
2. The warranty period shall commence and expire as scheduled, regardless of whether the product has been used or installed.
3. Removal or tampering with the barcode, serial number, or packaging information will void any warranty claims.
4. The original packaging (box), whether for new or used items, is mandatory for all warranty claims.
5. All used items are subject to a limited warranty; defects such as dead, damaged, or burned components are not covered.
6. The Company reserves the right to refuse any warranty claim in cases of late or unpaid invoices.
7. Under local warranty, valid customer claims will be processed without additional charges and may require a reasonable processing period.
8. External factors such as vendor delays, shipping disruptions or unusual national circumstances are beyond our control.",199.0,0.0,,,,,,Cooler Master rpd grease paste,,1,0.0,0.0,1300.0,,1499.0,8.884630000000148e+18,,,,,False,False,False,False,False,False,False,False,False,False,False,False,False,False,False,False,False,,,,,,,,,,,,,,,,,,,010000000382,,,0.0,,,,,,,,,,,,Sales,,,,,,,
2026-08-05,8884630000001186040,INV-000229,,2026-08-05,Overdue,8884630000001186031,Customer G,,False,2026-08-05,,PKR,1.0,entity_level,True,Compact,0.0,7500.0,8000.0,0.0,0.0,7500.0,0.0,Adjustment,,2026-08-05,0,Due on Receipt,0.0,0.0,,"Thanks for your business. For any assistance, please feel free to contact us.","1. The Company is not responsible for any damage incurred during transportation, whether via local delivery or cargo services.
2. The warranty period shall commence and expire as scheduled, regardless of whether the product has been used or installed.
3. Removal or tampering with the barcode, serial number, or packaging information will void any warranty claims.
4. The original packaging (box), whether for new or used items, is mandatory for all warranty claims.
5. All used items are subject to a limited warranty; defects such as dead, damaged, or burned components are not covered.
6. The Company reserves the right to refuse any warranty claim in cases of late or unpaid invoices.
7. Under local warranty, valid customer claims will be processed without additional charges and may require a reasonable processing period.
8. External factors such as vendor delays, shipping disruptions or unusual national circumstances are beyond our control.",0.0,500.0,,,,,,Corsair hs60 pro Wired headphone - box open,15 days warranty,1,0.0,0.0,7500.0,,7500.0,8.884630000000187e+18,,,,,False,False,False,False,False,False,False,False,False,False,False,False,False,False,False,False,False,,,,,,,,,,,,,,,,,,,010000003055,,,0.0,,COD,,,,,,,,,,Sales,,,,,,,
2026-08-05,8884630000001193100,INV-000230,,2026-08-05,Closed,8884630000000442076,Customer A,,False,2026-08-05,,PKR,1.0,entity_level,True,Compact,0.0,4000.0,4000.0,0.0,0.0,0.0,0.0,Adjustment,,2026-08-05,0,Due on Receipt,0.0,0.0,,"Thanks for your business. For any assistance, please feel free to contact us.","1. The Company is not responsible for any damage incurred during transportation, whether via local delivery or cargo services.
2. The warranty period shall commence and expire as scheduled, regardless of whether the product has been used or installed.
3. Removal or tampering with the barcode, serial number, or packaging information will void any warranty claims.
4. The original packaging (box), whether for new or used items, is mandatory for all warranty claims.
5. All used items are subject to a limited warranty; defects such as dead, damaged, or burned components are not covered.
6. The Company reserves the right to refuse any warranty claim in cases of late or unpaid invoices.
7. Under local warranty, valid customer claims will be processed without additional charges and may require a reasonable processing period.
8. External factors such as vendor delays, shipping disruptions or unusual national circumstances are beyond our control.",0.0,0.0,,,,,,Bloody B135N Neon Black Keyboard,1 month warranty,1,0.0,0.0,4000.0,,4000.0,8.884630000000146e+18,,,,,False,False,False,False,False,False,False,False,False,False,False,False,False,False,False,False,False,,,,,,,,,,,,,,,,,,,010000000399,,,0.0,,,,,,,,,,,,Sales,,,,,,,
2026-08-05,8884630000001186062,INV-000231,,2026-08-05,Closed,8884630000000240143,Customer H,,False,2026-08-05,,PKR,1.0,entity_level,True,Compact,0.0,31500.0,31500.0,0.0,0.0,0.0,0.0,Adjustment,,2026-08-05,0,Due on Receipt,0.0,0.0,,"Thanks for your business. For any assistance, please feel free to contact us.","1. The Company is not responsible for any damage incurred during transportation, whether via local delivery or cargo services.
2. The warranty period shall commence and expire as scheduled, regardless of whether the product has been used or installed.
3. Removal or tampering with the barcode, serial number, or packaging information will void any warranty claims.
4. The original packaging (box), whether for new or used items, is mandatory for all warranty claims.
5. All used items are subject to a limited warranty; defects such as dead, damaged, or burned components are not covered.
6. The Company reserves the right to refuse any warranty claim in cases of late or unpaid invoices.
7. Under local warranty, valid customer claims will be processed without additional charges and may require a reasonable processing period.
8. External factors such as vendor delays, shipping disruptions or unusual national circumstances are beyond our control.",0.0,0.0,,,,,,Lexar DDR4 3200Mhz 16gb Ram,,1,0.0,0.0,31500.0,,31500.0,8.884630000000177e+18,,,,,False,False,False,False,False,False,False,False,False,False,False,False,False,False,False,False,False,,,,,,,,,,,,,,,,,,,010000001112,,,0.0,,,,,,,,,,,,Sales,,,,,,,
2026-08-05,8884630000001193223,INV-000232,,2026-08-05,Closed,8884630000000442076,Customer A,,False,2026-08-05,,PKR,1.0,entity_level,True,Compact,0.0,1900.0,1900.0,0.0,0.0,0.0,0.0,Adjustment,,2026-08-05,0,Due on Receipt,0.0,0.0,,"Thanks for your business. For any assistance, please feel free to contact us.","1. The Company is not responsible for any damage incurred during transportation, whether via local delivery or cargo services.
2. The warranty period shall commence and expire as scheduled, regardless of whether the product has been used or installed.
3. Removal or tampering with the barcode, serial number, or packaging information will void any warranty claims.
4. The original packaging (box), whether for new or used items, is mandatory for all warranty claims.
5. All used items are subject to a limited warranty; defects such as dead, damaged, or burned components are not covered.
6. The Company reserves the right to refuse any warranty claim in cases of late or unpaid invoices.
7. Under local warranty, valid customer claims will be processed without additional charges and may require a reasonable processing period.
8. External factors such as vendor delays, shipping disruptions or unusual national circumstances are beyond our control.",0.0,0.0,,,,,,Camera Charger 12V 5A,,1,0.0,0.0,1900.0,,1900.0,8.884630000001193e+18,,,,,False,False,False,False,False,False,False,False,False,False,False,False,False,False,False,False,False,,,,,,,,,,,,,,,,,,,436534264326,,,0.0,,,,,,,,,,,,Sales,,,,,,,
2026-08-06,8884630000001198018,INV-000233,,2026-08-06,Closed,8884630000000302016,Customer A,,False,2026-08-06,,PKR,1.0,entity_level,True,Compact,0.0,750.0,750.0,0.0,0.0,0.0,0.0,Adjustment,,2026-08-06,0,Due on Receipt,0.0,0.0,,"Thanks for your business. For any assistance, please feel free to contact us.","1. The Company is not responsible for any damage incurred during transportation, whether via local delivery or cargo services.
2. The warranty period shall commence and expire as scheduled, regardless of whether the product has been used or installed.
3. Removal or tampering with the barcode, serial number, or packaging information will void any warranty claims.
4. The original packaging (box), whether for new or used items, is mandatory for all warranty claims.
5. All used items are subject to a limited warranty; defects such as dead, damaged, or burned components are not covered.
6. The Company reserves the right to refuse any warranty claim in cases of late or unpaid invoices.
7. Under local warranty, valid customer claims will be processed without additional charges and may require a reasonable processing period.
8. External factors such as vendor delays, shipping disruptions or unusual national circumstances are beyond our control.",0.0,0.0,,,,,,Cleaning Kit,,1,0.0,0.0,750.0,,750.0,8.884630000000124e+18,,,,,False,False,False,False,False,False,False,False,False,False,False,False,False,False,False,False,False,,,,,,,,,,,,,,,,,,,010000000030,,,0.0,,,,,,,,,,,,Sales,,,,,,,
2026-08-06,8884630000001198056,INV-000234,,2026-08-06,Closed,8884630000000442076,Customer A,,False,2026-08-06,,PKR,1.0,entity_level,True,Compact,0.0,200.0,200.0,0.0,0.0,0.0,0.0,Adjustment,,2026-08-06,0,Due on Receipt,0.0,0.0,,"Thanks for your business. For any assistance, please feel free to contact us.","1. The Company is not responsible for any damage incurred during transportation, whether via local delivery or cargo services.
2. The warranty period shall commence and expire as scheduled, regardless of whether the product has been used or installed.
3. Removal or tampering with the barcode, serial number, or packaging information will void any warranty claims.
4. The original packaging (box), whether for new or used items, is mandatory for all warranty claims.
5. All used items are subject to a limited warranty; defects such as dead, damaged, or burned components are not covered.
6. The Company reserves the right to refuse any warranty claim in cases of late or unpaid invoices.
7. Under local warranty, valid customer claims will be processed without additional charges and may require a reasonable processing period.
8. External factors such as vendor delays, shipping disruptions or unusual national circumstances are beyond our control.",0.0,0.0,,,,,,Blue Grip MP,,1,0.0,0.0,200.0,,200.0,8.884630000000976e+18,,,,,False,False,False,False,False,False,False,False,False,False,False,False,False,False,False,False,False,,,,,,,,,,,,,,,,,,,100005034,,,0.0,,,,,,,,,,,,Sales,,,,,,,
2026-08-06,8884630000001198571,INV-000235,,2026-08-07,Closed,8884630000000442076,Customer A,,False,2026-08-06,,PKR,1.0,entity_level,True,Compact,0.0,6750.0,6750.0,0.0,0.0,0.0,0.0,Adjustment,,2026-08-07,0,Due on Receipt,0.0,0.0,,"Thanks for your business. For any assistance, please feel free to contact us.","1. The Company is not responsible for any damage incurred during transportation, whether via local delivery or cargo services.
2. The warranty period shall commence and expire as scheduled, regardless of whether the product has been used or installed.
3. Removal or tampering with the barcode, serial number, or packaging information will void any warranty claims.
4. The original packaging (box), whether for new or used items, is mandatory for all warranty claims.
5. All used items are subject to a limited warranty; defects such as dead, damaged, or burned components are not covered.
6. The Company reserves the right to refuse any warranty claim in cases of late or unpaid invoices.
7. Under local warranty, valid customer claims will be processed without additional charges and may require a reasonable processing period.
8. External factors such as vendor delays, shipping disruptions or unusual national circumstances are beyond our control.",1650.0,0.0,,,,,,Software Installation,,1,0.0,0.0,401.79,,500.0,8.884630000000204e+18,,,,,False,False,False,False,False,False,False,False,False,False,False,False,False,False,False,False,False,,,,,,,,,,,,,,,,,,,SI-2026,,,0.0,,,,,,,,,,,,Sales,,,,,,,
2026-08-06,8884630000001198571,INV-000235,,2026-08-07,Closed,8884630000000442076,Customer A,,False,2026-08-06,,PKR,1.0,entity_level,True,Compact,0.0,6750.0,6750.0,0.0,0.0,0.0,0.0,Adjustment,,2026-08-07,0,Due on Receipt,0.0,0.0,,"Thanks for your business. For any assistance, please feel free to contact us.","1. The Company is not responsible for any damage incurred during transportation, whether via local delivery or cargo services.
2. The warranty period shall commence and expire as scheduled, regardless of whether the product has been used or installed.
3. Removal or tampering with the barcode, serial number, or packaging information will void any warranty claims.
4. The original packaging (box), whether for new or used items, is mandatory for all warranty claims.
5. All used items are subject to a limited warranty; defects such as dead, damaged, or burned components are not covered.
6. The Company reserves the right to refuse any warranty claim in cases of late or unpaid invoices.
7. Under local warranty, valid customer claims will be processed without additional charges and may require a reasonable processing period.
8. External factors such as vendor delays, shipping disruptions or unusual national circumstances are beyond our control.",1650.0,0.0,,,,,,4GB DDR3 Laptop Ram - Used,,1,0.0,0.0,1607.14,,2000.0,8.884630000001194e+18,,,,,False,False,False,False,False,False,False,False,False,False,False,False,False,False,False,False,False,,,,,,,,,,,,,,,,,,,2143543214,,,0.0,,,,,,,,,,,,Sales,,,,,,,
2026-08-06,8884630000001198571,INV-000235,,2026-08-07,Closed,8884630000000442076,Customer A,,False,2026-08-06,,PKR,1.0,entity_level,True,Compact,0.0,6750.0,6750.0,0.0,0.0,0.0,0.0,Adjustment,,2026-08-07,0,Due on Receipt,0.0,0.0,,"Thanks for your business. For any assistance, please feel free to contact us.","1. The Company is not responsible for any damage incurred during transportation, whether via local delivery or cargo services.
2. The warranty period shall commence and expire as scheduled, regardless of whether the product has been used or installed.
3. Removal or tampering with the barcode, serial number, or packaging information will void any warranty claims.
4. The original packaging (box), whether for new or used items, is mandatory for all warranty claims.
5. All used items are subject to a limited warranty; defects such as dead, damaged, or burned components are not covered.
6. The Company reserves the right to refuse any warranty claim in cases of late or unpaid invoices.
7. Under local warranty, valid customer claims will be processed without additional charges and may require a reasonable processing period.
8. External factors such as vendor delays, shipping disruptions or unusual national circumstances are beyond our control.",1650.0,0.0,,,,,,Computer Service,thermal pasting,1,0.0,0.0,1205.36,,1500.0,8.884630000000208e+18,,,,,False,False,False,False,False,False,False,False,False,False,False,False,False,False,False,False,False,,,,,,,,,,,,,,,,,,,pcservice,,,0.0,,,,,,,,,,,,Sales,,,,,,,
2026-08-06,8884630000001198571,INV-000235,,2026-08-07,Closed,8884630000000442076,Customer A,,False,2026-08-06,,PKR,1.0,entity_level,True,Compact,0.0,6750.0,6750.0,0.0,0.0,0.0,0.0,Adjustment,,2026-08-07,0,Due on Receipt,0.0,0.0,,"Thanks for your business. For any assistance, please feel free to contact us.","1. The Company is not responsible for any damage incurred during transportation, whether via local delivery or cargo services.
2. The warranty period shall commence and expire as scheduled, regardless of whether the product has been used or installed.
3. Removal or tampering with the barcode, serial number, or packaging information will void any warranty claims.
4. The original packaging (box), whether for new or used items, is mandatory for all warranty claims.
5. All used items are subject to a limited warranty; defects such as dead, damaged, or burned components are not covered.
6. The Company reserves the right to refuse any warranty claim in cases of late or unpaid invoices.
7. Under local warranty, valid customer claims will be processed without additional charges and may require a reasonable processing period.
8. External factors such as vendor delays, shipping disruptions or unusual national circumstances are beyond our control.",1650.0,0.0,,,,,,500GB Laptop HDD (Hardisk) - Used,,1,0.0,0.0,3535.71,,4400.0,8.884630000001194e+18,,,,,False,False,False,False,False,False,False,False,False,False,False,False,False,False,False,False,False,,,,,,,,,,,,,,,,,,,9990242144221241,,,0.0,,,,,,,,,,,,Sales,,,,,,,
2026-08-07,8884630000001201297,INV-000236,,2026-08-07,Closed,8884630000001201290,Customer I,,False,2026-08-07,,PKR,1.0,entity_level,True,Compact,0.0,6000.0,6890.0,0.0,0.0,0.0,0.0,Adjustment,,2026-08-10,0,Due on Receipt,0.0,0.0,,"Thanks for your business. For any assistance, please feel free to contact us.","1. The Company is not responsible for any damage incurred during transportation, whether via local delivery or cargo services.
2. The warranty period shall commence and expire as scheduled, regardless of whether the product has been used or installed.
3. Removal or tampering with the barcode, serial number, or packaging information will void any warranty claims.
4. The original packaging (box), whether for new or used items, is mandatory for all warranty claims.
5. All used items are subject to a limited warranty; defects such as dead, damaged, or burned components are not covered.
6. The Company reserves the right to refuse any warranty claim in cases of late or unpaid invoices.
7. Under local warranty, valid customer claims will be processed without additional charges and may require a reasonable processing period.
8. External factors such as vendor delays, shipping disruptions or unusual national circumstances are beyond our control.",500.0,890.0,,,,,,HyperX Cloud flight Wireless headphone - open box,15 days warranty,1,0.0,0.0,6000.0,,6500.0,8.884630000000187e+18,,,,,False,False,False,False,False,False,False,False,False,False,False,False,False,False,False,False,False,,,,,,,,,,,,,,,,,,,010000002966,,,0.0,,,,,,,,,,,,Sales,,,,,,,
2026-08-07,8884630000001201781,INV-000237,,2026-08-08,Closed,8884630000000232003,Customer D,,False,2026-08-07,,PKR,1.0,entity_level,True,Compact,0.0,200.0,200.0,0.0,0.0,0.0,0.0,Adjustment,,2026-08-16,0,Due on Receipt,0.0,0.0,,"Thanks for your business. For any assistance, please feel free to contact us.","1. The Company is not responsible for any damage incurred during transportation, whether via local delivery or cargo services.
2. The warranty period shall commence and expire as scheduled, regardless of whether the product has been used or installed.
3. Removal or tampering with the barcode, serial number, or packaging information will void any warranty claims.
4. The original packaging (box), whether for new or used items, is mandatory for all warranty claims.
5. All used items are subject to a limited warranty; defects such as dead, damaged, or burned components are not covered.
6. The Company reserves the right to refuse any warranty claim in cases of late or unpaid invoices.
7. Under local warranty, valid customer claims will be processed without additional charges and may require a reasonable processing period.
8. External factors such as vendor delays, shipping disruptions or unusual national circumstances are beyond our control.",50.0,0.0,,,,,,Keyboard Silon Cover,Afnan,1,0.0,0.0,200.0,,250.0,8.884630000000124e+18,,,,,False,False,False,False,False,False,False,False,False,False,False,False,False,False,False,False,False,,,,,,,,,,,,,,,,,,,010000000412,,,0.0,,,,,,,,,,,,Sales,,,,,,,
2026-08-08,8884630000001208012,INV-000238,,2026-08-08,Closed,8884630000000442076,Customer A,,False,2026-08-08,,PKR,1.0,entity_level,True,Compact,0.0,500.0,500.0,0.0,0.0,0.0,0.0,Adjustment,,2026-08-08,0,Due on Receipt,0.0,0.0,,"Thanks for your business. For any assistance, please feel free to contact us.","1. The Company is not responsible for any damage incurred during transportation, whether via local delivery or cargo services.
2. The warranty period shall commence and expire as scheduled, regardless of whether the product has been used or installed.
3. Removal or tampering with the barcode, serial number, or packaging information will void any warranty claims.
4. The original packaging (box), whether for new or used items, is mandatory for all warranty claims.
5. All used items are subject to a limited warranty; defects such as dead, damaged, or burned components are not covered.
6. The Company reserves the right to refuse any warranty claim in cases of late or unpaid invoices.
7. Under local warranty, valid customer claims will be processed without additional charges and may require a reasonable processing period.
8. External factors such as vendor delays, shipping disruptions or unusual national circumstances are beyond our control.",0.0,0.0,,,,,,Yellow USB Hub,,1,0.0,0.0,500.0,,500.0,8.884630000000125e+18,,,,,False,False,False,False,False,False,False,False,False,False,False,False,False,False,False,False,False,,,,,,,,,,,,,,,,,,,010000000665,,,0.0,,,,,,,,,,,,Sales,,,,,,,
2026-08-08,8884630000001208372,INV-000239,,2026-08-08,Closed,8884630000000442076,Customer A,,False,2026-08-08,,PKR,1.0,entity_level,True,Compact,0.0,4100.0,4100.0,0.0,0.0,0.0,0.0,Adjustment,,2026-08-08,0,Due on Receipt,0.0,0.0,,"Thanks for your business. For any assistance, please feel free to contact us.","1. The Company is not responsible for any damage incurred during transportation, whether via local delivery or cargo services.
2. The warranty period shall commence and expire as scheduled, regardless of whether the product has been used or installed.
3. Removal or tampering with the barcode, serial number, or packaging information will void any warranty claims.
4. The original packaging (box), whether for new or used items, is mandatory for all warranty claims.
5. All used items are subject to a limited warranty; defects such as dead, damaged, or burned components are not covered.
6. The Company reserves the right to refuse any warranty claim in cases of late or unpaid invoices.
7. Under local warranty, valid customer claims will be processed without additional charges and may require a reasonable processing period.
8. External factors such as vendor delays, shipping disruptions or unusual national circumstances are beyond our control.",250.0,0.0,,,,,,Laptop Repair,,1,0.0,0.0,848.28,,900.0,8.884630000000976e+18,,,,,False,False,False,False,False,False,False,False,False,False,False,False,False,False,False,False,False,,,,,,,,,,,,,,,,,,,laptopsvc,,,0.0,,,,,,,,,,,,Sales,,,,,,,
2026-08-08,8884630000001208372,INV-000239,,2026-08-08,Closed,8884630000000442076,Customer A,,False,2026-08-08,,PKR,1.0,entity_level,True,Compact,0.0,4100.0,4100.0,0.0,0.0,0.0,0.0,Adjustment,,2026-08-08,0,Due on Receipt,0.0,0.0,,"Thanks for your business. For any assistance, please feel free to contact us.","1. The Company is not responsible for any damage incurred during transportation, whether via local delivery or cargo services.
2. The warranty period shall commence and expire as scheduled, regardless of whether the product has been used or installed.
3. Removal or tampering with the barcode, serial number, or packaging information will void any warranty claims.
4. The original packaging (box), whether for new or used items, is mandatory for all warranty claims.
5. All used items are subject to a limited warranty; defects such as dead, damaged, or burned components are not covered.
6. The Company reserves the right to refuse any warranty claim in cases of late or unpaid invoices.
7. Under local warranty, valid customer claims will be processed without additional charges and may require a reasonable processing period.
8. External factors such as vendor delays, shipping disruptions or unusual national circumstances are beyond our control.",250.0,0.0,,,,,,Lenovo TypeC 45W Laptop Charger,,1,0.0,0.0,2827.59,,3000.0,8.88463000000108e+18,,,,,False,False,False,False,False,False,False,False,False,False,False,False,False,False,False,False,False,,,,,,,,,,,,,,,,,,,864732642,,,0.0,,,,,,,,,,,,Sales,,,,,,,
2026-08-08,8884630000001208372,INV-000239,,2026-08-08,Closed,8884630000000442076,Customer A,,False,2026-08-08,,PKR,1.0,entity_level,True,Compact,0.0,4100.0,4100.0,0.0,0.0,0.0,0.0,Adjustment,,2026-08-08,0,Due on Receipt,0.0,0.0,,"Thanks for your business. For any assistance, please feel free to contact us.","1. The Company is not responsible for any damage incurred during transportation, whether via local delivery or cargo services.
2. The warranty period shall commence and expire as scheduled, regardless of whether the product has been used or installed.
3. Removal or tampering with the barcode, serial number, or packaging information will void any warranty claims.
4. The original packaging (box), whether for new or used items, is mandatory for all warranty claims.
5. All used items are subject to a limited warranty; defects such as dead, damaged, or burned components are not covered.
6. The Company reserves the right to refuse any warranty claim in cases of late or unpaid invoices.
7. Under local warranty, valid customer claims will be processed without additional charges and may require a reasonable processing period.
8. External factors such as vendor delays, shipping disruptions or unusual national circumstances are beyond our control.",250.0,0.0,,,,,,Laptop Power Cable (2 Pronged),,1,0.0,0.0,424.13,,450.0,8.884630000001193e+18,,,,,False,False,False,False,False,False,False,False,False,False,False,False,False,False,False,False,False,,,,,,,,,,,,,,,,,,,5754364323,,,0.0,,,,,,,,,,,,Sales,,,,,,,
2026-08-08,8884630000001216001,INV-000240,,2026-08-08,Closed,8884630000000240143,Customer H,,False,2026-08-08,,PKR,1.0,entity_level,True,Compact,0.0,52000.0,52000.0,0.0,0.0,0.0,0.0,Adjustment,,2026-08-10,0,Due on Receipt,0.0,0.0,,"Thanks for your business. For any assistance, please feel free to contact us.","1. The Company is not responsible for any damage incurred during transportation, whether via local delivery or cargo services.
2. The warranty period shall commence and expire as scheduled, regardless of whether the product has been used or installed.
3. Removal or tampering with the barcode, serial number, or packaging information will void any warranty claims.
4. The original packaging (box), whether for new or used items, is mandatory for all warranty claims.
5. All used items are subject to a limited warranty; defects such as dead, damaged, or burned components are not covered.
6. The Company reserves the right to refuse any warranty claim in cases of late or unpaid invoices.
7. Under local warranty, valid customer claims will be processed without additional charges and may require a reasonable processing period.
8. External factors such as vendor delays, shipping disruptions or unusual national circumstances are beyond our control.",0.0,0.0,,,,,,Lexar single 16GB 5600MHz DDR5 Ram,10 months warranty,1,0.0,0.0,52000.0,,52000.0,8.884630000001066e+18,,,,,False,False,False,False,False,False,False,False,False,False,False,False,False,False,False,False,False,,,,,,,,,,,,,,,,,,,100005072,,,0.0,,,,,,,,,,,,Sales,,,,,,,
2026-08-08,8884630000001208412,INV-000241,,2026-08-08,Closed,8884630000000302016,Customer A,,False,2026-08-08,,PKR,1.0,entity_level,True,Compact,0.0,2000.0,2000.0,0.0,0.0,0.0,0.0,Adjustment,,2026-08-08,0,Due on Receipt,0.0,0.0,,"Thanks for your business. For any assistance, please feel free to contact us.","1. The Company is not responsible for any damage incurred during transportation, whether via local delivery or cargo services.
2. The warranty period shall commence and expire as scheduled, regardless of whether the product has been used or installed.
3. Removal or tampering with the barcode, serial number, or packaging information will void any warranty claims.
4. The original packaging (box), whether for new or used items, is mandatory for all warranty claims.
5. All used items are subject to a limited warranty; defects such as dead, damaged, or burned components are not covered.
6. The Company reserves the right to refuse any warranty claim in cases of late or unpaid invoices.
7. Under local warranty, valid customer claims will be processed without additional charges and may require a reasonable processing period.
8. External factors such as vendor delays, shipping disruptions or unusual national circumstances are beyond our control.",0.0,0.0,,,,,,R7 Mp,,1,0.0,0.0,500.0,,500.0,8.884630000000454e+18,,,,,False,False,False,False,False,False,False,False,False,False,False,False,False,False,False,False,False,,,,,,,,,,,,,,,,,,,010000004861,,,0.0,,,,,,,,,,,,Sales,,,,,,,
2026-08-08,8884630000001208412,INV-000241,,2026-08-08,Closed,8884630000000302016,Customer A,,False,2026-08-08,,PKR,1.0,entity_level,True,Compact,0.0,2000.0,2000.0,0.0,0.0,0.0,0.0,Adjustment,,2026-08-08,0,Due on Receipt,0.0,0.0,,"Thanks for your business. For any assistance, please feel free to contact us.","1. The Company is not responsible for any damage incurred during transportation, whether via local delivery or cargo services.
2. The warranty period shall commence and expire as scheduled, regardless of whether the product has been used or installed.
3. Removal or tampering with the barcode, serial number, or packaging information will void any warranty claims.
4. The original packaging (box), whether for new or used items, is mandatory for all warranty claims.
5. All used items are subject to a limited warranty; defects such as dead, damaged, or burned components are not covered.
6. The Company reserves the right to refuse any warranty claim in cases of late or unpaid invoices.
7. Under local warranty, valid customer claims will be processed without additional charges and may require a reasonable processing period.
8. External factors such as vendor delays, shipping disruptions or unusual national circumstances are beyond our control.",0.0,0.0,,,,,,Ugreen 20162 CAT6 LAN 5M Cable,,1,0.0,0.0,1500.0,,1500.0,8.884630000000142e+18,,,,,False,False,False,False,False,False,False,False,False,False,False,False,False,False,False,False,False,,,,,,,,,,,,,,,,,,,010000000344,,,0.0,,,,,,,,,,,,Sales,,,,,,,
2026-08-09,8884630000001225056,INV-000242,,2026-08-09,Closed,8884630000001225047,Customer J,,False,2026-08-09,,PKR,1.0,entity_level,True,Compact,0.0,2000.0,2000.0,0.0,0.0,0.0,0.0,Adjustment,,2026-08-09,0,Due on Receipt,0.0,0.0,,"Thanks for your business. For any assistance, please feel free to contact us.","1. The Company is not responsible for any damage incurred during transportation, whether via local delivery or cargo services.
2. The warranty period shall commence and expire as scheduled, regardless of whether the product has been used or installed.
3. Removal or tampering with the barcode, serial number, or packaging information will void any warranty claims.
4. The original packaging (box), whether for new or used items, is mandatory for all warranty claims.
5. All used items are subject to a limited warranty; defects such as dead, damaged, or burned components are not covered.
6. The Company reserves the right to refuse any warranty claim in cases of late or unpaid invoices.
7. Under local warranty, valid customer claims will be processed without additional charges and may require a reasonable processing period.
8. External factors such as vendor delays, shipping disruptions or unusual national circumstances are beyond our control.",0.0,0.0,,,,,,Dell 65W Laptop Charger,,1,0.0,0.0,2000.0,,2000.0,8.884630000001193e+18,,,,,False,False,False,False,False,False,False,False,False,False,False,False,False,False,False,False,False,,,,,,,,,,,,,,,,,,,323453653465421,,,0.0,,,,,,,,,,,,Sales,,,,,,,
2026-08-09,8884630000001225103,INV-000243,,2026-08-09,Closed,8884630000001225094,Customer K,,False,2026-08-09,,PKR,1.0,entity_level,True,Compact,0.0,1100.0,1100.0,0.0,0.0,0.0,0.0,Adjustment,,2026-08-09,0,Due on Receipt,0.0,0.0,,"Thanks for your business. For any assistance, please feel free to contact us.","1. The Company is not responsible for any damage incurred during transportation, whether via local delivery or cargo services.
2. The warranty period shall commence and expire as scheduled, regardless of whether the product has been used or installed.
3. Removal or tampering with the barcode, serial number, or packaging information will void any warranty claims.
4. The original packaging (box), whether for new or used items, is mandatory for all warranty claims.
5. All used items are subject to a limited warranty; defects such as dead, damaged, or burned components are not covered.
6. The Company reserves the right to refuse any warranty claim in cases of late or unpaid invoices.
7. Under local warranty, valid customer claims will be processed without additional charges and may require a reasonable processing period.
8. External factors such as vendor delays, shipping disruptions or unusual national circumstances are beyond our control.",0.0,0.0,,,,,,Redragon BM4049 Wired Mouse,,1,0.0,0.0,1100.0,,1100.0,8.884630000000598e+18,,,,,False,False,False,False,False,False,False,False,False,False,False,False,False,False,False,False,False,,,,,,,,,,,,,,,,,,,010000005363,,,0.0,,,,,,,,,,,,Sales,,,,,,,
2026-08-09,8884630000001225141,INV-000244,,2026-08-09,Closed,8884630000000442076,Customer A,,False,2026-08-09,,PKR,1.0,entity_level,True,Compact,0.0,2200.0,2200.0,0.0,0.0,0.0,0.0,Adjustment,,2026-08-09,0,Due on Receipt,0.0,0.0,,"Thanks for your business. For any assistance, please feel free to contact us.","1. The Company is not responsible for any damage incurred during transportation, whether via local delivery or cargo services.
2. The warranty period shall commence and expire as scheduled, regardless of whether the product has been used or installed.
3. Removal or tampering with the barcode, serial number, or packaging information will void any warranty claims.
4. The original packaging (box), whether for new or used items, is mandatory for all warranty claims.
5. All used items are subject to a limited warranty; defects such as dead, damaged, or burned components are not covered.
6. The Company reserves the right to refuse any warranty claim in cases of late or unpaid invoices.
7. Under local warranty, valid customer claims will be processed without additional charges and may require a reasonable processing period.
8. External factors such as vendor delays, shipping disruptions or unusual national circumstances are beyond our control.",0.0,0.0,,,,,,Hawk 211 Laptop Cooling Stand,Check warranty,1,0.0,0.0,2200.0,,2200.0,8.884630000000124e+18,,,,,False,False,False,False,False,False,False,False,False,False,False,False,False,False,False,False,False,,,,,,,,,,,,,,,,,,,010000000573,,,0.0,,,,,,,,,,,,Sales,,,,,,,
2026-08-09,8884630000001225184,INV-000245,,2026-08-09,Closed,8884630000000442076,Customer A,,False,2026-08-09,,PKR,1.0,entity_level,True,Compact,0.0,500.0,500.0,0.0,0.0,0.0,0.0,Adjustment,,2026-08-09,0,Due on Receipt,0.0,0.0,,"Thanks for your business. For any assistance, please feel free to contact us.","1. The Company is not responsible for any damage incurred during transportation, whether via local delivery or cargo services.
2. The warranty period shall commence and expire as scheduled, regardless of whether the product has been used or installed.
3. Removal or tampering with the barcode, serial number, or packaging information will void any warranty claims.
4. The original packaging (box), whether for new or used items, is mandatory for all warranty claims.
5. All used items are subject to a limited warranty; defects such as dead, damaged, or burned components are not covered.
6. The Company reserves the right to refuse any warranty claim in cases of late or unpaid invoices.
7. Under local warranty, valid customer claims will be processed without additional charges and may require a reasonable processing period.
8. External factors such as vendor delays, shipping disruptions or unusual national circumstances are beyond our control.",0.0,0.0,,,,,,Laptop Repair,,1,0.0,0.0,500.0,,500.0,8.884630000000976e+18,,,,,False,False,False,False,False,False,False,False,False,False,False,False,False,False,False,False,False,,,,,,,,,,,,,,,,,,,laptopsvc,,,0.0,,,,,,,,,,,,Sales,,,,,,,
2026-08-10,8884630000001227010,INV-000246,,2026-08-10,Closed,8884630000001227001,Customer L,,False,2026-08-10,,PKR,1.0,entity_level,True,Compact,0.0,3950.0,3950.0,0.0,0.0,0.0,0.0,Adjustment,,2026-08-16,0,Due on Receipt,0.0,0.0,,"Thanks for your business. For any assistance, please feel free to contact us.","1. The Company is not responsible for any damage incurred during transportation, whether via local delivery or cargo services.
2. The warranty period shall commence and expire as scheduled, regardless of whether the product has been used or installed.
3. Removal or tampering with the barcode, serial number, or packaging information will void any warranty claims.
4. The original packaging (box), whether for new or used items, is mandatory for all warranty claims.
5. All used items are subject to a limited warranty; defects such as dead, damaged, or burned components are not covered.
6. The Company reserves the right to refuse any warranty claim in cases of late or unpaid invoices.
7. Under local warranty, valid customer claims will be processed without additional charges and may require a reasonable processing period.
8. External factors such as vendor delays, shipping disruptions or unusual national circumstances are beyond our control.",880.0,0.0,,,,,,Ugreen 35574 4port 3.0 USB hub,1 month warranty,1,0.0,0.0,2330.75,,2850.0,8.884630000000194e+18,,,,,False,False,False,False,False,False,False,False,False,False,False,False,False,False,False,False,False,,,,,,,,,,,,,,,,,,,010000003178,,,0.0,,,,,,,,,,,,Sales,,,,,,,
2026-08-10,8884630000001227010,INV-000246,,2026-08-10,Closed,8884630000001227001,Customer L,,False,2026-08-10,,PKR,1.0,entity_level,True,Compact,0.0,3950.0,3950.0,0.0,0.0,0.0,0.0,Adjustment,,2026-08-16,0,Due on Receipt,0.0,0.0,,"Thanks for your business. For any assistance, please feel free to contact us.","1. The Company is not responsible for any damage incurred during transportation, whether via local delivery or cargo services.
2. The warranty period shall commence and expire as scheduled, regardless of whether the product has been used or installed.
3. Removal or tampering with the barcode, serial number, or packaging information will void any warranty claims.
4. The original packaging (box), whether for new or used items, is mandatory for all warranty claims.
5. All used items are subject to a limited warranty; defects such as dead, damaged, or burned components are not covered.
6. The Company reserves the right to refuse any warranty claim in cases of late or unpaid invoices.
7. Under local warranty, valid customer claims will be processed without additional charges and may require a reasonable processing period.
8. External factors such as vendor delays, shipping disruptions or unusual national circumstances are beyond our control.",880.0,0.0,,,,,,Redragon BM2466 wireless mouse,,1,0.0,0.0,1144.93,,1400.0,8.884630000000597e+18,,,,,False,False,False,False,False,False,False,False,False,False,False,False,False,False,False,False,False,,,,,,,,,,,,,,,,,,,010000005356,,,0.0,,,,,,,,,,,,Sales,,,,,,,
2026-08-10,8884630000001227010,INV-000246,,2026-08-10,Closed,8884630000001227001,Customer L,,False,2026-08-10,,PKR,1.0,entity_level,True,Compact,0.0,3950.0,3950.0,0.0,0.0,0.0,0.0,Adjustment,,2026-08-16,0,Due on Receipt,0.0,0.0,,"Thanks for your business. For any assistance, please feel free to contact us.","1. The Company is not responsible for any damage incurred during transportation, whether via local delivery or cargo services.
2. The warranty period shall commence and expire as scheduled, regardless of whether the product has been used or installed.
3. Removal or tampering with the barcode, serial number, or packaging information will void any warranty claims.
4. The original packaging (box), whether for new or used items, is mandatory for all warranty claims.
5. All used items are subject to a limited warranty; defects such as dead, damaged, or burned components are not covered.
6. The Company reserves the right to refuse any warranty claim in cases of late or unpaid invoices.
7. Under local warranty, valid customer claims will be processed without additional charges and may require a reasonable processing period.
8. External factors such as vendor delays, shipping disruptions or unusual national circumstances are beyond our control.",880.0,0.0,,,,,,Sound Card 5.1 Virtual,,1,0.0,0.0,310.77,,380.0,8.884630000000125e+18,,,,,False,False,False,False,False,False,False,False,False,False,False,False,False,False,False,False,False,,,,,,,,,,,,,,,,,,,010000000610,,,0.0,,,,,,,,,,,,Sales,,,,,,,
2026-08-10,8884630000001227010,INV-000246,,2026-08-10,Closed,8884630000001227001,Customer L,,False,2026-08-10,,PKR,1.0,entity_level,True,Compact,0.0,3950.0,3950.0,0.0,0.0,0.0,0.0,Adjustment,,2026-08-16,0,Due on Receipt,0.0,0.0,,"Thanks for your business. For any assistance, please feel free to contact us.","1. The Company is not responsible for any damage incurred during transportation, whether via local delivery or cargo services.
2. The warranty period shall commence and expire as scheduled, regardless of whether the product has been used or installed.
3. Removal or tampering with the barcode, serial number, or packaging information will void any warranty claims.
4. The original packaging (box), whether for new or used items, is mandatory for all warranty claims.
5. All used items are subject to a limited warranty; defects such as dead, damaged, or burned components are not covered.
6. The Company reserves the right to refuse any warranty claim in cases of late or unpaid invoices.
7. Under local warranty, valid customer claims will be processed without additional charges and may require a reasonable processing period.
8. External factors such as vendor delays, shipping disruptions or unusual national circumstances are beyond our control.",880.0,0.0,,,,,,Camelion AA 2 battery cell,,1,0.0,0.0,163.55,,200.0,8.884630000000187e+18,,,,,False,False,False,False,False,False,False,False,False,False,False,False,False,False,False,False,False,,,,,,,,,,,,,,,,,,,010000000023,,,0.0,,,,,,,,,,,,Sales,,,,,,,
2026-08-10,8884630000001227156,INV-000247,,2026-08-10,Closed,8884630000000442076,Customer A,,False,2026-08-10,,PKR,1.0,entity_level,True,Compact,0.0,400.0,400.0,0.0,0.0,0.0,0.0,Adjustment,,2026-08-10,0,Due on Receipt,0.0,0.0,,"Thanks for your business. For any assistance, please feel free to contact us.","1. The Company is not responsible for any damage incurred during transportation, whether via local delivery or cargo services.
2. The warranty period shall commence and expire as scheduled, regardless of whether the product has been used or installed.
3. Removal or tampering with the barcode, serial number, or packaging information will void any warranty claims.
4. The original packaging (box), whether for new or used items, is mandatory for all warranty claims.
5. All used items are subject to a limited warranty; defects such as dead, damaged, or burned components are not covered.
6. The Company reserves the right to refuse any warranty claim in cases of late or unpaid invoices.
7. Under local warranty, valid customer claims will be processed without additional charges and may require a reasonable processing period.
8. External factors such as vendor delays, shipping disruptions or unusual national circumstances are beyond our control.",0.0,0.0,,,,,,Computer Service,,1,0.0,0.0,400.0,,400.0,8.884630000000208e+18,,,,,False,False,False,False,False,False,False,False,False,False,False,False,False,False,False,False,False,,,,,,,,,,,,,,,,,,,pcservice,,,0.0,,,,,,,,,,,,Sales,,,,,,,
2026-08-10,8884630000001234001,INV-000248,,2026-08-10,Closed,8884630000000240143,Customer H,,False,2026-08-10,,PKR,1.0,entity_level,True,Compact,0.0,65000.0,65000.0,0.0,0.0,0.0,0.0,Adjustment,,2026-08-10,0,Due on Receipt,0.0,0.0,,"Thanks for your business. For any assistance, please feel free to contact us.","1. The Company is not responsible for any damage incurred during transportation, whether via local delivery or cargo services.
2. The warranty period shall commence and expire as scheduled, regardless of whether the product has been used or installed.
3. Removal or tampering with the barcode, serial number, or packaging information will void any warranty claims.
4. The original packaging (box), whether for new or used items, is mandatory for all warranty claims.
5. All used items are subject to a limited warranty; defects such as dead, damaged, or burned components are not covered.
6. The Company reserves the right to refuse any warranty claim in cases of late or unpaid invoices.
7. Under local warranty, valid customer claims will be processed without additional charges and may require a reasonable processing period.
8. External factors such as vendor delays, shipping disruptions or unusual national circumstances are beyond our control.",0.0,0.0,,,,,,Gigabyte Eagle tri RX 6600XT 8gb GPU - used,15 days warranty,1,0.0,0.0,65000.0,,65000.0,8.884630000000187e+18,,,,,False,False,False,False,False,False,False,False,False,False,False,False,False,False,False,False,False,,,,,,,,,,,,,,,,,,,010000002409,,,0.0,,,,,,,,,,,,Sales,,,,,,,
2026-08-10,8884630000001227214,INV-000249,,2026-08-10,Closed,8884630000000442076,Customer A,,False,2026-08-10,,PKR,1.0,entity_level,True,Compact,0.0,1500.0,1500.0,0.0,0.0,0.0,0.0,Adjustment,,2026-08-10,0,Due on Receipt,0.0,0.0,,"Thanks for your business. For any assistance, please feel free to contact us.","1. The Company is not responsible for any damage incurred during transportation, whether via local delivery or cargo services.
2. The warranty period shall commence and expire as scheduled, regardless of whether the product has been used or installed.
3. Removal or tampering with the barcode, serial number, or packaging information will void any warranty claims.
4. The original packaging (box), whether for new or used items, is mandatory for all warranty claims.
5. All used items are subject to a limited warranty; defects such as dead, damaged, or burned components are not covered.
6. The Company reserves the right to refuse any warranty claim in cases of late or unpaid invoices.
7. Under local warranty, valid customer claims will be processed without additional charges and may require a reasonable processing period.
8. External factors such as vendor delays, shipping disruptions or unusual national circumstances are beyond our control.",0.0,0.0,,,,,,SpeedX VGA to HDMI converter,,1,0.0,0.0,1500.0,,1500.0,8.884630000000359e+18,,,,,False,False,False,False,False,False,False,False,False,False,False,False,False,False,False,False,False,,,,,,,,,,,,,,,,,,,010000004496,,,0.0,,,,,,,,,,,,Sales,,,,,,,
2026-08-10,8884630000001227252,INV-000250,,2026-08-10,Closed,8884630000000442076,Customer A,,False,2026-08-10,,PKR,1.0,entity_level,True,Compact,0.0,400.0,400.0,0.0,0.0,0.0,0.0,Adjustment,,2026-08-10,0,Due on Receipt,0.0,0.0,,"Thanks for your business. For any assistance, please feel free to contact us.","1. The Company is not responsible for any damage incurred during transportation, whether via local delivery or cargo services.
2. The warranty period shall commence and expire as scheduled, regardless of whether the product has been used or installed.
3. Removal or tampering with the barcode, serial number, or packaging information will void any warranty claims.
4. The original packaging (box), whether for new or used items, is mandatory for all warranty claims.
5. All used items are subject to a limited warranty; defects such as dead, damaged, or burned components are not covered.
6. The Company reserves the right to refuse any warranty claim in cases of late or unpaid invoices.
7. Under local warranty, valid customer claims will be processed without additional charges and may require a reasonable processing period.
8. External factors such as vendor delays, shipping disruptions or unusual national circumstances are beyond our control.",100.0,0.0,,,,,,Computer Service,,1,0.0,0.0,400.0,,500.0,8.884630000000208e+18,,,,,False,False,False,False,False,False,False,False,False,False,False,False,False,False,False,False,False,,,,,,,,,,,,,,,,,,,pcservice,,,0.0,,,,,,,,,,,,Sales,,,,,,,
2026-08-10,8884630000001227296,INV-000251,,2026-08-10,Closed,8884630000000442076,Customer A,,False,2026-08-10,,PKR,1.0,entity_level,True,Compact,0.0,250.0,250.0,0.0,0.0,0.0,0.0,Adjustment,,2026-08-10,0,Due on Receipt,0.0,0.0,,"Thanks for your business. For any assistance, please feel free to contact us.","1. The Company is not responsible for any damage incurred during transportation, whether via local delivery or cargo services.
2. The warranty period shall commence and expire as scheduled, regardless of whether the product has been used or installed.
3. Removal or tampering with the barcode, serial number, or packaging information will void any warranty claims.
4. The original packaging (box), whether for new or used items, is mandatory for all warranty claims.
5. All used items are subject to a limited warranty; defects such as dead, damaged, or burned components are not covered.
6. The Company reserves the right to refuse any warranty claim in cases of late or unpaid invoices.
7. Under local warranty, valid customer claims will be processed without additional charges and may require a reasonable processing period.
8. External factors such as vendor delays, shipping disruptions or unusual national circumstances are beyond our control.",0.0,0.0,,,,,,login L1947 Data Cable Micro 1m white,,1,0.0,0.0,250.0,,250.0,8.884630000000602e+18,,,,,False,False,False,False,False,False,False,False,False,False,False,False,False,False,False,False,False,,,,,,,,,,,,,,,,,,,010000005240,,,0.0,,,,,,,,,,,,Sales,,,,,,,
2026-08-10,8884630000001227334,INV-000252,,2026-08-10,Closed,8884630000000442076,Customer A,,False,2026-08-10,,PKR,1.0,entity_level,True,Compact,0.0,500.0,500.0,0.0,0.0,0.0,0.0,Adjustment,,2026-08-10,0,Due on Receipt,0.0,0.0,,"Thanks for your business. For any assistance, please feel free to contact us.","1. The Company is not responsible for any damage incurred during transportation, whether via local delivery or cargo services.
2. The warranty period shall commence and expire as scheduled, regardless of whether the product has been used or installed.
3. Removal or tampering with the barcode, serial number, or packaging information will void any warranty claims.
4. The original packaging (box), whether for new or used items, is mandatory for all warranty claims.
5. All used items are subject to a limited warranty; defects such as dead, damaged, or burned components are not covered.
6. The Company reserves the right to refuse any warranty claim in cases of late or unpaid invoices.
7. Under local warranty, valid customer claims will be processed without additional charges and may require a reasonable processing period.
8. External factors such as vendor delays, shipping disruptions or unusual national circumstances are beyond our control.",0.0,0.0,,,,,,PC Bluetooth Device 5.3,,1,0.0,0.0,500.0,,500.0,8.884630000000125e+18,,,,,False,False,False,False,False,False,False,False,False,False,False,False,False,False,False,False,False,,,,,,,,,,,,,,,,,,,010000000627,,,0.0,,,,,,,,,,,,Sales,,,,,,,
2026-08-10,8884630000001227372,INV-000253,,2026-08-10,Closed,8884630000000302016,Customer A,,False,2026-08-10,,PKR,1.0,entity_level,True,Compact,0.0,6000.0,6000.0,0.0,0.0,0.0,0.0,Adjustment,,2026-08-10,0,Due on Receipt,0.0,0.0,,"Thanks for your business. For any assistance, please feel free to contact us.","1. The Company is not responsible for any damage incurred during transportation, whether via local delivery or cargo services.
2. The warranty period shall commence and expire as scheduled, regardless of whether the product has been used or installed.
3. Removal or tampering with the barcode, serial number, or packaging information will void any warranty claims.
4. The original packaging (box), whether for new or used items, is mandatory for all warranty claims.
5. All used items are subject to a limited warranty; defects such as dead, damaged, or burned components are not covered.
6. The Company reserves the right to refuse any warranty claim in cases of late or unpaid invoices.
7. Under local warranty, valid customer claims will be processed without additional charges and may require a reasonable processing period.
8. External factors such as vendor delays, shipping disruptions or unusual national circumstances are beyond our control.",0.0,0.0,,,,,,Bloody GPW50 Sports Red Controller,1 month warranty,1,0.0,0.0,6000.0,,6000.0,8.884630000000144e+18,,,,,False,False,False,False,False,False,False,False,False,False,False,False,False,False,False,False,False,,,,,,,,,,,,,,,,,,,010000000757,,,0.0,,,,,,,,,,,,Sales,,,,,,,
2026-08-11,8884630000001237015,INV-000254,,2026-08-11,Closed,8884630000000442076,Customer A,,False,2026-08-11,,PKR,1.0,entity_level,True,Compact,0.0,750.0,750.0,0.0,0.0,0.0,0.0,Adjustment,,2026-08-11,0,Due on Receipt,0.0,0.0,,"Thanks for your business. For any assistance, please feel free to contact us.","1. The Company is not responsible for any damage incurred during transportation, whether via local delivery or cargo services.
2. The warranty period shall commence and expire as scheduled, regardless of whether the product has been used or installed.
3. Removal or tampering with the barcode, serial number, or packaging information will void any warranty claims.
4. The original packaging (box), whether for new or used items, is mandatory for all warranty claims.
5. All used items are subject to a limited warranty; defects such as dead, damaged, or burned components are not covered.
6. The Company reserves the right to refuse any warranty claim in cases of late or unpaid invoices.
7. Under local warranty, valid customer claims will be processed without additional charges and may require a reasonable processing period.
8. External factors such as vendor delays, shipping disruptions or unusual national circumstances are beyond our control.",0.0,0.0,,,,,,login L901 Data Cable PD to lightning (typeC to IOS) 1.2m White ORIV,,1,0.0,0.0,750.0,,750.0,8.884630000000966e+18,,,,,False,False,False,False,False,False,False,False,False,False,False,False,False,False,False,False,False,,,,,,,,,,,,,,,,,,,100005008,,,0.0,,,,,,,,,,,,Sales,,,,,,,
2026-08-11,8884630000001237169,INV-000255,,2026-08-11,Closed,8884630000000232003,Customer D,,False,2026-08-11,,PKR,1.0,entity_level,True,Compact,0.0,3000.0,3000.0,0.0,0.0,0.0,0.0,Adjustment,,2026-08-11,0,Due on Receipt,0.0,0.0,,"Thanks for your business. For any assistance, please feel free to contact us.","1. The Company is not responsible for any damage incurred during transportation, whether via local delivery or cargo services.
2. The warranty period shall commence and expire as scheduled, regardless of whether the product has been used or installed.
3. Removal or tampering with the barcode, serial number, or packaging information will void any warranty claims.
4. The original packaging (box), whether for new or used items, is mandatory for all warranty claims.
5. All used items are subject to a limited warranty; defects such as dead, damaged, or burned components are not covered.
6. The Company reserves the right to refuse any warranty claim in cases of late or unpaid invoices.
7. Under local warranty, valid customer claims will be processed without additional charges and may require a reasonable processing period.
8. External factors such as vendor delays, shipping disruptions or unusual national circumstances are beyond our control.",300.0,0.0,,,,,,Kingston 16GB USB,Dr. Abi,2,0.0,0.0,3000.0,,1650.0,8.884630000001193e+18,,,,,False,False,False,False,False,False,False,False,False,False,False,False,False,False,False,False,False,,,,,,,,,,,,,,,,,,,23489823,,,0.0,,,,,,,,,,,,Sales,,,,,,,
2026-08-11,8884630000001237220,INV-000256,,2026-08-11,Closed,8884630000000442076,Customer A,,False,2026-08-11,,PKR,1.0,entity_level,True,Compact,0.0,800.0,800.0,0.0,0.0,0.0,0.0,Adjustment,,2026-08-11,0,Due on Receipt,0.0,0.0,,"Thanks for your business. For any assistance, please feel free to contact us.","1. The Company is not responsible for any damage incurred during transportation, whether via local delivery or cargo services.
2. The warranty period shall commence and expire as scheduled, regardless of whether the product has been used or installed.
3. Removal or tampering with the barcode, serial number, or packaging information will void any warranty claims.
4. The original packaging (box), whether for new or used items, is mandatory for all warranty claims.
5. All used items are subject to a limited warranty; defects such as dead, damaged, or burned components are not covered.
6. The Company reserves the right to refuse any warranty claim in cases of late or unpaid invoices.
7. Under local warranty, valid customer claims will be processed without additional charges and may require a reasonable processing period.
8. External factors such as vendor delays, shipping disruptions or unusual national circumstances are beyond our control.",0.0,0.0,,,,,,Software Installation,MS Windows + 300GB data backup,1,0.0,0.0,800.0,,800.0,8.884630000000204e+18,,,,,False,False,False,False,False,False,False,False,False,False,False,False,False,False,False,False,False,,,,,,,,,,,,,,,,,,,SI-2026,,,0.0,,,,,,,,,,,,Sales,,,,,,,
2026-08-11,8884630000001237234,INV-000257,,2026-08-11,Closed,8884630000000442076,Customer A,,False,2026-08-11,,PKR,1.0,entity_level,True,Compact,0.0,500.0,500.0,0.0,0.0,0.0,0.0,Adjustment,,2026-08-11,0,Due on Receipt,0.0,0.0,,"Thanks for your business. For any assistance, please feel free to contact us.","1. The Company is not responsible for any damage incurred during transportation, whether via local delivery or cargo services.
2. The warranty period shall commence and expire as scheduled, regardless of whether the product has been used or installed.
3. Removal or tampering with the barcode, serial number, or packaging information will void any warranty claims.
4. The original packaging (box), whether for new or used items, is mandatory for all warranty claims.
5. All used items are subject to a limited warranty; defects such as dead, damaged, or burned components are not covered.
6. The Company reserves the right to refuse any warranty claim in cases of late or unpaid invoices.
7. Under local warranty, valid customer claims will be processed without additional charges and may require a reasonable processing period.
8. External factors such as vendor delays, shipping disruptions or unusual national circumstances are beyond our control.",0.0,0.0,,,,,,Computer Service,Troubleshoot PSU issue,1,0.0,0.0,500.0,,500.0,8.884630000000208e+18,,,,,False,False,False,False,False,False,False,False,False,False,False,False,False,False,False,False,False,,,,,,,,,,,,,,,,,,,pcservice,,,0.0,,,,,,,,,,,,Sales,,,,,,,
2026-08-11,8884630000001237322,INV-000258,,2026-08-11,Closed,8884630000000442076,Customer A,,False,2026-08-11,,PKR,1.0,entity_level,True,Compact,0.0,500.0,500.0,0.0,0.0,0.0,0.0,Adjustment,,2026-08-11,0,Due on Receipt,0.0,0.0,,"Thanks for your business. For any assistance, please feel free to contact us.","1. The Company is not responsible for any damage incurred during transportation, whether via local delivery or cargo services.
2. The warranty period shall commence and expire as scheduled, regardless of whether the product has been used or installed.
3. Removal or tampering with the barcode, serial number, or packaging information will void any warranty claims.
4. The original packaging (box), whether for new or used items, is mandatory for all warranty claims.
5. All used items are subject to a limited warranty; defects such as dead, damaged, or burned components are not covered.
6. The Company reserves the right to refuse any warranty claim in cases of late or unpaid invoices.
7. Under local warranty, valid customer claims will be processed without additional charges and may require a reasonable processing period.
8. External factors such as vendor delays, shipping disruptions or unusual national circumstances are beyond our control.",50.0,0.0,,,,,,Laptop Power Cable (3 Pronged),,1,0.0,0.0,500.0,,550.0,8.884630000001193e+18,,,,,False,False,False,False,False,False,False,False,False,False,False,False,False,False,False,False,False,,,,,,,,,,,,,,,,,,,324634563453,,,0.0,,,,,,,,,,,,Sales,,,,,,,
2026-08-12,8884630000001237367,INV-000259,,2026-08-11,Closed,8884630000000442076,Customer A,,False,2026-08-12,,PKR,1.0,entity_level,True,Compact,0.0,7500.0,7500.0,0.0,0.0,0.0,0.0,Adjustment,,2026-08-13,0,Due on Receipt,0.0,0.0,,"Thanks for your business. For any assistance, please feel free to contact us.","1. The Company is not responsible for any damage incurred during transportation, whether via local delivery or cargo services.
2. The warranty period shall commence and expire as scheduled, regardless of whether the product has been used or installed.
3. Removal or tampering with the barcode, serial number, or packaging information will void any warranty claims.
4. The original packaging (box), whether for new or used items, is mandatory for all warranty claims.
5. All used items are subject to a limited warranty; defects such as dead, damaged, or burned components are not covered.
6. The Company reserves the right to refuse any warranty claim in cases of late or unpaid invoices.
7. Under local warranty, valid customer claims will be processed without additional charges and may require a reasonable processing period.
8. External factors such as vendor delays, shipping disruptions or unusual national circumstances are beyond our control.",250.0,0.0,,,,,,Green Wifi + Bluetooth USB adapter,,1,0.0,0.0,2419.35,,2500.0,8.884630000001164e+18,,,,,False,False,False,False,False,False,False,False,False,False,False,False,False,False,False,False,False,,,,,,,,,,,,,,,,,,,26080301,,,0.0,,,,,,,,,,,,Sales,,,,,,,
2026-08-12,8884630000001237367,INV-000259,,2026-08-11,Closed,8884630000000442076,Customer A,,False,2026-08-12,,PKR,1.0,entity_level,True,Compact,0.0,7500.0,7500.0,0.0,0.0,0.0,0.0,Adjustment,,2026-08-13,0,Due on Receipt,0.0,0.0,,"Thanks for your business. For any assistance, please feel free to contact us.","1. The Company is not responsible for any damage incurred during transportation, whether via local delivery or cargo services.
2. The warranty period shall commence and expire as scheduled, regardless of whether the product has been used or installed.
3. Removal or tampering with the barcode, serial number, or packaging information will void any warranty claims.
4. The original packaging (box), whether for new or used items, is mandatory for all warranty claims.
5. All used items are subject to a limited warranty; defects such as dead, damaged, or burned components are not covered.
6. The Company reserves the right to refuse any warranty claim in cases of late or unpaid invoices.
7. Under local warranty, valid customer claims will be processed without additional charges and may require a reasonable processing period.
8. External factors such as vendor delays, shipping disruptions or unusual national circumstances are beyond our control.",250.0,0.0,,,,,,Speedy VGA to DP converter,,1,0.0,0.0,725.81,,750.0,8.884630000000194e+18,,,,,False,False,False,False,False,False,False,False,False,False,False,False,False,False,False,False,False,,,,,,,,,,,,,,,,,,,010000002669,,,0.0,,,,,,,,,,,,Sales,,,,,,,
2026-08-12,8884630000001237367,INV-000259,,2026-08-11,Closed,8884630000000442076,Customer A,,False,2026-08-12,,PKR,1.0,entity_level,True,Compact,0.0,7500.0,7500.0,0.0,0.0,0.0,0.0,Adjustment,,2026-08-13,0,Due on Receipt,0.0,0.0,,"Thanks for your business. For any assistance, please feel free to contact us.","1. The Company is not responsible for any damage incurred during transportation, whether via local delivery or cargo services.
2. The warranty period shall commence and expire as scheduled, regardless of whether the product has been used or installed.
3. Removal or tampering with the barcode, serial number, or packaging information will void any warranty claims.
4. The original packaging (box), whether for new or used items, is mandatory for all warranty claims.
5. All used items are subject to a limited warranty; defects such as dead, damaged, or burned components are not covered.
6. The Company reserves the right to refuse any warranty claim in cases of late or unpaid invoices.
7. Under local warranty, valid customer claims will be processed without additional charges and may require a reasonable processing period.
8. External factors such as vendor delays, shipping disruptions or unusual national circumstances are beyond our control.",250.0,0.0,,,,,,Software Installation,MS Windows,1,0.0,0.0,483.87,,500.0,8.884630000000204e+18,,,,,False,False,False,False,False,False,False,False,False,False,False,False,False,False,False,False,False,,,,,,,,,,,,,,,,,,,SI-2026,,,0.0,,,,,,,,,,,,Sales,,,,,,,
2026-08-12,8884630000001237367,INV-000259,,2026-08-11,Closed,8884630000000442076,Customer A,,False,2026-08-12,,PKR,1.0,entity_level,True,Compact,0.0,7500.0,7500.0,0.0,0.0,0.0,0.0,Adjustment,,2026-08-13,0,Due on Receipt,0.0,0.0,,"Thanks for your business. For any assistance, please feel free to contact us.","1. The Company is not responsible for any damage incurred during transportation, whether via local delivery or cargo services.
2. The warranty period shall commence and expire as scheduled, regardless of whether the product has been used or installed.
3. Removal or tampering with the barcode, serial number, or packaging information will void any warranty claims.
4. The original packaging (box), whether for new or used items, is mandatory for all warranty claims.
5. All used items are subject to a limited warranty; defects such as dead, damaged, or burned components are not covered.
6. The Company reserves the right to refuse any warranty claim in cases of late or unpaid invoices.
7. Under local warranty, valid customer claims will be processed without additional charges and may require a reasonable processing period.
8. External factors such as vendor delays, shipping disruptions or unusual national circumstances are beyond our control.",250.0,0.0,,,,,,Computer Service,Deep cleaning,1,0.0,0.0,1451.61,,1500.0,8.884630000000208e+18,,,,,False,False,False,False,False,False,False,False,False,False,False,False,False,False,False,False,False,,,,,,,,,,,,,,,,,,,pcservice,,,0.0,,,,,,,,,,,,Sales,,,,,,,
2026-08-12,8884630000001237367,INV-000259,,2026-08-11,Closed,8884630000000442076,Customer A,,False,2026-08-12,,PKR,1.0,entity_level,True,Compact,0.0,7500.0,7500.0,0.0,0.0,0.0,0.0,Adjustment,,2026-08-13,0,Due on Receipt,0.0,0.0,,"Thanks for your business. For any assistance, please feel free to contact us.","1. The Company is not responsible for any damage incurred during transportation, whether via local delivery or cargo services.
2. The warranty period shall commence and expire as scheduled, regardless of whether the product has been used or installed.
3. Removal or tampering with the barcode, serial number, or packaging information will void any warranty claims.
4. The original packaging (box), whether for new or used items, is mandatory for all warranty claims.
5. All used items are subject to a limited warranty; defects such as dead, damaged, or burned components are not covered.
6. The Company reserves the right to refuse any warranty claim in cases of late or unpaid invoices.
7. Under local warranty, valid customer claims will be processed without additional charges and may require a reasonable processing period.
8. External factors such as vendor delays, shipping disruptions or unusual national circumstances are beyond our control.",250.0,0.0,,,,,,Computer Service,Troubleshooting,1,0.0,0.0,483.87,,500.0,8.884630000000208e+18,,,,,False,False,False,False,False,False,False,False,False,False,False,False,False,False,False,False,False,,,,,,,,,,,,,,,,,,,pcservice,,,0.0,,,,,,,,,,,,Sales,,,,,,,
2026-08-12,8884630000001237367,INV-000259,,2026-08-11,Closed,8884630000000442076,Customer A,,False,2026-08-12,,PKR,1.0,entity_level,True,Compact,0.0,7500.0,7500.0,0.0,0.0,0.0,0.0,Adjustment,,2026-08-13,0,Due on Receipt,0.0,0.0,,"Thanks for your business. For any assistance, please feel free to contact us.","1. The Company is not responsible for any damage incurred during transportation, whether via local delivery or cargo services.
2. The warranty period shall commence and expire as scheduled, regardless of whether the product has been used or installed.
3. Removal or tampering with the barcode, serial number, or packaging information will void any warranty claims.
4. The original packaging (box), whether for new or used items, is mandatory for all warranty claims.
5. All used items are subject to a limited warranty; defects such as dead, damaged, or burned components are not covered.
6. The Company reserves the right to refuse any warranty claim in cases of late or unpaid invoices.
7. Under local warranty, valid customer claims will be processed without additional charges and may require a reasonable processing period.
8. External factors such as vendor delays, shipping disruptions or unusual national circumstances are beyond our control.",250.0,0.0,,,,,,4GB DDR3 Ram - Used,,1,0.0,0.0,1935.49,,2000.0,8.884630000001263e+18,,,,,False,False,False,False,False,False,False,False,False,False,False,False,False,False,False,False,False,,,,,,,,,,,,,,,,,,,3289467823,,,0.0,,,,,,,,,,,,Sales,,,,,,,
2026-08-11,8884630000001237454,INV-000261,,2026-08-11,Closed,8884630000000442076,Customer A,,False,2026-08-11,,PKR,1.0,entity_level,True,Compact,0.0,500.0,500.0,0.0,0.0,0.0,0.0,Adjustment,,2026-08-11,0,Due on Receipt,0.0,0.0,,"Thanks for your business. For any assistance, please feel free to contact us.","1. The Company is not responsible for any damage incurred during transportation, whether via local delivery or cargo services.
2. The warranty period shall commence and expire as scheduled, regardless of whether the product has been used or installed.
3. Removal or tampering with the barcode, serial number, or packaging information will void any warranty claims.
4. The original packaging (box), whether for new or used items, is mandatory for all warranty claims.
5. All used items are subject to a limited warranty; defects such as dead, damaged, or burned components are not covered.
6. The Company reserves the right to refuse any warranty claim in cases of late or unpaid invoices.
7. Under local warranty, valid customer claims will be processed without additional charges and may require a reasonable processing period.
8. External factors such as vendor delays, shipping disruptions or unusual national circumstances are beyond our control.",0.0,0.0,,,,,,Computer Service,thermal paste,1,0.0,0.0,500.0,,500.0,8.884630000000208e+18,,,,,False,False,False,False,False,False,False,False,False,False,False,False,False,False,False,False,False,,,,,,,,,,,,,,,,,,,pcservice,,,0.0,,,,,,,,,,,,Sales,,,,,,,
2026-08-12,8884630000001251080,INV-000264,,2026-08-12,Closed,8884630000000442076,Customer A,,False,2026-08-12,,PKR,1.0,entity_level,True,Compact,0.0,1600.0,1600.0,0.0,0.0,0.0,0.0,Adjustment,,2026-08-12,0,Due on Receipt,0.0,0.0,,"Thanks for your business. For any assistance, please feel free to contact us.","1. The Company is not responsible for any damage incurred during transportation, whether via local delivery or cargo services.
2. The warranty period shall commence and expire as scheduled, regardless of whether the product has been used or installed.
3. Removal or tampering with the barcode, serial number, or packaging information will void any warranty claims.
4. The original packaging (box), whether for new or used items, is mandatory for all warranty claims.
5. All used items are subject to a limited warranty; defects such as dead, damaged, or burned components are not covered.
6. The Company reserves the right to refuse any warranty claim in cases of late or unpaid invoices.
7. Under local warranty, valid customer claims will be processed without additional charges and may require a reasonable processing period.
8. External factors such as vendor delays, shipping disruptions or unusual national circumstances are beyond our control.",0.0,0.0,,,,,,Computer Service,Data copy 300GB,1,0.0,0.0,500.0,,500.0,8.884630000000208e+18,,,,,False,False,False,False,False,False,False,False,False,False,False,False,False,False,False,False,False,,,,,,,,,,,,,,,,,,,pcservice,,,0.0,,,,,,,,,,,,Sales,,,,,,,
2026-08-12,8884630000001251080,INV-000264,,2026-08-12,Closed,8884630000000442076,Customer A,,False,2026-08-12,,PKR,1.0,entity_level,True,Compact,0.0,1600.0,1600.0,0.0,0.0,0.0,0.0,Adjustment,,2026-08-12,0,Due on Receipt,0.0,0.0,,"Thanks for your business. For any assistance, please feel free to contact us.","1. The Company is not responsible for any damage incurred during transportation, whether via local delivery or cargo services.
2. The warranty period shall commence and expire as scheduled, regardless of whether the product has been used or installed.
3. Removal or tampering with the barcode, serial number, or packaging information will void any warranty claims.
4. The original packaging (box), whether for new or used items, is mandatory for all warranty claims.
5. All used items are subject to a limited warranty; defects such as dead, damaged, or burned components are not covered.
6. The Company reserves the right to refuse any warranty claim in cases of late or unpaid invoices.
7. Under local warranty, valid customer claims will be processed without additional charges and may require a reasonable processing period.
8. External factors such as vendor delays, shipping disruptions or unusual national circumstances are beyond our control.",0.0,0.0,,,,,,Laptop Standard Sleeve (Blue DELL),,1,0.0,0.0,1100.0,,1100.0,8.884630000001198e+18,,,,,False,False,False,False,False,False,False,False,False,False,False,False,False,False,False,False,False,,,,,,,,,,,,,,,,,,,777704,,,0.0,,,,,,,,,,,,Sales,,,,,,,
2026-08-12,8884630000001251230,INV-000265,,2026-08-12,Closed,8884630000000442076,Customer A,,False,2026-08-12,,PKR,1.0,entity_level,True,Compact,0.0,200.0,200.0,0.0,0.0,0.0,0.0,Adjustment,,2026-08-12,0,Due on Receipt,0.0,0.0,,"Thanks for your business. For any assistance, please feel free to contact us.","1. The Company is not responsible for any damage incurred during transportation, whether via local delivery or cargo services.
2. The warranty period shall commence and expire as scheduled, regardless of whether the product has been used or installed.
3. Removal or tampering with the barcode, serial number, or packaging information will void any warranty claims.
4. The original packaging (box), whether for new or used items, is mandatory for all warranty claims.
5. All used items are subject to a limited warranty; defects such as dead, damaged, or burned components are not covered.
6. The Company reserves the right to refuse any warranty claim in cases of late or unpaid invoices.
7. Under local warranty, valid customer claims will be processed without additional charges and may require a reasonable processing period.
8. External factors such as vendor delays, shipping disruptions or unusual national circumstances are beyond our control.",0.0,0.0,,,,,,Blue Grip MP,,1,0.0,0.0,200.0,,200.0,8.884630000000976e+18,,,,,False,False,False,False,False,False,False,False,False,False,False,False,False,False,False,False,False,,,,,,,,,,,,,,,,,,,100005034,,,0.0,,,,,,,,,,,,Sales,,,,,,,
2026-08-13,8884630000001262001,INV-000266,,2026-08-13,Closed,8884630000000442076,Customer A,,False,2026-08-13,,PKR,1.0,entity_level,True,Compact,0.0,2400.0,2400.0,0.0,0.0,0.0,0.0,Adjustment,,2026-08-13,0,Due on Receipt,0.0,0.0,,"Thanks for your business. For any assistance, please feel free to contact us.","1. The Company is not responsible for any damage incurred during transportation, whether via local delivery or cargo services.
2. The warranty period shall commence and expire as scheduled, regardless of whether the product has been used or installed.
3. Removal or tampering with the barcode, serial number, or packaging information will void any warranty claims.
4. The original packaging (box), whether for new or used items, is mandatory for all warranty claims.
5. All used items are subject to a limited warranty; defects such as dead, damaged, or burned components are not covered.
6. The Company reserves the right to refuse any warranty claim in cases of late or unpaid invoices.
7. Under local warranty, valid customer claims will be processed without additional charges and may require a reasonable processing period.
8. External factors such as vendor delays, shipping disruptions or unusual national circumstances are beyond our control.",0.0,0.0,,,,,,Hawk 211 Laptop Cooling Stand,Check warranty,1,0.0,0.0,2400.0,,2400.0,8.884630000000124e+18,,,,,False,False,False,False,False,False,False,False,False,False,False,False,False,False,False,False,False,,,,,,,,,,,,,,,,,,,010000000573,,,0.0,,,,,,,,,,,,Sales,,,,,,,
2026-08-13,8884630000001262397,INV-000268,,2026-08-13,Closed,8884630000000442076,Customer A,,False,2026-08-13,,PKR,1.0,entity_level,True,Compact,0.0,850.0,850.0,0.0,0.0,0.0,0.0,Adjustment,,2026-08-13,0,Due on Receipt,0.0,0.0,,"Thanks for your business. For any assistance, please feel free to contact us.","1. The Company is not responsible for any damage incurred during transportation, whether via local delivery or cargo services.
2. The warranty period shall commence and expire as scheduled, regardless of whether the product has been used or installed.
3. Removal or tampering with the barcode, serial number, or packaging information will void any warranty claims.
4. The original packaging (box), whether for new or used items, is mandatory for all warranty claims.
5. All used items are subject to a limited warranty; defects such as dead, damaged, or burned components are not covered.
6. The Company reserves the right to refuse any warranty claim in cases of late or unpaid invoices.
7. Under local warranty, valid customer claims will be processed without additional charges and may require a reasonable processing period.
8. External factors such as vendor delays, shipping disruptions or unusual national circumstances are beyond our control.",0.0,0.0,,,,,,HDMI Cable 3M,,1,0.0,0.0,850.0,,850.0,8.884630000000976e+18,,,,,False,False,False,False,False,False,False,False,False,False,False,False,False,False,False,False,False,,,,,,,,,,,,,,,,,,,9,,,0.0,,,,,,,,,,,,Sales,,,,,,,
2026-08-13,8884630000001262435,INV-000269,,2026-08-13,Closed,8884630000000442076,Customer A,,False,2026-08-13,,PKR,1.0,entity_level,True,Compact,0.0,800.0,800.0,0.0,0.0,0.0,0.0,Adjustment,,2026-08-13,0,Due on Receipt,0.0,0.0,,"Thanks for your business. For any assistance, please feel free to contact us.","1. The Company is not responsible for any damage incurred during transportation, whether via local delivery or cargo services.
2. The warranty period shall commence and expire as scheduled, regardless of whether the product has been used or installed.
3. Removal or tampering with the barcode, serial number, or packaging information will void any warranty claims.
4. The original packaging (box), whether for new or used items, is mandatory for all warranty claims.
5. All used items are subject to a limited warranty; defects such as dead, damaged, or burned components are not covered.
6. The Company reserves the right to refuse any warranty claim in cases of late or unpaid invoices.
7. Under local warranty, valid customer claims will be processed without additional charges and may require a reasonable processing period.
8. External factors such as vendor delays, shipping disruptions or unusual national circumstances are beyond our control.",0.0,0.0,,,,,,GD900 7g Thermal Paste,,1,0.0,0.0,800.0,,800.0,8.884630000001193e+18,,,,,False,False,False,False,False,False,False,False,False,False,False,False,False,False,False,False,False,,,,,,,,,,,,,,,,,,,2134436534645,,,0.0,,,,,,,,,,,,Sales,,,,,,,
2026-08-13,8884630000001267001,INV-000270,,2026-08-14,Closed,8884630000000442076,Customer A,,False,2026-08-13,,PKR,1.0,entity_level,True,Compact,0.0,4700.0,5200.0,0.0,0.0,0.0,0.0,Adjustment,,2026-08-14,0,Due on Receipt,0.0,0.0,,"Thanks for your business. For any assistance, please feel free to contact us.","1. The Company is not responsible for any damage incurred during transportation, whether via local delivery or cargo services.
2. The warranty period shall commence and expire as scheduled, regardless of whether the product has been used or installed.
3. Removal or tampering with the barcode, serial number, or packaging information will void any warranty claims.
4. The original packaging (box), whether for new or used items, is mandatory for all warranty claims.
5. All used items are subject to a limited warranty; defects such as dead, damaged, or burned components are not covered.
6. The Company reserves the right to refuse any warranty claim in cases of late or unpaid invoices.
7. Under local warranty, valid customer claims will be processed without additional charges and may require a reasonable processing period.
8. External factors such as vendor delays, shipping disruptions or unusual national circumstances are beyond our control.",300.0,500.0,,,,,,ID cooling FROST PTM 2 pad (paste),,1,0.0,0.0,2350.0,,2500.0,8.884630000000154e+18,,,,,False,False,False,False,False,False,False,False,False,False,False,False,False,False,False,False,False,,,,,,,,,,,,,,,,,,,010000002362,,,0.0,,,,,,,,,,,,Sales,,,,,,,
2026-08-13,8884630000001267001,INV-000270,,2026-08-14,Closed,8884630000000442076,Customer A,,False,2026-08-13,,PKR,1.0,entity_level,True,Compact,0.0,4700.0,5200.0,0.0,0.0,0.0,0.0,Adjustment,,2026-08-14,0,Due on Receipt,0.0,0.0,,"Thanks for your business. For any assistance, please feel free to contact us.","1. The Company is not responsible for any damage incurred during transportation, whether via local delivery or cargo services.
2. The warranty period shall commence and expire as scheduled, regardless of whether the product has been used or installed.
3. Removal or tampering with the barcode, serial number, or packaging information will void any warranty claims.
4. The original packaging (box), whether for new or used items, is mandatory for all warranty claims.
5. All used items are subject to a limited warranty; defects such as dead, damaged, or burned components are not covered.
6. The Company reserves the right to refuse any warranty claim in cases of late or unpaid invoices.
7. Under local warranty, valid customer claims will be processed without additional charges and may require a reasonable processing period.
8. External factors such as vendor delays, shipping disruptions or unusual national circumstances are beyond our control.",300.0,500.0,,,,,,ID cooling FROST X45 4g paste,,1,0.0,0.0,2350.0,,2500.0,8.884630000000154e+18,,,,,False,False,False,False,False,False,False,False,False,False,False,False,False,False,False,False,False,,,,,,,,,,,,,,,,,,,010000003376,,,0.0,,,,,,,,,,,,Sales,,,,,,,
2026-08-15,8884630000001278026,INV-000271,,2026-08-15,Closed,8884630000000240143,Customer H,,False,2026-08-15,,PKR,1.0,entity_level,True,Compact,0.0,327500.0,327500.0,0.0,0.0,0.0,0.0,Adjustment,,2026-08-21,0,Due on Receipt,0.0,0.0,,"Thanks for your business. For any assistance, please feel free to contact us.","1. The Company is not responsible for any damage incurred during transportation, whether via local delivery or cargo services.
2. The warranty period shall commence and expire as scheduled, regardless of whether the product has been used or installed.
3. Removal or tampering with the barcode, serial number, or packaging information will void any warranty claims.
4. The original packaging (box), whether for new or used items, is mandatory for all warranty claims.
5. All used items are subject to a limited warranty; defects such as dead, damaged, or burned components are not covered.
6. The Company reserves the right to refuse any warranty claim in cases of late or unpaid invoices.
7. Under local warranty, valid customer claims will be processed without additional charges and may require a reasonable processing period.
8. External factors such as vendor delays, shipping disruptions or unusual national circumstances are beyond our control.",0.0,0.0,,,,,,ASUS DUAL RTX 3060 12GB GPU - used,15 days warranty,1,0.0,0.0,85500.0,,85500.0,8.884630000001278e+18,,,,,False,False,False,False,False,False,False,False,False,False,False,False,False,False,False,False,False,,,,,,,,,,,,,,,,,,,dship-1508202601,,,0.0,,,,,,,,,,,,Sales,,,,,,,
2026-08-15,8884630000001278026,INV-000271,,2026-08-15,Closed,8884630000000240143,Customer H,,False,2026-08-15,,PKR,1.0,entity_level,True,Compact,0.0,327500.0,327500.0,0.0,0.0,0.0,0.0,Adjustment,,2026-08-21,0,Due on Receipt,0.0,0.0,,"Thanks for your business. For any assistance, please feel free to contact us.","1. The Company is not responsible for any damage incurred during transportation, whether via local delivery or cargo services.
2. The warranty period shall commence and expire as scheduled, regardless of whether the product has been used or installed.
3. Removal or tampering with the barcode, serial number, or packaging information will void any warranty claims.
4. The original packaging (box), whether for new or used items, is mandatory for all warranty claims.
5. All used items are subject to a limited warranty; defects such as dead, damaged, or burned components are not covered.
6. The Company reserves the right to refuse any warranty claim in cases of late or unpaid invoices.
7. Under local warranty, valid customer claims will be processed without additional charges and may require a reasonable processing period.
8. External factors such as vendor delays, shipping disruptions or unusual national circumstances are beyond our control.",0.0,0.0,,,,,,Ryzen 5 3600 tray CPU,10 months warranty,1,0.0,0.0,21500.0,,21500.0,8.884630000000305e+18,,,,,False,False,False,False,False,False,False,False,False,False,False,False,False,False,False,False,False,,,,,,,,,,,,,,,,,,,100005122,,,0.0,,,,,,,,,,,,Sales,,,,,,,
2026-08-15,8884630000001278026,INV-000271,,2026-08-15,Closed,8884630000000240143,Customer H,,False,2026-08-15,,PKR,1.0,entity_level,True,Compact,0.0,327500.0,327500.0,0.0,0.0,0.0,0.0,Adjustment,,2026-08-21,0,Due on Receipt,0.0,0.0,,"Thanks for your business. For any assistance, please feel free to contact us.","1. The Company is not responsible for any damage incurred during transportation, whether via local delivery or cargo services.
2. The warranty period shall commence and expire as scheduled, regardless of whether the product has been used or installed.
3. Removal or tampering with the barcode, serial number, or packaging information will void any warranty claims.
4. The original packaging (box), whether for new or used items, is mandatory for all warranty claims.
5. All used items are subject to a limited warranty; defects such as dead, damaged, or burned components are not covered.
6. The Company reserves the right to refuse any warranty claim in cases of late or unpaid invoices.
7. Under local warranty, valid customer claims will be processed without additional charges and may require a reasonable processing period.
8. External factors such as vendor delays, shipping disruptions or unusual national circumstances are beyond our control.",0.0,0.0,,,,,,XPG Pylon 650W Bronze PSU,10 months warranty,5,0.0,0.0,70000.0,,14000.0,8.884630000000143e+18,,,,,False,False,False,False,False,False,False,False,False,False,False,False,False,False,False,False,False,,,,,,,,,,,,,,,,,,,010000000290,,,0.0,,,,,,,,,,,,Sales,,,,,,,
2026-08-15,8884630000001278026,INV-000271,,2026-08-15,Closed,8884630000000240143,Customer H,,False,2026-08-15,,PKR,1.0,entity_level,True,Compact,0.0,327500.0,327500.0,0.0,0.0,0.0,0.0,Adjustment,,2026-08-21,0,Due on Receipt,0.0,0.0,,"Thanks for your business. For any assistance, please feel free to contact us.","1. The Company is not responsible for any damage incurred during transportation, whether via local delivery or cargo services.
2. The warranty period shall commence and expire as scheduled, regardless of whether the product has been used or installed.
3. Removal or tampering with the barcode, serial number, or packaging information will void any warranty claims.
4. The original packaging (box), whether for new or used items, is mandatory for all warranty claims.
5. All used items are subject to a limited warranty; defects such as dead, damaged, or burned components are not covered.
6. The Company reserves the right to refuse any warranty claim in cases of late or unpaid invoices.
7. Under local warranty, valid customer claims will be processed without additional charges and may require a reasonable processing period.
8. External factors such as vendor delays, shipping disruptions or unusual national circumstances are beyond our control.",0.0,0.0,,,,,,"MSI MAG 275QF E20 WQHD 27"" Monitor",10 months warranty,1,0.0,0.0,62000.0,,62000.0,8.884630000000143e+18,,,,,False,False,False,False,False,False,False,False,False,False,False,False,False,False,False,False,False,,,,,,,,,,,,,,,,,,,010000002263,,,0.0,,,,,,,,,,,,Sales,,,,,,,
2026-08-15,8884630000001278026,INV-000271,,2026-08-15,Closed,8884630000000240143,Customer H,,False,2026-08-15,,PKR,1.0,entity_level,True,Compact,0.0,327500.0,327500.0,0.0,0.0,0.0,0.0,Adjustment,,2026-08-21,0,Due on Receipt,0.0,0.0,,"Thanks for your business. For any assistance, please feel free to contact us.","1. The Company is not responsible for any damage incurred during transportation, whether via local delivery or cargo services.
2. The warranty period shall commence and expire as scheduled, regardless of whether the product has been used or installed.
3. Removal or tampering with the barcode, serial number, or packaging information will void any warranty claims.
4. The original packaging (box), whether for new or used items, is mandatory for all warranty claims.
5. All used items are subject to a limited warranty; defects such as dead, damaged, or burned components are not covered.
6. The Company reserves the right to refuse any warranty claim in cases of late or unpaid invoices.
7. Under local warranty, valid customer claims will be processed without additional charges and may require a reasonable processing period.
8. External factors such as vendor delays, shipping disruptions or unusual national circumstances are beyond our control.",0.0,0.0,,,,,,Gigabyte Eagle Tri RTX 3070 8gb GPU - used,15 days warranty,1,0.0,0.0,88500.0,,88500.0,8.884630000000187e+18,,,,,False,False,False,False,False,False,False,False,False,False,False,False,False,False,False,False,False,,,,,,,,,,,,,,,,,,,010000002423,,,0.0,,,,,,,,,,,,Sales,,,,,,,
2026-08-15,8884630000001274034,INV-000272,,2026-08-15,Closed,8884630000001274025,Customer K,,False,2026-08-15,,PKR,1.0,entity_level,True,Compact,0.0,1450.0,1450.0,0.0,0.0,0.0,0.0,Adjustment,,2026-08-15,0,Due on Receipt,0.0,0.0,,"Thanks for your business. For any assistance, please feel free to contact us.","1. The Company is not responsible for any damage incurred during transportation, whether via local delivery or cargo services.
2. The warranty period shall commence and expire as scheduled, regardless of whether the product has been used or installed.
3. Removal or tampering with the barcode, serial number, or packaging information will void any warranty claims.
4. The original packaging (box), whether for new or used items, is mandatory for all warranty claims.
5. All used items are subject to a limited warranty; defects such as dead, damaged, or burned components are not covered.
6. The Company reserves the right to refuse any warranty claim in cases of late or unpaid invoices.
7. Under local warranty, valid customer claims will be processed without additional charges and may require a reasonable processing period.
8. External factors such as vendor delays, shipping disruptions or unusual national circumstances are beyond our control.",0.0,0.0,,,,,,1Link Wirelss Wifi Adapter,check warranty,1,0.0,0.0,1450.0,,1450.0,8.884630000001044e+18,,,,,False,False,False,False,False,False,False,False,False,False,False,False,False,False,False,False,False,,,,,,,,,,,,,,,,,,,100005067,,,0.0,,,,,,,,,,,,Sales,,,,,,,
2026-08-16,8884630000001280001,INV-000273,,2026-08-16,Closed,8884630000000302016,Customer A,,False,2026-08-16,,PKR,1.0,entity_level,True,Compact,0.0,300.0,300.0,0.0,0.0,0.0,0.0,Adjustment,,2026-08-16,0,Due on Receipt,0.0,0.0,,"Thanks for your business. For any assistance, please feel free to contact us.","1. The Company is not responsible for any damage incurred during transportation, whether via local delivery or cargo services.
2. The warranty period shall commence and expire as scheduled, regardless of whether the product has been used or installed.
3. Removal or tampering with the barcode, serial number, or packaging information will void any warranty claims.
4. The original packaging (box), whether for new or used items, is mandatory for all warranty claims.
5. All used items are subject to a limited warranty; defects such as dead, damaged, or burned components are not covered.
6. The Company reserves the right to refuse any warranty claim in cases of late or unpaid invoices.
7. Under local warranty, valid customer claims will be processed without additional charges and may require a reasonable processing period.
8. External factors such as vendor delays, shipping disruptions or unusual national circumstances are beyond our control.",200.0,0.0,,,,,,Computer Service,,1,0.0,0.0,300.0,,500.0,8.884630000000208e+18,,,,,False,False,False,False,False,False,False,False,False,False,False,False,False,False,False,False,False,,,,,,,,,,,,,,,,,,,pcservice,,,0.0,,,,,,,,,,,,Sales,,,,,,,
2026-08-16,8884630000001280033,INV-000274,,2026-08-16,Closed,8884630000000232003,Customer D,,False,2026-08-16,,PKR,1.0,entity_level,True,Compact,0.0,1750.0,1750.0,0.0,0.0,0.0,0.0,Adjustment,,2026-08-16,0,Due on Receipt,0.0,0.0,,"Thanks for your business. For any assistance, please feel free to contact us.","1. The Company is not responsible for any damage incurred during transportation, whether via local delivery or cargo services.
2. The warranty period shall commence and expire as scheduled, regardless of whether the product has been used or installed.
3. Removal or tampering with the barcode, serial number, or packaging information will void any warranty claims.
4. The original packaging (box), whether for new or used items, is mandatory for all warranty claims.
5. All used items are subject to a limited warranty; defects such as dead, damaged, or burned components are not covered.
6. The Company reserves the right to refuse any warranty claim in cases of late or unpaid invoices.
7. Under local warranty, valid customer claims will be processed without additional charges and may require a reasonable processing period.
8. External factors such as vendor delays, shipping disruptions or unusual national circumstances are beyond our control.",550.0,0.0,,,,,,Aukey XXL black MP,Waleed,1,0.0,0.0,1750.0,,2300.0,8.884630000000267e+18,,,,,False,False,False,False,False,False,False,False,False,False,False,False,False,False,False,False,False,,,,,,,,,,,,,,,,,,,010000003758,,,0.0,,,,,,,,,,,,Sales,,,,,,,
2026-08-16,8884630000001280093,INV-000275,,2026-08-16,Closed,8884630000000442076,Customer A,,False,2026-08-16,,PKR,1.0,entity_level,True,Compact,0.0,12500.0,12500.0,0.0,0.0,0.0,0.0,Adjustment,,2026-08-17,0,Due on Receipt,0.0,0.0,,"Thanks for your business. For any assistance, please feel free to contact us.","1. The Company is not responsible for any damage incurred during transportation, whether via local delivery or cargo services.
2. The warranty period shall commence and expire as scheduled, regardless of whether the product has been used or installed.
3. Removal or tampering with the barcode, serial number, or packaging information will void any warranty claims.
4. The original packaging (box), whether for new or used items, is mandatory for all warranty claims.
5. All used items are subject to a limited warranty; defects such as dead, damaged, or burned components are not covered.
6. The Company reserves the right to refuse any warranty claim in cases of late or unpaid invoices.
7. Under local warranty, valid customer claims will be processed without additional charges and may require a reasonable processing period.
8. External factors such as vendor delays, shipping disruptions or unusual national circumstances are beyond our control.",200.0,0.0,,,,,,Lenovo G50-70 Full Body,,1,0.0,0.0,8366.14,,8500.0,8.88463000000128e+18,,,,,False,False,False,False,False,False,False,False,False,False,False,False,False,False,False,False,False,,,,,,,,,,,,,,,,,,,8657647378i7,,,0.0,,,,,,,,,,,,Sales,,,,,,,
2026-08-16,8884630000001280093,INV-000275,,2026-08-16,Closed,8884630000000442076,Customer A,,False,2026-08-16,,PKR,1.0,entity_level,True,Compact,0.0,12500.0,12500.0,0.0,0.0,0.0,0.0,Adjustment,,2026-08-17,0,Due on Receipt,0.0,0.0,,"Thanks for your business. For any assistance, please feel free to contact us.","1. The Company is not responsible for any damage incurred during transportation, whether via local delivery or cargo services.
2. The warranty period shall commence and expire as scheduled, regardless of whether the product has been used or installed.
3. Removal or tampering with the barcode, serial number, or packaging information will void any warranty claims.
4. The original packaging (box), whether for new or used items, is mandatory for all warranty claims.
5. All used items are subject to a limited warranty; defects such as dead, damaged, or burned components are not covered.
6. The Company reserves the right to refuse any warranty claim in cases of late or unpaid invoices.
7. Under local warranty, valid customer claims will be processed without additional charges and may require a reasonable processing period.
8. External factors such as vendor delays, shipping disruptions or unusual national circumstances are beyond our control.",200.0,0.0,,,,,,Charging port,,1,0.0,0.0,2165.35,,2200.0,8.88463000000128e+18,,,,,False,False,False,False,False,False,False,False,False,False,False,False,False,False,False,False,False,,,,,,,,,,,,,,,,,,,786446348979,,,0.0,,,,,,,,,,,,Sales,,,,,,,
2026-08-16,8884630000001280093,INV-000275,,2026-08-16,Closed,8884630000000442076,Customer A,,False,2026-08-16,,PKR,1.0,entity_level,True,Compact,0.0,12500.0,12500.0,0.0,0.0,0.0,0.0,Adjustment,,2026-08-17,0,Due on Receipt,0.0,0.0,,"Thanks for your business. For any assistance, please feel free to contact us.","1. The Company is not responsible for any damage incurred during transportation, whether via local delivery or cargo services.
2. The warranty period shall commence and expire as scheduled, regardless of whether the product has been used or installed.
3. Removal or tampering with the barcode, serial number, or packaging information will void any warranty claims.
4. The original packaging (box), whether for new or used items, is mandatory for all warranty claims.
5. All used items are subject to a limited warranty; defects such as dead, damaged, or burned components are not covered.
6. The Company reserves the right to refuse any warranty claim in cases of late or unpaid invoices.
7. Under local warranty, valid customer claims will be processed without additional charges and may require a reasonable processing period.
8. External factors such as vendor delays, shipping disruptions or unusual national circumstances are beyond our control.",200.0,0.0,,,,,,Laptop Repair,,1,0.0,0.0,1968.51,,2000.0,8.884630000000976e+18,,,,,False,False,False,False,False,False,False,False,False,False,False,False,False,False,False,False,False,,,,,,,,,,,,,,,,,,,laptopsvc,,,0.0,,,,,,,,,,,,Sales,,,,,,,
2026-08-16,8884630000001284134,INV-000276,,2026-08-16,Closed,8884630000000442076,Customer A,,False,2026-08-16,,PKR,1.0,entity_level,True,Compact,0.0,250.0,250.0,0.0,0.0,0.0,0.0,Adjustment,,2026-08-16,0,Due on Receipt,0.0,0.0,,"Thanks for your business. For any assistance, please feel free to contact us.","1. The Company is not responsible for any damage incurred during transportation, whether via local delivery or cargo services.
2. The warranty period shall commence and expire as scheduled, regardless of whether the product has been used or installed.
3. Removal or tampering with the barcode, serial number, or packaging information will void any warranty claims.
4. The original packaging (box), whether for new or used items, is mandatory for all warranty claims.
5. All used items are subject to a limited warranty; defects such as dead, damaged, or burned components are not covered.
6. The Company reserves the right to refuse any warranty claim in cases of late or unpaid invoices.
7. Under local warranty, valid customer claims will be processed without additional charges and may require a reasonable processing period.
8. External factors such as vendor delays, shipping disruptions or unusual national circumstances are beyond our control.",0.0,0.0,,,,,,Keyboard Silon Cover,,1,0.0,0.0,250.0,,250.0,8.884630000000124e+18,,,,,False,False,False,False,False,False,False,False,False,False,False,False,False,False,False,False,False,,,,,,,,,,,,,,,,,,,010000000412,,,0.0,,,,,,,,,,,,Sales,,,,,,,
2026-08-16,8884630000001284186,INV-000277,,2026-08-16,Closed,8884630000001284172,Customer M,,False,2026-08-16,,PKR,1.0,entity_level,True,Compact,0.0,6000.0,6700.0,0.0,0.0,0.0,0.0,Adjustment,,2026-08-16,0,Due on Receipt,0.0,0.0,,"Thanks for your business. For any assistance, please feel free to contact us.","1. The Company is not responsible for any damage incurred during transportation, whether via local delivery or cargo services.
2. The warranty period shall commence and expire as scheduled, regardless of whether the product has been used or installed.
3. Removal or tampering with the barcode, serial number, or packaging information will void any warranty claims.
4. The original packaging (box), whether for new or used items, is mandatory for all warranty claims.
5. All used items are subject to a limited warranty; defects such as dead, damaged, or burned components are not covered.
6. The Company reserves the right to refuse any warranty claim in cases of late or unpaid invoices.
7. Under local warranty, valid customer claims will be processed without additional charges and may require a reasonable processing period.
8. External factors such as vendor delays, shipping disruptions or unusual national circumstances are beyond our control.",500.0,700.0,,,,,,Thunder Crook Black Case - used,without fan 6000,1,0.0,0.0,6000.0,,6500.0,8.884630000001237e+18,,,,,False,False,False,False,False,False,False,False,False,False,False,False,False,False,False,False,False,,,,,,,,,,,,,,,,,,,3012,,,0.0,,,,,,,,,,,,Sales,,,,,,,
2026-08-16,8884630000001284303,INV-000278,,2026-08-16,Closed,8884630000000442076,Customer A,,False,2026-08-16,,PKR,1.0,entity_level,True,Compact,0.0,150.0,150.0,0.0,0.0,0.0,0.0,Adjustment,,2026-08-16,0,Due on Receipt,0.0,0.0,,"Thanks for your business. For any assistance, please feel free to contact us.","1. The Company is not responsible for any damage incurred during transportation, whether via local delivery or cargo services.
2. The warranty period shall commence and expire as scheduled, regardless of whether the product has been used or installed.
3. Removal or tampering with the barcode, serial number, or packaging information will void any warranty claims.
4. The original packaging (box), whether for new or used items, is mandatory for all warranty claims.
5. All used items are subject to a limited warranty; defects such as dead, damaged, or burned components are not covered.
6. The Company reserves the right to refuse any warranty claim in cases of late or unpaid invoices.
7. Under local warranty, valid customer claims will be processed without additional charges and may require a reasonable processing period.
8. External factors such as vendor delays, shipping disruptions or unusual national circumstances are beyond our control.",0.0,0.0,,,,,,Camelion 3v Cr2025 Cell,,1,0.0,0.0,150.0,,150.0,8.884630000000855e+18,,,,,False,False,False,False,False,False,False,False,False,False,False,False,False,False,False,False,False,,,,,,,,,,,,,,,,,,,c3v,,,0.0,,,,,,,,,,,,Sales,,,,,,,
2026-08-16,8884630000001284341,INV-000279,,2026-08-16,Closed,8884630000000442076,Customer A,,False,2026-08-16,,PKR,1.0,entity_level,True,Compact,0.0,300.0,300.0,0.0,0.0,0.0,0.0,Adjustment,,2026-08-16,0,Due on Receipt,0.0,0.0,,"Thanks for your business. For any assistance, please feel free to contact us.","1. The Company is not responsible for any damage incurred during transportation, whether via local delivery or cargo services.
2. The warranty period shall commence and expire as scheduled, regardless of whether the product has been used or installed.
3. Removal or tampering with the barcode, serial number, or packaging information will void any warranty claims.
4. The original packaging (box), whether for new or used items, is mandatory for all warranty claims.
5. All used items are subject to a limited warranty; defects such as dead, damaged, or burned components are not covered.
6. The Company reserves the right to refuse any warranty claim in cases of late or unpaid invoices.
7. Under local warranty, valid customer claims will be processed without additional charges and may require a reasonable processing period.
8. External factors such as vendor delays, shipping disruptions or unusual national circumstances are beyond our control.",200.0,0.0,,,,,,Software Installation,MS Windows,1,0.0,0.0,300.0,,500.0,8.884630000000204e+18,,,,,False,False,False,False,False,False,False,False,False,False,False,False,False,False,False,False,False,,,,,,,,,,,,,,,,,,,SI-2026,,,0.0,,,,,,,,,,,,Sales,,,,,,,
2026-08-17,8884630000001283067,INV-000280,,2026-08-17,Closed,8884630000000442076,Customer A,,False,2026-08-17,,PKR,1.0,entity_level,True,Compact,0.0,3800.0,4300.0,0.0,0.0,0.0,0.0,Adjustment,,2026-08-17,0,Due on Receipt,0.0,0.0,,"Thanks for your business. For any assistance, please feel free to contact us.","1. The Company is not responsible for any damage incurred during transportation, whether via local delivery or cargo services.
2. The warranty period shall commence and expire as scheduled, regardless of whether the product has been used or installed.
3. Removal or tampering with the barcode, serial number, or packaging information will void any warranty claims.
4. The original packaging (box), whether for new or used items, is mandatory for all warranty claims.
5. All used items are subject to a limited warranty; defects such as dead, damaged, or burned components are not covered.
6. The Company reserves the right to refuse any warranty claim in cases of late or unpaid invoices.
7. Under local warranty, valid customer claims will be processed without additional charges and may require a reasonable processing period.
8. External factors such as vendor delays, shipping disruptions or unusual national circumstances are beyond our control.",0.0,500.0,,,,,,Laptop Battery,,1,0.0,0.0,3800.0,,3800.0,8.884630000001283e+18,,,,,False,False,False,False,False,False,False,False,False,False,False,False,False,False,False,False,False,,,,,,,,,,,,,,,,,,,12123121321423,,,0.0,,,,,,,,,,,,Sales,,,,,,,
2026-08-17,8884630000001287003,INV-000281,,2026-08-17,Closed,8884630000000442076,Customer A,,False,2026-08-17,,PKR,1.0,entity_level,True,Compact,0.0,750.0,750.0,0.0,0.0,0.0,0.0,Adjustment,,2026-08-17,0,Due on Receipt,0.0,0.0,,"Thanks for your business. For any assistance, please feel free to contact us.","1. The Company is not responsible for any damage incurred during transportation, whether via local delivery or cargo services.
2. The warranty period shall commence and expire as scheduled, regardless of whether the product has been used or installed.
3. Removal or tampering with the barcode, serial number, or packaging information will void any warranty claims.
4. The original packaging (box), whether for new or used items, is mandatory for all warranty claims.
5. All used items are subject to a limited warranty; defects such as dead, damaged, or burned components are not covered.
6. The Company reserves the right to refuse any warranty claim in cases of late or unpaid invoices.
7. Under local warranty, valid customer claims will be processed without additional charges and may require a reasonable processing period.
8. External factors such as vendor delays, shipping disruptions or unusual national circumstances are beyond our control.",0.0,0.0,,,,,,Speedy HDMI to DP converter (NY Rwp),,1,0.0,0.0,750.0,,750.0,8.884630000000359e+18,,,,,False,False,False,False,False,False,False,False,False,False,False,False,False,False,False,False,False,,,,,,,,,,,,,,,,,,,010000004465,,,0.0,,,,,,,,,,,,Sales,,,,,,,
2026-08-17,8884630000001287041,INV-000282,,2026-08-17,Closed,8884630000000442076,Customer A,,False,2026-08-17,,PKR,1.0,entity_level,True,Compact,0.0,200.0,200.0,0.0,0.0,0.0,0.0,Adjustment,,2026-08-17,0,Due on Receipt,0.0,0.0,,"Thanks for your business. For any assistance, please feel free to contact us.","1. The Company is not responsible for any damage incurred during transportation, whether via local delivery or cargo services.
2. The warranty period shall commence and expire as scheduled, regardless of whether the product has been used or installed.
3. Removal or tampering with the barcode, serial number, or packaging information will void any warranty claims.
4. The original packaging (box), whether for new or used items, is mandatory for all warranty claims.
5. All used items are subject to a limited warranty; defects such as dead, damaged, or burned components are not covered.
6. The Company reserves the right to refuse any warranty claim in cases of late or unpaid invoices.
7. Under local warranty, valid customer claims will be processed without additional charges and may require a reasonable processing period.
8. External factors such as vendor delays, shipping disruptions or unusual national circumstances are beyond our control.",50.0,0.0,,,,,,login L1947 Data Cable Micro 1m white,,1,0.0,0.0,200.0,,250.0,8.884630000000602e+18,,,,,False,False,False,False,False,False,False,False,False,False,False,False,False,False,False,False,False,,,,,,,,,,,,,,,,,,,010000005240,,,0.0,,,,,,,,,,,,Sales,,,,,,,
2026-08-17,8884630000001287102,INV-000284,,2026-08-17,Closed,8884630000000442076,Customer A,,False,2026-08-17,,PKR,1.0,entity_level,True,Compact,0.0,500.0,500.0,0.0,0.0,0.0,0.0,Adjustment,,2026-08-17,0,Due on Receipt,0.0,0.0,,"Thanks for your business. For any assistance, please feel free to contact us.","1. The Company is not responsible for any damage incurred during transportation, whether via local delivery or cargo services.
2. The warranty period shall commence and expire as scheduled, regardless of whether the product has been used or installed.
3. Removal or tampering with the barcode, serial number, or packaging information will void any warranty claims.
4. The original packaging (box), whether for new or used items, is mandatory for all warranty claims.
5. All used items are subject to a limited warranty; defects such as dead, damaged, or burned components are not covered.
6. The Company reserves the right to refuse any warranty claim in cases of late or unpaid invoices.
7. Under local warranty, valid customer claims will be processed without additional charges and may require a reasonable processing period.
8. External factors such as vendor delays, shipping disruptions or unusual national circumstances are beyond our control.",0.0,0.0,,,,,,Computer Service,Filmora installation,1,0.0,0.0,500.0,,500.0,8.884630000000208e+18,,,,,False,False,False,False,False,False,False,False,False,False,False,False,False,False,False,False,False,,,,,,,,,,,,,,,,,,,pcservice,,,0.0,,,,,,,,,,,,Sales,,,,,,,
2026-08-18,8884630000001290001,INV-000285,,2026-08-18,Closed,8884630000000442076,Customer A,,False,2026-08-18,,PKR,1.0,entity_level,True,Compact,0.0,200.0,200.0,0.0,0.0,0.0,0.0,Adjustment,,2026-08-18,0,Due on Receipt,0.0,0.0,,"Thanks for your business. For any assistance, please feel free to contact us.","1. The Company is not responsible for any damage incurred during transportation, whether via local delivery or cargo services.
2. The warranty period shall commence and expire as scheduled, regardless of whether the product has been used or installed.
3. Removal or tampering with the barcode, serial number, or packaging information will void any warranty claims.
4. The original packaging (box), whether for new or used items, is mandatory for all warranty claims.
5. All used items are subject to a limited warranty; defects such as dead, damaged, or burned components are not covered.
6. The Company reserves the right to refuse any warranty claim in cases of late or unpaid invoices.
7. Under local warranty, valid customer claims will be processed without additional charges and may require a reasonable processing period.
8. External factors such as vendor delays, shipping disruptions or unusual national circumstances are beyond our control.",450.0,0.0,,,,,,Computer Service,,1,0.0,0.0,153.85,,500.0,8.884630000000208e+18,,,,,False,False,False,False,False,False,False,False,False,False,False,False,False,False,False,False,False,,,,,,,,,,,,,,,,,,,pcservice,,,0.0,,,,,,,,,,,,Sales,,,,,,,
2026-08-18,8884630000001290001,INV-000285,,2026-08-18,Closed,8884630000000442076,Customer A,,False,2026-08-18,,PKR,1.0,entity_level,True,Compact,0.0,200.0,200.0,0.0,0.0,0.0,0.0,Adjustment,,2026-08-18,0,Due on Receipt,0.0,0.0,,"Thanks for your business. For any assistance, please feel free to contact us.","1. The Company is not responsible for any damage incurred during transportation, whether via local delivery or cargo services.
2. The warranty period shall commence and expire as scheduled, regardless of whether the product has been used or installed.
3. Removal or tampering with the barcode, serial number, or packaging information will void any warranty claims.
4. The original packaging (box), whether for new or used items, is mandatory for all warranty claims.
5. All used items are subject to a limited warranty; defects such as dead, damaged, or burned components are not covered.
6. The Company reserves the right to refuse any warranty claim in cases of late or unpaid invoices.
7. Under local warranty, valid customer claims will be processed without additional charges and may require a reasonable processing period.
8. External factors such as vendor delays, shipping disruptions or unusual national circumstances are beyond our control.",450.0,0.0,,,,,,Camelion 3v Cr2025 Cell,,1,0.0,0.0,46.15,,150.0,8.884630000000855e+18,,,,,False,False,False,False,False,False,False,False,False,False,False,False,False,False,False,False,False,,,,,,,,,,,,,,,,,,,c3v,,,0.0,,,,,,,,,,,,Sales,,,,,,,
2026-08-18,8884630000001290236,INV-000286,,2026-08-18,Closed,8884630000000442076,Customer A,,False,2026-08-18,,PKR,1.0,entity_level,True,Compact,0.0,2000.0,2000.0,0.0,0.0,0.0,0.0,Adjustment,,2026-08-18,0,Due on Receipt,0.0,0.0,,"Thanks for your business. For any assistance, please feel free to contact us.","1. The Company is not responsible for any damage incurred during transportation, whether via local delivery or cargo services.
2. The warranty period shall commence and expire as scheduled, regardless of whether the product has been used or installed.
3. Removal or tampering with the barcode, serial number, or packaging information will void any warranty claims.
4. The original packaging (box), whether for new or used items, is mandatory for all warranty claims.
5. All used items are subject to a limited warranty; defects such as dead, damaged, or burned components are not covered.
6. The Company reserves the right to refuse any warranty claim in cases of late or unpaid invoices.
7. Under local warranty, valid customer claims will be processed without additional charges and may require a reasonable processing period.
8. External factors such as vendor delays, shipping disruptions or unusual national circumstances are beyond our control.",0.0,0.0,,,,,,4GB DDR3 Ram - Used,,1,0.0,0.0,2000.0,,2000.0,8.884630000001263e+18,,,,,False,False,False,False,False,False,False,False,False,False,False,False,False,False,False,False,False,,,,,,,,,,,,,,,,,,,3289467823,,,0.0,,,,,,,,,,,,Sales,,,,,,,
2026-08-19,8884630000001295047,INV-000287,,2026-08-19,Closed,8884630000000442076,Customer A,,False,2026-08-19,,PKR,1.0,entity_level,True,Compact,0.0,1000.0,1000.0,0.0,0.0,0.0,0.0,Adjustment,,2026-08-19,0,Due on Receipt,0.0,0.0,,"Thanks for your business. For any assistance, please feel free to contact us.","1. The Company is not responsible for any damage incurred during transportation, whether via local delivery or cargo services.
2. The warranty period shall commence and expire as scheduled, regardless of whether the product has been used or installed.
3. Removal or tampering with the barcode, serial number, or packaging information will void any warranty claims.
4. The original packaging (box), whether for new or used items, is mandatory for all warranty claims.
5. All used items are subject to a limited warranty; defects such as dead, damaged, or burned components are not covered.
6. The Company reserves the right to refuse any warranty claim in cases of late or unpaid invoices.
7. Under local warranty, valid customer claims will be processed without additional charges and may require a reasonable processing period.
8. External factors such as vendor delays, shipping disruptions or unusual national circumstances are beyond our control.",0.0,0.0,,,,,,Alfa U01 Wirelss Wifi Adapter,check warranty,1,0.0,0.0,1000.0,,1000.0,8.884630000000125e+18,,,,,False,False,False,False,False,False,False,False,False,False,False,False,False,False,False,False,False,,,,,,,,,,,,,,,,,,,010000000658,,,0.0,,,,,,,,,,,,Sales,,,,,,,
2026-08-17,8884630000001287085,INV-000283,,2026-08-19,Closed,8884630000001339141,Customer B,,False,2026-08-17,,PKR,1.0,entity_level,True,Compact,0.0,0.0,0.0,0.0,0.0,0.0,0.0,Adjustment,,,0,Due on Receipt,0.0,0.0,,"Thanks for your business. For any assistance, please feel free to contact us.","1. The Company is not responsible for any damage incurred during transportation, whether via local delivery or cargo services.
2. The warranty period shall commence and expire as scheduled, regardless of whether the product has been used or installed.
3. Removal or tampering with the barcode, serial number, or packaging information will void any warranty claims.
4. The original packaging (box), whether for new or used items, is mandatory for all warranty claims.
5. All used items are subject to a limited warranty; defects such as dead, damaged, or burned components are not covered.
6. The Company reserves the right to refuse any warranty claim in cases of late or unpaid invoices.
7. Under local warranty, valid customer claims will be processed without additional charges and may require a reasonable processing period.
8. External factors such as vendor delays, shipping disruptions or unusual national circumstances are beyond our control.",0.0,0.0,,,,,,Camelion 3v Cr2025 Cell,Shop use,1,0.0,0.0,0.0,,0.0,8.884630000000855e+18,,,,,False,False,False,False,False,False,False,False,False,False,False,False,False,False,False,False,False,,,,,,,,,,,,,,,,,,,c3v,,,0.0,,,,,,,,,,,,Sales,,,,,,,
2026-08-19,8884630000001295320,INV-000288,,2026-08-19,Closed,8884630000001295311,Customer N,,False,2026-08-19,,PKR,1.0,entity_level,True,Compact,0.0,33500.0,33500.0,0.0,0.0,0.0,0.0,Adjustment,,2026-08-19,0,Due on Receipt,0.0,0.0,,"Thanks for your business. For any assistance, please feel free to contact us.","1. The Company is not responsible for any damage incurred during transportation, whether via local delivery or cargo services.
2. The warranty period shall commence and expire as scheduled, regardless of whether the product has been used or installed.
3. Removal or tampering with the barcode, serial number, or packaging information will void any warranty claims.
4. The original packaging (box), whether for new or used items, is mandatory for all warranty claims.
5. All used items are subject to a limited warranty; defects such as dead, damaged, or burned components are not covered.
6. The Company reserves the right to refuse any warranty claim in cases of late or unpaid invoices.
7. Under local warranty, valid customer claims will be processed without additional charges and may require a reasonable processing period.
8. External factors such as vendor delays, shipping disruptions or unusual national circumstances are beyond our control.",2500.0,0.0,,,,,,Intel i5 10400F CPU + H410M V3 Mobo pkg - used,15 days warranty,1,0.0,0.0,29777.78,,32000.0,8.884630000000999e+18,,,,,False,False,False,False,False,False,False,False,False,False,False,False,False,False,False,False,False,,,,,,,,,,,,,,,,,,,100005018,,,0.0,,,,,,,,,,,,Sales,,,,,,,
2026-08-19,8884630000001295320,INV-000288,,2026-08-19,Closed,8884630000001295311,Customer N,,False,2026-08-19,,PKR,1.0,entity_level,True,Compact,0.0,33500.0,33500.0,0.0,0.0,0.0,0.0,Adjustment,,2026-08-19,0,Due on Receipt,0.0,0.0,,"Thanks for your business. For any assistance, please feel free to contact us.","1. The Company is not responsible for any damage incurred during transportation, whether via local delivery or cargo services.
2. The warranty period shall commence and expire as scheduled, regardless of whether the product has been used or installed.
3. Removal or tampering with the barcode, serial number, or packaging information will void any warranty claims.
4. The original packaging (box), whether for new or used items, is mandatory for all warranty claims.
5. All used items are subject to a limited warranty; defects such as dead, damaged, or burned components are not covered.
6. The Company reserves the right to refuse any warranty claim in cases of late or unpaid invoices.
7. Under local warranty, valid customer claims will be processed without additional charges and may require a reasonable processing period.
8. External factors such as vendor delays, shipping disruptions or unusual national circumstances are beyond our control.",2500.0,0.0,,,,,,DeepCool White Air Cooler - used,,1,0.0,0.0,3722.22,,4000.0,8.88463000000108e+18,,,,,False,False,False,False,False,False,False,False,False,False,False,False,False,False,False,False,False,,,,,,,,,,,,,,,,,,,100005014,,,0.0,,,,,,,,,,,,Sales,,,,,,,
2026-08-19,8884630000001295405,INV-000289,,2026-08-19,Closed,8884630000000442076,Customer A,,False,2026-08-19,,PKR,1.0,entity_level,True,Compact,0.0,1100.0,1100.0,0.0,0.0,0.0,0.0,Adjustment,,2026-08-19,0,Due on Receipt,0.0,0.0,,"Thanks for your business. For any assistance, please feel free to contact us.","1. The Company is not responsible for any damage incurred during transportation, whether via local delivery or cargo services.
2. The warranty period shall commence and expire as scheduled, regardless of whether the product has been used or installed.
3. Removal or tampering with the barcode, serial number, or packaging information will void any warranty claims.
4. The original packaging (box), whether for new or used items, is mandatory for all warranty claims.
5. All used items are subject to a limited warranty; defects such as dead, damaged, or burned components are not covered.
6. The Company reserves the right to refuse any warranty claim in cases of late or unpaid invoices.
7. Under local warranty, valid customer claims will be processed without additional charges and may require a reasonable processing period.
8. External factors such as vendor delays, shipping disruptions or unusual national circumstances are beyond our control.",0.0,0.0,,,,,,Redragon BM4049 Wired Mouse,customer,1,0.0,0.0,1100.0,,1100.0,8.884630000000598e+18,,,,,False,False,False,False,False,False,False,False,False,False,False,False,False,False,False,False,False,,,,,,,,,,,,,,,,,,,010000005363,,,0.0,,,,,,,,,,,,Sales,,,,,,,
2026-08-19,8884630000001295525,INV-000290,,2026-08-19,Closed,8884630000000442076,Customer A,,False,2026-08-19,,PKR,1.0,entity_level,True,Compact,0.0,95000.0,95000.0,0.0,0.0,0.0,0.0,Adjustment,,2026-08-19,0,Due on Receipt,0.0,0.0,,"Thanks for your business. For any assistance, please feel free to contact us.","1. The Company is not responsible for any damage incurred during transportation, whether via local delivery or cargo services.
2. The warranty period shall commence and expire as scheduled, regardless of whether the product has been used or installed.
3. Removal or tampering with the barcode, serial number, or packaging information will void any warranty claims.
4. The original packaging (box), whether for new or used items, is mandatory for all warranty claims.
5. All used items are subject to a limited warranty; defects such as dead, damaged, or burned components are not covered.
6. The Company reserves the right to refuse any warranty claim in cases of late or unpaid invoices.
7. Under local warranty, valid customer claims will be processed without additional charges and may require a reasonable processing period.
8. External factors such as vendor delays, shipping disruptions or unusual national circumstances are beyond our control.",1000.0,0.0,,,,,,Dell Latitude 7420,,1,0.0,0.0,94010.42,,95000.0,8.884630000001295e+18,,,,,False,False,False,False,False,False,False,False,False,False,False,False,False,False,False,False,False,,,,,,,,,,,,,,,,,,,1233253253,,,0.0,,,,,,,,,,,,Sales,,,,,,,
2026-08-19,8884630000001295525,INV-000290,,2026-08-19,Closed,8884630000000442076,Customer A,,False,2026-08-19,,PKR,1.0,entity_level,True,Compact,0.0,95000.0,95000.0,0.0,0.0,0.0,0.0,Adjustment,,2026-08-19,0,Due on Receipt,0.0,0.0,,"Thanks for your business. For any assistance, please feel free to contact us.","1. The Company is not responsible for any damage incurred during transportation, whether via local delivery or cargo services.
2. The warranty period shall commence and expire as scheduled, regardless of whether the product has been used or installed.
3. Removal or tampering with the barcode, serial number, or packaging information will void any warranty claims.
4. The original packaging (box), whether for new or used items, is mandatory for all warranty claims.
5. All used items are subject to a limited warranty; defects such as dead, damaged, or burned components are not covered.
6. The Company reserves the right to refuse any warranty claim in cases of late or unpaid invoices.
7. Under local warranty, valid customer claims will be processed without additional charges and may require a reasonable processing period.
8. External factors such as vendor delays, shipping disruptions or unusual national circumstances are beyond our control.",1000.0,0.0,,,,,,Laptop Standard Bag,,1,0.0,0.0,989.58,,1000.0,8.884630000001198e+18,,,,,False,False,False,False,False,False,False,False,False,False,False,False,False,False,False,False,False,,,,,,,,,,,,,,,,,,,7777001,,,0.0,,,,,,,,,,,,Sales,,,,,,,
2026-08-20,8884630000001309030,INV-000291,,2026-08-20,Closed,8884630000000442076,Customer A,,False,2026-08-20,,PKR,1.0,entity_level,True,Compact,0.0,1500.0,1500.0,0.0,0.0,0.0,0.0,Adjustment,,2026-08-20,0,Due on Receipt,0.0,0.0,,"Thanks for your business. For any assistance, please feel free to contact us.","1. The Company is not responsible for any damage incurred during transportation, whether via local delivery or cargo services.
2. The warranty period shall commence and expire as scheduled, regardless of whether the product has been used or installed.
3. Removal or tampering with the barcode, serial number, or packaging information will void any warranty claims.
4. The original packaging (box), whether for new or used items, is mandatory for all warranty claims.
5. All used items are subject to a limited warranty; defects such as dead, damaged, or burned components are not covered.
6. The Company reserves the right to refuse any warranty claim in cases of late or unpaid invoices.
7. Under local warranty, valid customer claims will be processed without additional charges and may require a reasonable processing period.
8. External factors such as vendor delays, shipping disruptions or unusual national circumstances are beyond our control.",50.0,0.0,,,,,,P47 Wireless Headphone,,1,0.0,0.0,1500.0,,1550.0,8.884630000000976e+18,,,,,False,False,False,False,False,False,False,False,False,False,False,False,False,False,False,False,False,,,,,,,,,,,,,,,,,,,100005039,,,0.0,,,,,,,,,,,,Sales,,,,,,,
2026-08-20,8884630000001309070,INV-000292,,2026-08-20,Closed,8884630000000442076,Customer A,,False,2026-08-20,,PKR,1.0,entity_level,True,Compact,0.0,28000.0,28200.0,0.0,0.0,0.0,0.0,Adjustment,,2026-08-20,0,Due on Receipt,0.0,0.0,,"Thanks for your business. For any assistance, please feel free to contact us.","1. The Company is not responsible for any damage incurred during transportation, whether via local delivery or cargo services.
2. The warranty period shall commence and expire as scheduled, regardless of whether the product has been used or installed.
3. Removal or tampering with the barcode, serial number, or packaging information will void any warranty claims.
4. The original packaging (box), whether for new or used items, is mandatory for all warranty claims.
5. All used items are subject to a limited warranty; defects such as dead, damaged, or burned components are not covered.
6. The Company reserves the right to refuse any warranty claim in cases of late or unpaid invoices.
7. Under local warranty, valid customer claims will be processed without additional charges and may require a reasonable processing period.
8. External factors such as vendor delays, shipping disruptions or unusual national circumstances are beyond our control.",0.0,200.0,,,,,,Ryzen 5 7500F Tray CPU - used,Khanpur,1,0.0,0.0,28000.0,,28000.0,8.884630000001237e+18,,,,,False,False,False,False,False,False,False,False,False,False,False,False,False,False,False,False,False,,,,,,,,,,,,,,,,,,,100005100,,,0.0,,,,,,,,,,,,Sales,,,,,,,
2026-08-20,8884630000001309226,INV-000294,,2026-08-20,Closed,8884630000000302016,Customer A,,False,2026-08-20,,PKR,1.0,entity_level,True,Compact,0.0,3200.0,3200.0,0.0,0.0,0.0,0.0,Adjustment,,2026-08-20,0,Due on Receipt,0.0,0.0,,"Thanks for your business. For any assistance, please feel free to contact us.","1. The Company is not responsible for any damage incurred during transportation, whether via local delivery or cargo services.
2. The warranty period shall commence and expire as scheduled, regardless of whether the product has been used or installed.
3. Removal or tampering with the barcode, serial number, or packaging information will void any warranty claims.
4. The original packaging (box), whether for new or used items, is mandatory for all warranty claims.
5. All used items are subject to a limited warranty; defects such as dead, damaged, or burned components are not covered.
6. The Company reserves the right to refuse any warranty claim in cases of late or unpaid invoices.
7. Under local warranty, valid customer claims will be processed without additional charges and may require a reasonable processing period.
8. External factors such as vendor delays, shipping disruptions or unusual national circumstances are beyond our control.",150.0,0.0,,,,,,Universal Type-C Laptop Charger,,1,0.0,0.0,2770.15,,2900.0,8.88463000000128e+18,,,,,False,False,False,False,False,False,False,False,False,False,False,False,False,False,False,False,False,,,,,,,,,,,,,,,,,,,4652346534,,,0.0,,,,,,,,,,,,Sales,,,,,,,
2026-08-20,8884630000001309226,INV-000294,,2026-08-20,Closed,8884630000000302016,Customer A,,False,2026-08-20,,PKR,1.0,entity_level,True,Compact,0.0,3200.0,3200.0,0.0,0.0,0.0,0.0,Adjustment,,2026-08-20,0,Due on Receipt,0.0,0.0,,"Thanks for your business. For any assistance, please feel free to contact us.","1. The Company is not responsible for any damage incurred during transportation, whether via local delivery or cargo services.
2. The warranty period shall commence and expire as scheduled, regardless of whether the product has been used or installed.
3. Removal or tampering with the barcode, serial number, or packaging information will void any warranty claims.
4. The original packaging (box), whether for new or used items, is mandatory for all warranty claims.
5. All used items are subject to a limited warranty; defects such as dead, damaged, or burned components are not covered.
6. The Company reserves the right to refuse any warranty claim in cases of late or unpaid invoices.
7. Under local warranty, valid customer claims will be processed without additional charges and may require a reasonable processing period.
8. External factors such as vendor delays, shipping disruptions or unusual national circumstances are beyond our control.",150.0,0.0,,,,,,Laptop Power Cable (2 Pronged),,1,0.0,0.0,429.85,,450.0,8.884630000001193e+18,,,,,False,False,False,False,False,False,False,False,False,False,False,False,False,False,False,False,False,,,,,,,,,,,,,,,,,,,5754364323,,,0.0,,,,,,,,,,,,Sales,,,,,,,
2026-08-21,8884630000001321030,INV-000295,,2026-08-21,Closed,8884630000000442076,Customer A,,False,2026-08-21,,PKR,1.0,entity_level,True,Compact,0.0,500.0,500.0,0.0,0.0,0.0,0.0,Adjustment,,2026-08-21,0,Due on Receipt,0.0,0.0,,"Thanks for your business. For any assistance, please feel free to contact us.","1. The Company is not responsible for any damage incurred during transportation, whether via local delivery or cargo services.
2. The warranty period shall commence and expire as scheduled, regardless of whether the product has been used or installed.
3. Removal or tampering with the barcode, serial number, or packaging information will void any warranty claims.
4. The original packaging (box), whether for new or used items, is mandatory for all warranty claims.
5. All used items are subject to a limited warranty; defects such as dead, damaged, or burned components are not covered.
6. The Company reserves the right to refuse any warranty claim in cases of late or unpaid invoices.
7. Under local warranty, valid customer claims will be processed without additional charges and may require a reasonable processing period.
8. External factors such as vendor delays, shipping disruptions or unusual national circumstances are beyond our control.",0.0,0.0,,,,,,Laptop Repair,Troubleshooting: Motherboard issue,1,0.0,0.0,500.0,,500.0,8.884630000000976e+18,,,,,False,False,False,False,False,False,False,False,False,False,False,False,False,False,False,False,False,,,,,,,,,,,,,,,,,,,laptopsvc,,,0.0,,,,,,,,,,,,Sales,,,,,,,
2026-08-22,8884630000001327052,INV-000296,,2026-08-22,Closed,8884630000000442076,Customer A,,False,2026-08-22,,PKR,1.0,entity_level,True,Compact,0.0,500.0,500.0,0.0,0.0,0.0,0.0,Adjustment,,2026-08-22,0,Due on Receipt,0.0,0.0,,"Thanks for your business. For any assistance, please feel free to contact us.","1. The Company is not responsible for any damage incurred during transportation, whether via local delivery or cargo services.
2. The warranty period shall commence and expire as scheduled, regardless of whether the product has been used or installed.
3. Removal or tampering with the barcode, serial number, or packaging information will void any warranty claims.
4. The original packaging (box), whether for new or used items, is mandatory for all warranty claims.
5. All used items are subject to a limited warranty; defects such as dead, damaged, or burned components are not covered.
6. The Company reserves the right to refuse any warranty claim in cases of late or unpaid invoices.
7. Under local warranty, valid customer claims will be processed without additional charges and may require a reasonable processing period.
8. External factors such as vendor delays, shipping disruptions or unusual national circumstances are beyond our control.",0.0,0.0,,,,,,Computer Service,GPU Test,1,0.0,0.0,500.0,,500.0,8.884630000000208e+18,,,,,False,False,False,False,False,False,False,False,False,False,False,False,False,False,False,False,False,,,,,,,,,,,,,,,,,,,pcservice,,,0.0,,,,,,,,,,,,Sales,,,,,,,
2026-08-22,8884630000001327091,INV-000297,,2026-08-22,Closed,8884630000000380022,Customer O,,False,2026-08-22,,PKR,1.0,entity_level,True,Compact,0.0,2300.0,2300.0,0.0,0.0,0.0,0.0,Adjustment,,2026-08-22,0,Due on Receipt,0.0,0.0,,"Thanks for your business. For any assistance, please feel free to contact us.","1. The Company is not responsible for any damage incurred during transportation, whether via local delivery or cargo services.
2. The warranty period shall commence and expire as scheduled, regardless of whether the product has been used or installed.
3. Removal or tampering with the barcode, serial number, or packaging information will void any warranty claims.
4. The original packaging (box), whether for new or used items, is mandatory for all warranty claims.
5. All used items are subject to a limited warranty; defects such as dead, damaged, or burned components are not covered.
6. The Company reserves the right to refuse any warranty claim in cases of late or unpaid invoices.
7. Under local warranty, valid customer claims will be processed without additional charges and may require a reasonable processing period.
8. External factors such as vendor delays, shipping disruptions or unusual national circumstances are beyond our control.",500.0,0.0,,,,,,Laptop Premium Bag (DELL),,1,0.0,0.0,2300.0,,2800.0,8.884630000001198e+18,,,,,False,False,False,False,False,False,False,False,False,False,False,False,False,False,False,False,False,,,,,,,,,,,,,,,,,,,777702,,,0.0,,,,,,,,,,,,Sales,,,,,,,
2026-08-22,8884630000001327274,INV-000298,,2026-08-22,Closed,8884630000000380022,Customer O,,False,2026-08-22,,PKR,1.0,entity_level,True,Compact,0.0,3500.0,3900.0,0.0,0.0,0.0,0.0,Adjustment,,2026-08-22,0,Due on Receipt,0.0,0.0,,"Thanks for your business. For any assistance, please feel free to contact us.","1. The Company is not responsible for any damage incurred during transportation, whether via local delivery or cargo services.
2. The warranty period shall commence and expire as scheduled, regardless of whether the product has been used or installed.
3. Removal or tampering with the barcode, serial number, or packaging information will void any warranty claims.
4. The original packaging (box), whether for new or used items, is mandatory for all warranty claims.
5. All used items are subject to a limited warranty; defects such as dead, damaged, or burned components are not covered.
6. The Company reserves the right to refuse any warranty claim in cases of late or unpaid invoices.
7. Under local warranty, valid customer claims will be processed without additional charges and may require a reasonable processing period.
8. External factors such as vendor delays, shipping disruptions or unusual national circumstances are beyond our control.",0.0,400.0,,,,,,keyboard for laptop,,1,0.0,0.0,3500.0,,3500.0,8.884630000001327e+18,,,,,False,False,False,False,False,False,False,False,False,False,False,False,False,False,False,False,False,,,,,,,,,,,,,,,,,,,435646235345,,,0.0,,,,,,,,,,,,Sales,,,,,,,
2026-08-22,8884630000001327296,INV-000299,,2026-08-22,Closed,8884630000000442076,Customer A,,False,2026-08-22,,PKR,1.0,entity_level,True,Compact,0.0,1000.0,1000.0,0.0,0.0,0.0,0.0,Adjustment,,2026-08-22,0,Due on Receipt,0.0,0.0,,"Thanks for your business. For any assistance, please feel free to contact us.","1. The Company is not responsible for any damage incurred during transportation, whether via local delivery or cargo services.
2. The warranty period shall commence and expire as scheduled, regardless of whether the product has been used or installed.
3. Removal or tampering with the barcode, serial number, or packaging information will void any warranty claims.
4. The original packaging (box), whether for new or used items, is mandatory for all warranty claims.
5. All used items are subject to a limited warranty; defects such as dead, damaged, or burned components are not covered.
6. The Company reserves the right to refuse any warranty claim in cases of late or unpaid invoices.
7. Under local warranty, valid customer claims will be processed without additional charges and may require a reasonable processing period.
8. External factors such as vendor delays, shipping disruptions or unusual national circumstances are beyond our control.",0.0,0.0,,,,,,GD900 7g Paste,,1,0.0,0.0,1000.0,,1000.0,8.884630000001193e+18,,,,,False,False,False,False,False,False,False,False,False,False,False,False,False,False,False,False,False,,,,,,,,,,,,,,,,,,,2134436534645,,,0.0,,,,,,,,,,,,Sales,,,,,,,
2026-08-23,8884630000001336001,INV-000300,,2026-08-23,Closed,8884630000001335001,Customer P,,False,2026-08-23,,PKR,1.0,entity_level,True,Compact,0.0,2000.0,2000.0,0.0,0.0,0.0,0.0,Adjustment,,2026-08-23,0,Due on Receipt,0.0,0.0,,"Thanks for your business. For any assistance, please feel free to contact us.","1. The Company is not responsible for any damage incurred during transportation, whether via local delivery or cargo services.
2. The warranty period shall commence and expire as scheduled, regardless of whether the product has been used or installed.
3. Removal or tampering with the barcode, serial number, or packaging information will void any warranty claims.
4. The original packaging (box), whether for new or used items, is mandatory for all warranty claims.
5. All used items are subject to a limited warranty; defects such as dead, damaged, or burned components are not covered.
6. The Company reserves the right to refuse any warranty claim in cases of late or unpaid invoices.
7. Under local warranty, valid customer claims will be processed without additional charges and may require a reasonable processing period.
8. External factors such as vendor delays, shipping disruptions or unusual national circumstances are beyond our control.",0.0,0.0,,,,,,Grippy 8gb Usb,Grippy 8gb USB bootable with windows 11. ,1,0.0,0.0,2000.0,,2000.0,8.884630000000187e+18,,,,,False,False,False,False,False,False,False,False,False,False,False,False,False,False,False,False,False,,,,,,,,,,,,,,,,,,,010000001136,,,0.0,,,,,,,,,,,,Sales,,,,,,,
2026-08-23,8884630000001337001,INV-000301,,2026-08-23,Overdue,8884630000001001322,Customer Q,,False,2026-08-23,,PKR,1.0,entity_level,True,Compact,0.0,5700.0,5700.0,0.0,0.0,4900.0,0.0,Adjustment,,2026-08-25,0,Due on Receipt,0.0,0.0,,"Thanks for your business. For any assistance, please feel free to contact us.","1. The Company is not responsible for any damage incurred during transportation, whether via local delivery or cargo services.
2. The warranty period shall commence and expire as scheduled, regardless of whether the product has been used or installed.
3. Removal or tampering with the barcode, serial number, or packaging information will void any warranty claims.
4. The original packaging (box), whether for new or used items, is mandatory for all warranty claims.
5. All used items are subject to a limited warranty; defects such as dead, damaged, or burned components are not covered.
6. The Company reserves the right to refuse any warranty claim in cases of late or unpaid invoices.
7. Under local warranty, valid customer claims will be processed without additional charges and may require a reasonable processing period.
8. External factors such as vendor delays, shipping disruptions or unusual national circumstances are beyond our control.",0.0,0.0,,,,,,Bloody GPW50 Sports Red Controller,"Pacific
Aug 18",1,0.0,0.0,4900.0,,4900.0,8.884630000000144e+18,,,,,False,False,False,False,False,False,False,False,False,False,False,False,False,False,False,False,False,,,,,,,,,,,,,,,,,,,010000000757,,,0.0,,,,,,,,,,,,Sales,,,,,,,
2026-08-23,8884630000001337001,INV-000301,,2026-08-23,Overdue,8884630000001001322,Customer Q,,False,2026-08-23,,PKR,1.0,entity_level,True,Compact,0.0,5700.0,5700.0,0.0,0.0,4900.0,0.0,Adjustment,,2026-08-25,0,Due on Receipt,0.0,0.0,,"Thanks for your business. For any assistance, please feel free to contact us.","1. The Company is not responsible for any damage incurred during transportation, whether via local delivery or cargo services.
2. The warranty period shall commence and expire as scheduled, regardless of whether the product has been used or installed.
3. Removal or tampering with the barcode, serial number, or packaging information will void any warranty claims.
4. The original packaging (box), whether for new or used items, is mandatory for all warranty claims.
5. All used items are subject to a limited warranty; defects such as dead, damaged, or burned components are not covered.
6. The Company reserves the right to refuse any warranty claim in cases of late or unpaid invoices.
7. Under local warranty, valid customer claims will be processed without additional charges and may require a reasonable processing period.
8. External factors such as vendor delays, shipping disruptions or unusual national circumstances are beyond our control.",0.0,0.0,,,,,,2gb Ram DDR3,"subhan 
aug 25",1,0.0,0.0,800.0,,800.0,8.884630000001339e+18,,,,,False,False,False,False,False,False,False,False,False,False,False,False,False,False,False,False,False,,,,,,,,,,,,,,,,,,,100005139,,,0.0,,,,,,,,,,,,Sales,,,,,,,
2026-08-23,8884630000001337022,INV-000302,,2026-08-23,Closed,8884630000000442076,Customer A,,False,2026-08-23,,PKR,1.0,entity_level,True,Compact,0.0,4700.0,4700.0,0.0,0.0,0.0,0.0,Adjustment,,2026-08-23,0,Due on Receipt,0.0,0.0,,"Thanks for your business. For any assistance, please feel free to contact us.","1. The Company is not responsible for any damage incurred during transportation, whether via local delivery or cargo services.
2. The warranty period shall commence and expire as scheduled, regardless of whether the product has been used or installed.
3. Removal or tampering with the barcode, serial number, or packaging information will void any warranty claims.
4. The original packaging (box), whether for new or used items, is mandatory for all warranty claims.
5. All used items are subject to a limited warranty; defects such as dead, damaged, or burned components are not covered.
6. The Company reserves the right to refuse any warranty claim in cases of late or unpaid invoices.
7. Under local warranty, valid customer claims will be processed without additional charges and may require a reasonable processing period.
8. External factors such as vendor delays, shipping disruptions or unusual national circumstances are beyond our control.",300.0,0.0,,,,,,A4Tech FBK27C AS Black Wireless Keyboard,1 month warranty,1,0.0,0.0,4700.0,,5000.0,8.884630000000146e+18,,,,,False,False,False,False,False,False,False,False,False,False,False,False,False,False,False,False,False,,,,,,,,,,,,,,,,,,,010000001181,,,0.0,,,,,,,,,,,,Sales,,,,,,,
2026-08-23,8884630000001337062,INV-000303,,2026-08-23,Closed,8884630000000442076,Customer A,,False,2026-08-23,,PKR,1.0,entity_level,True,Compact,0.0,400.0,400.0,0.0,0.0,0.0,0.0,Adjustment,,2026-08-23,0,Due on Receipt,0.0,0.0,,"Thanks for your business. For any assistance, please feel free to contact us.","1. The Company is not responsible for any damage incurred during transportation, whether via local delivery or cargo services.
2. The warranty period shall commence and expire as scheduled, regardless of whether the product has been used or installed.
3. Removal or tampering with the barcode, serial number, or packaging information will void any warranty claims.
4. The original packaging (box), whether for new or used items, is mandatory for all warranty claims.
5. All used items are subject to a limited warranty; defects such as dead, damaged, or burned components are not covered.
6. The Company reserves the right to refuse any warranty claim in cases of late or unpaid invoices.
7. Under local warranty, valid customer claims will be processed without additional charges and may require a reasonable processing period.
8. External factors such as vendor delays, shipping disruptions or unusual national circumstances are beyond our control.",100.0,0.0,,,,,,Computer Service,Thermal pasting,1,0.0,0.0,400.0,,500.0,8.884630000000208e+18,,,,,False,False,False,False,False,False,False,False,False,False,False,False,False,False,False,False,False,,,,,,,,,,,,,,,,,,,pcservice,,,0.0,,,,,,,,,,,,Sales,,,,,,,
2026-08-24,8884630000001339153,INV-000304,,2026-08-24,Closed,8884630000001339141,Customer B,,False,2026-08-24,,PKR,1.0,entity_level,True,Compact,0.0,0.0,0.0,0.0,0.0,0.0,0.0,Adjustment,,,0,Due on Receipt,0.0,0.0,,"Thanks for your business. For any assistance, please feel free to contact us.","1. The Company is not responsible for any damage incurred during transportation, whether via local delivery or cargo services.
2. The warranty period shall commence and expire as scheduled, regardless of whether the product has been used or installed.
3. Removal or tampering with the barcode, serial number, or packaging information will void any warranty claims.
4. The original packaging (box), whether for new or used items, is mandatory for all warranty claims.
5. All used items are subject to a limited warranty; defects such as dead, damaged, or burned components are not covered.
6. The Company reserves the right to refuse any warranty claim in cases of late or unpaid invoices.
7. Under local warranty, valid customer claims will be processed without additional charges and may require a reasonable processing period.
8. External factors such as vendor delays, shipping disruptions or unusual national circumstances are beyond our control.",0.0,0.0,,,,,,3 port extension cable,,1,0.0,0.0,0.0,,0.0,8.884630000000187e+18,,,,,False,False,False,False,False,False,False,False,False,False,False,False,False,False,False,False,False,,,,,,,,,,,,,,,,,,,010000001143,,,0.0,,,,,,,,,,,,Sales,,,,,,,
2026-08-24,8884630000001339514,INV-000305,,2026-08-24,Closed,8884630000000442076,Customer A,,False,2026-08-24,,PKR,1.0,entity_level,True,Compact,0.0,1300.0,1300.0,0.0,0.0,0.0,0.0,Adjustment,,2026-08-24,0,Due on Receipt,0.0,0.0,,"Thanks for your business. For any assistance, please feel free to contact us.","1. The Company is not responsible for any damage incurred during transportation, whether via local delivery or cargo services.
2. The warranty period shall commence and expire as scheduled, regardless of whether the product has been used or installed.
3. Removal or tampering with the barcode, serial number, or packaging information will void any warranty claims.
4. The original packaging (box), whether for new or used items, is mandatory for all warranty claims.
5. All used items are subject to a limited warranty; defects such as dead, damaged, or burned components are not covered.
6. The Company reserves the right to refuse any warranty claim in cases of late or unpaid invoices.
7. Under local warranty, valid customer claims will be processed without additional charges and may require a reasonable processing period.
8. External factors such as vendor delays, shipping disruptions or unusual national circumstances are beyond our control.",0.0,0.0,,,,,,Hawk HK 01 Wireless Mouse,,1,0.0,0.0,1300.0,,1300.0,8.884630000000125e+18,,,,,False,False,False,False,False,False,False,False,False,False,False,False,False,False,False,False,False,,,,,,,,,,,,,,,,,,,010000000276,,,0.0,,,,,,,,,,,,Sales,,,,,,,
2026-08-24,8884630000001339552,INV-000306,,2026-08-24,Closed,8884630000000232003,Customer D,,False,2026-08-24,,PKR,1.0,entity_level,True,Compact,0.0,4500.0,4500.0,0.0,0.0,0.0,0.0,Adjustment,,2026-08-27,0,Due on Receipt,0.0,0.0,,"Thanks for your business. For any assistance, please feel free to contact us.","1. The Company is not responsible for any damage incurred during transportation, whether via local delivery or cargo services.
2. The warranty period shall commence and expire as scheduled, regardless of whether the product has been used or installed.
3. Removal or tampering with the barcode, serial number, or packaging information will void any warranty claims.
4. The original packaging (box), whether for new or used items, is mandatory for all warranty claims.
5. All used items are subject to a limited warranty; defects such as dead, damaged, or burned components are not covered.
6. The Company reserves the right to refuse any warranty claim in cases of late or unpaid invoices.
7. Under local warranty, valid customer claims will be processed without additional charges and may require a reasonable processing period.
8. External factors such as vendor delays, shipping disruptions or unusual national circumstances are beyond our control.",1500.0,0.0,,,,,,4GB DDR4 Laptop Ram - Used,Dr. Zahida,1,0.0,0.0,4500.0,,6000.0,8.884630000001194e+18,,,,,False,False,False,False,False,False,False,False,False,False,False,False,False,False,False,False,False,,,,,,,,,,,,,,,,,,,35436456,,,0.0,,,,,,,,,,,,Sales,,,,,,,
2026-08-25,8884630000001341010,INV-000307,,2026-08-25,Closed,8884630000000442076,Customer A,,False,2026-08-25,,PKR,1.0,entity_level,True,Compact,0.0,11500.0,11500.0,0.0,0.0,0.0,0.0,Adjustment,,2026-08-25,0,Due on Receipt,0.0,0.0,,"Thanks for your business. For any assistance, please feel free to contact us.","1. The Company is not responsible for any damage incurred during transportation, whether via local delivery or cargo services.
2. The warranty period shall commence and expire as scheduled, regardless of whether the product has been used or installed.
3. Removal or tampering with the barcode, serial number, or packaging information will void any warranty claims.
4. The original packaging (box), whether for new or used items, is mandatory for all warranty claims.
5. All used items are subject to a limited warranty; defects such as dead, damaged, or burned components are not covered.
6. The Company reserves the right to refuse any warranty claim in cases of late or unpaid invoices.
7. Under local warranty, valid customer claims will be processed without additional charges and may require a reasonable processing period.
8. External factors such as vendor delays, shipping disruptions or unusual national circumstances are beyond our control.",0.0,0.0,,,,,,Attackshark L30 pro black red headphone,1 month warranty,1,0.0,0.0,11500.0,,11500.0,8.884630000000153e+18,,,,,False,False,False,False,False,False,False,False,False,False,False,False,False,False,False,False,False,,,,,,,,,,,,,,,,,,,010000002843,,,0.0,,,,,,,,,,,,Sales,,,,,,,
2026-08-25,8884630000001344136,INV-000308,,2026-08-25,Closed,8884630000000442076,Customer A,,False,2026-08-25,,PKR,1.0,entity_level,True,Compact,0.0,2400.0,2400.0,0.0,0.0,0.0,0.0,Adjustment,,2026-08-25,0,Due on Receipt,0.0,0.0,,"Thanks for your business. For any assistance, please feel free to contact us.","1. The Company is not responsible for any damage incurred during transportation, whether via local delivery or cargo services.
2. The warranty period shall commence and expire as scheduled, regardless of whether the product has been used or installed.
3. Removal or tampering with the barcode, serial number, or packaging information will void any warranty claims.
4. The original packaging (box), whether for new or used items, is mandatory for all warranty claims.
5. All used items are subject to a limited warranty; defects such as dead, damaged, or burned components are not covered.
6. The Company reserves the right to refuse any warranty claim in cases of late or unpaid invoices.
7. Under local warranty, valid customer claims will be processed without additional charges and may require a reasonable processing period.
8. External factors such as vendor delays, shipping disruptions or unusual national circumstances are beyond our control.",100.0,0.0,,,,,,Gaming 360 controller,check warranty,1,0.0,0.0,2400.0,,2500.0,8.884630000001044e+18,,,,,False,False,False,False,False,False,False,False,False,False,False,False,False,False,False,False,False,,,,,,,,,,,,,,,,,,,100005065,,,0.0,,,,,,,,,,,,Sales,,,,,,,
2026-08-25,8884630000001349001,INV-000309,,2026-08-25,Overdue,8884630000001201290,Customer I,,False,2026-08-25,,PKR,1.0,entity_level,True,Compact,0.0,10000.0,11050.0,0.0,0.0,11050.0,1050.0,Adjustment,,,0,Due on Receipt,0.0,0.0,,"Thanks for your business. For any assistance, please feel free to contact us.","1. The Company is not responsible for any damage incurred during transportation, whether via local delivery or cargo services.
2. The warranty period shall commence and expire as scheduled, regardless of whether the product has been used or installed.
3. Removal or tampering with the barcode, serial number, or packaging information will void any warranty claims.
4. The original packaging (box), whether for new or used items, is mandatory for all warranty claims.
5. All used items are subject to a limited warranty; defects such as dead, damaged, or burned components are not covered.
6. The Company reserves the right to refuse any warranty claim in cases of late or unpaid invoices.
7. Under local warranty, valid customer claims will be processed without additional charges and may require a reasonable processing period.
8. External factors such as vendor delays, shipping disruptions or unusual national circumstances are beyond our control.",0.0,0.0,,,,,,MSI PAG Pano M110A Black Case,,1,0.0,0.0,10000.0,,10000.0,8.884630000000143e+18,,,,,False,False,False,False,False,False,False,False,False,False,False,False,False,False,False,False,False,,,,,,,,,,,,,,,,,,,010000002072,,,0.0,,,,,,,,,,,,Sales,,,,,,,
2026-08-25,8884630000001352513,INV-000310,,2026-08-25,Closed,8884630000001352504,Customer R,,False,2026-08-25,,PKR,1.0,entity_level,True,Compact,0.0,2100.0,2500.0,0.0,0.0,0.0,0.0,Adjustment,,2026-08-25,0,Due on Receipt,0.0,0.0,,"Thanks for your business. For any assistance, please feel free to contact us.","1. The Company is not responsible for any damage incurred during transportation, whether via local delivery or cargo services.
2. The warranty period shall commence and expire as scheduled, regardless of whether the product has been used or installed.
3. Removal or tampering with the barcode, serial number, or packaging information will void any warranty claims.
4. The original packaging (box), whether for new or used items, is mandatory for all warranty claims.
5. All used items are subject to a limited warranty; defects such as dead, damaged, or burned components are not covered.
6. The Company reserves the right to refuse any warranty claim in cases of late or unpaid invoices.
7. Under local warranty, valid customer claims will be processed without additional charges and may require a reasonable processing period.
8. External factors such as vendor delays, shipping disruptions or unusual national circumstances are beyond our control.",0.0,400.0,,,,,,Foldd XL Rgb Mp,,1,0.0,0.0,2100.0,,2100.0,8.884630000001339e+18,,,,,False,False,False,False,False,False,False,False,False,False,False,False,False,False,False,False,False,,,,,,,,,,,,,,,,,,,100005047,,,0.0,,,,,,,,,,,,Sales,,,,,,,
2026-08-25,8884630000001349629,INV-000311,,2026-08-25,Closed,8884630000001339141,Customer B,,False,2026-08-25,,PKR,1.0,entity_level,True,Compact,0.0,0.0,0.0,0.0,0.0,0.0,0.0,Adjustment,,,0,Due on Receipt,0.0,0.0,,"Thanks for your business. For any assistance, please feel free to contact us.","1. The Company is not responsible for any damage incurred during transportation, whether via local delivery or cargo services.
2. The warranty period shall commence and expire as scheduled, regardless of whether the product has been used or installed.
3. Removal or tampering with the barcode, serial number, or packaging information will void any warranty claims.
4. The original packaging (box), whether for new or used items, is mandatory for all warranty claims.
5. All used items are subject to a limited warranty; defects such as dead, damaged, or burned components are not covered.
6. The Company reserves the right to refuse any warranty claim in cases of late or unpaid invoices.
7. Under local warranty, valid customer claims will be processed without additional charges and may require a reasonable processing period.
8. External factors such as vendor delays, shipping disruptions or unusual national circumstances are beyond our control.",0.0,0.0,,,,,,Kingston 16GB USB,,1,0.0,0.0,0.0,,0.0,8.88463000000135e+18,,,,,False,False,False,False,False,False,False,False,False,False,False,False,False,False,False,False,False,,,,,,,,,,,,,,,,,,,100035232,,,0.0,,,,,,,,,,,,Sales,,,,,,,
2026-09-01,8884630000001352676,INV-000312,,2026-08-25,Open,8884630000001352667,Customer S,,False,2026-09-01,,PKR,1.0,entity_level,True,Compact,0.0,60000.0,60000.0,0.0,0.0,60000.0,0.0,Adjustment,,,0,Due on Receipt,0.0,0.0,,"Thanks for your business. For any assistance, please feel free to contact us.","1. The Company is not responsible for any damage incurred during transportation, whether via local delivery or cargo services.
2. The warranty period shall commence and expire as scheduled, regardless of whether the product has been used or installed.
3. Removal or tampering with the barcode, serial number, or packaging information will void any warranty claims.
4. The original packaging (box), whether for new or used items, is mandatory for all warranty claims.
5. All used items are subject to a limited warranty; defects such as dead, damaged, or burned components are not covered.
6. The Company reserves the right to refuse any warranty claim in cases of late or unpaid invoices.
7. Under local warranty, valid customer claims will be processed without additional charges and may require a reasonable processing period.
8. External factors such as vendor delays, shipping disruptions or unusual national circumstances are beyond our control.",1000.0,0.0,,,,,,Lenovo T460 Laptop,"Core i7 6th Gen, 12GB Ram, 512GB SSD, DDR4",1,0.0,0.0,59016.39,,60000.0,8.884630000001309e+18,,,,,False,False,False,False,False,False,False,False,False,False,False,False,False,False,False,False,False,,,,,,,,,,,,,,,,,,,8723469812,,,0.0,,,,,,,,,,,,Sales,,,,,,,
2026-09-01,8884630000001352676,INV-000312,,2026-08-25,Open,8884630000001352667,Customer S,,False,2026-09-01,,PKR,1.0,entity_level,True,Compact,0.0,60000.0,60000.0,0.0,0.0,60000.0,0.0,Adjustment,,,0,Due on Receipt,0.0,0.0,,"Thanks for your business. For any assistance, please feel free to contact us.","1. The Company is not responsible for any damage incurred during transportation, whether via local delivery or cargo services.
2. The warranty period shall commence and expire as scheduled, regardless of whether the product has been used or installed.
3. Removal or tampering with the barcode, serial number, or packaging information will void any warranty claims.
4. The original packaging (box), whether for new or used items, is mandatory for all warranty claims.
5. All used items are subject to a limited warranty; defects such as dead, damaged, or burned components are not covered.
6. The Company reserves the right to refuse any warranty claim in cases of late or unpaid invoices.
7. Under local warranty, valid customer claims will be processed without additional charges and may require a reasonable processing period.
8. External factors such as vendor delays, shipping disruptions or unusual national circumstances are beyond our control.",1000.0,0.0,,,,,,Laptop Standard Sleeve (Black HP) (bag),,1,0.0,0.0,983.61,,1000.0,8.884630000001198e+18,,,,,False,False,False,False,False,False,False,False,False,False,False,False,False,False,False,False,False,,,,,,,,,,,,,,,,,,,777703,,,0.0,,,,,,,,,,,,Sales,,,,,,,
2026-08-26,8884630000001358040,INV-000313,,2026-08-26,Closed,8884630000000442076,Customer A,,False,2026-08-26,,PKR,1.0,entity_level,True,Compact,0.0,600.0,600.0,0.0,0.0,0.0,0.0,Adjustment,,2026-08-26,0,Due on Receipt,0.0,0.0,,"Thanks for your business. For any assistance, please feel free to contact us.","1. The Company is not responsible for any damage incurred during transportation, whether via local delivery or cargo services.
2. The warranty period shall commence and expire as scheduled, regardless of whether the product has been used or installed.
3. Removal or tampering with the barcode, serial number, or packaging information will void any warranty claims.
4. The original packaging (box), whether for new or used items, is mandatory for all warranty claims.
5. All used items are subject to a limited warranty; defects such as dead, damaged, or burned components are not covered.
6. The Company reserves the right to refuse any warranty claim in cases of late or unpaid invoices.
7. Under local warranty, valid customer claims will be processed without additional charges and may require a reasonable processing period.
8. External factors such as vendor delays, shipping disruptions or unusual national circumstances are beyond our control.",0.0,0.0,,,,,,M80 TypeC handsfree (earphone ),,1,0.0,0.0,600.0,,600.0,8.884630000000976e+18,,,,,False,False,False,False,False,False,False,False,False,False,False,False,False,False,False,False,False,,,,,,,,,,,,,,,,,,,100005042,,,0.0,,,,,,,,,,,,Sales,,,,,,,
2026-08-26,8884630000001358244,INV-000315,,2026-08-26,Closed,8884630000000442076,Customer A,,False,2026-08-26,,PKR,1.0,entity_level,True,Compact,0.0,150.0,150.0,0.0,0.0,0.0,0.0,Adjustment,,2026-08-26,0,Due on Receipt,0.0,0.0,,"Thanks for your business. For any assistance, please feel free to contact us.","1. The Company is not responsible for any damage incurred during transportation, whether via local delivery or cargo services.
2. The warranty period shall commence and expire as scheduled, regardless of whether the product has been used or installed.
3. Removal or tampering with the barcode, serial number, or packaging information will void any warranty claims.
4. The original packaging (box), whether for new or used items, is mandatory for all warranty claims.
5. All used items are subject to a limited warranty; defects such as dead, damaged, or burned components are not covered.
6. The Company reserves the right to refuse any warranty claim in cases of late or unpaid invoices.
7. Under local warranty, valid customer claims will be processed without additional charges and may require a reasonable processing period.
8. External factors such as vendor delays, shipping disruptions or unusual national circumstances are beyond our control.",0.0,0.0,,,,,,Camelion 3v Cr2025 Cell,,1,0.0,0.0,150.0,,150.0,8.884630000000855e+18,,,,,False,False,False,False,False,False,False,False,False,False,False,False,False,False,False,False,False,,,,,,,,,,,,,,,,,,,c3v,,,0.0,,,,,,,,,,,,Sales,,,,,,,
2026-08-26,8884630000001358384,INV-000316,,2026-08-26,Closed,8884630000001339141,Customer B,,False,2026-08-26,,PKR,1.0,entity_level,True,Compact,0.0,0.0,0.0,0.0,0.0,0.0,0.0,Adjustment,,,0,Due on Receipt,0.0,0.0,,"Thanks for your business. For any assistance, please feel free to contact us.","1. The Company is not responsible for any damage incurred during transportation, whether via local delivery or cargo services.
2. The warranty period shall commence and expire as scheduled, regardless of whether the product has been used or installed.
3. Removal or tampering with the barcode, serial number, or packaging information will void any warranty claims.
4. The original packaging (box), whether for new or used items, is mandatory for all warranty claims.
5. All used items are subject to a limited warranty; defects such as dead, damaged, or burned components are not covered.
6. The Company reserves the right to refuse any warranty claim in cases of late or unpaid invoices.
7. Under local warranty, valid customer claims will be processed without additional charges and may require a reasonable processing period.
8. External factors such as vendor delays, shipping disruptions or unusual national circumstances are beyond our control.",0.0,0.0,,,,,,Kickoff Cleaning Spray (Bottle),,1,0.0,0.0,0.0,,0.0,8.88463000000135e+18,,,,,False,False,False,False,False,False,False,False,False,False,False,False,False,False,False,False,False,,,,,,,,,,,,,,,,,,,100005141,,,0.0,,,,,,,,,,,,Sales,,,,,,,
2026-08-20,8884630000001358237,INV-000314,,2026-08-27,Closed,8884630000000302016,Customer A,,False,2026-08-20,,PKR,1.0,entity_level,True,Compact,0.0,0.0,0.0,0.0,0.0,0.0,0.0,Adjustment,,,0,Due on Receipt,0.0,0.0,,"Thanks for your business. For any assistance, please feel free to contact us.","1. The Company is not responsible for any damage incurred during transportation, whether via local delivery or cargo services.
2. The warranty period shall commence and expire as scheduled, regardless of whether the product has been used or installed.
3. Removal or tampering with the barcode, serial number, or packaging information will void any warranty claims.
4. The original packaging (box), whether for new or used items, is mandatory for all warranty claims.
5. All used items are subject to a limited warranty; defects such as dead, damaged, or burned components are not covered.
6. The Company reserves the right to refuse any warranty claim in cases of late or unpaid invoices.
7. Under local warranty, valid customer claims will be processed without additional charges and may require a reasonable processing period.
8. External factors such as vendor delays, shipping disruptions or unusual national circumstances are beyond our control.",0.0,0.0,,,,,,L29 pro Rocky Handsfree (Earphone) 3.5mm,YouTuber ko gift by Afnan,1,0.0,0.0,0.0,,0.0,8.884630000000976e+18,,,,,False,False,False,False,False,False,False,False,False,False,False,False,False,False,False,False,False,,,,,,,,,,,,,,,,,,,100005038,,,0.0,,,,,,,,,,,,Sales,,,,,,,
2026-08-27,8884630000001361001,INV-000322,,2026-08-27,Overdue,8884630000001339141,Customer B,,False,2026-08-27,,PKR,1.0,entity_level,True,Compact,0.0,7400.0,7400.0,0.0,0.0,7400.0,0.0,Adjustment,,,0,Due on Receipt,0.0,0.0,,"Thanks for your business. For any assistance, please feel free to contact us on WhatsApp.","1. A clear unboxing video is required for damage claims, while a complete video showing the issue is required for all other warranty claims.
2. Used items are covered by a limited warranty; physical damage, burning, dead or damaged components, and misuse are not covered.
3. The original box and packaging are required for all warranty claims, whether the item is new or used.
4. Valid local warranty claims may take up to 1 month, while international claims may take up to 3 months to process.
5. Vendor, shipping, customs, and other unforeseen delays are beyond our control and may affect the warranty processing time.
6. Depending on the case, the vendor may repair, replace, or refund the item, as applicable.
7. The warranty period starts and expires according to the stated terms, regardless of whether the product is used or installed.
8. The Company reserves the right to withhold or reject warranty claims against overdue or unpaid invoices.",0.0,0.0,,,,,,Samsung 128gb SSD - used,Used in Toshiba Laptop,1,0.0,0.0,5500.0,,5500.0,8.884630000000539e+18,,,,,False,False,False,False,False,False,False,False,False,False,False,False,False,False,False,False,False,,,,,,,,,,,,,,,,,,,010000004427,,,0.0,,,,,,,,,,,,Sales,,,,,,,
2026-08-27,8884630000001361001,INV-000322,,2026-08-27,Overdue,8884630000001339141,Customer B,,False,2026-08-27,,PKR,1.0,entity_level,True,Compact,0.0,7400.0,7400.0,0.0,0.0,7400.0,0.0,Adjustment,,,0,Due on Receipt,0.0,0.0,,"Thanks for your business. For any assistance, please feel free to contact us on WhatsApp.","1. A clear unboxing video is required for damage claims, while a complete video showing the issue is required for all other warranty claims.
2. Used items are covered by a limited warranty; physical damage, burning, dead or damaged components, and misuse are not covered.
3. The original box and packaging are required for all warranty claims, whether the item is new or used.
4. Valid local warranty claims may take up to 1 month, while international claims may take up to 3 months to process.
5. Vendor, shipping, customs, and other unforeseen delays are beyond our control and may affect the warranty processing time.
6. Depending on the case, the vendor may repair, replace, or refund the item, as applicable.
7. The warranty period starts and expires according to the stated terms, regardless of whether the product is used or installed.
8. The Company reserves the right to withhold or reject warranty claims against overdue or unpaid invoices.",0.0,0.0,,,,,,4GB DDR3 Laptop Ram - Used,Used in Toshiba Laptop,1,0.0,0.0,1900.0,,1900.0,8.884630000001201e+18,,,,,False,False,False,False,False,False,False,False,False,False,False,False,False,False,False,False,False,,,,,,,,,,,,,,,,,,,214235436523,,,0.0,,,,,,,,,,,,Sales,,,,,,,
2026-08-26,8884630000001361022,INV-000323,,2026-08-27,Closed,8884630000000442076,Customer A,,False,2026-08-26,,PKR,1.0,entity_level,True,Compact,0.0,350.0,350.0,0.0,0.0,0.0,0.0,Adjustment,,2026-08-27,0,Due on Receipt,0.0,0.0,,"Thanks for your business. For any assistance, please feel free to contact us on WhatsApp.","1. A clear unboxing video is required for damage claims, while a complete video showing the issue is required for all other warranty claims.
2. Used items are covered by a limited warranty; physical damage, burning, dead or damaged components, and misuse are not covered.
3. The original box and packaging are required for all warranty claims, whether the item is new or used.
4. Valid local warranty claims may take up to 1 month, while international claims may take up to 3 months to process.
5. Vendor, shipping, customs, and other unforeseen delays are beyond our control and may affect the warranty processing time.
6. Depending on the case, the vendor may repair, replace, or refund the item, as applicable.
7. The warranty period starts and expires according to the stated terms, regardless of whether the product is used or installed.
8. The Company reserves the right to withhold or reject warranty claims against overdue or unpaid invoices.",0.0,0.0,,,,,,login L121 Data Cable typeC 1.2m White,,1,0.0,0.0,350.0,,350.0,8.884630000000602e+18,,,,,False,False,False,False,False,False,False,False,False,False,False,False,False,False,False,False,False,,,,,,,,,,,,,,,,,,,010000005189,,,0.0,,,,,,,,,,,,Sales,,,,,,,
2026-08-13,8884630000001262144,INV-000267,,2026-08-27,Closed,8884630000001339141,Customer B,,False,2026-08-13,,PKR,1.0,entity_level,True,Compact,0.0,0.0,0.0,0.0,0.0,0.0,0.0,Adjustment,,,0,Due on Receipt,0.0,0.0,,"Thanks for your business. For any assistance, please feel free to contact us.","1. The Company is not responsible for any damage incurred during transportation, whether via local delivery or cargo services.
2. The warranty period shall commence and expire as scheduled, regardless of whether the product has been used or installed.
3. Removal or tampering with the barcode, serial number, or packaging information will void any warranty claims.
4. The original packaging (box), whether for new or used items, is mandatory for all warranty claims.
5. All used items are subject to a limited warranty; defects such as dead, damaged, or burned components are not covered.
6. The Company reserves the right to refuse any warranty claim in cases of late or unpaid invoices.
7. Under local warranty, valid customer claims will be processed without additional charges and may require a reasonable processing period.
8. External factors such as vendor delays, shipping disruptions or unusual national circumstances are beyond our control.",0.0,0.0,,,,,,login L904 Data Cable PD to lightning (typeC to IOS) 1m Grey,Waleed use for camera,1,0.0,0.0,0.0,,0.0,8.884630000000641e+18,,,,,False,False,False,False,False,False,False,False,False,False,False,False,False,False,False,False,False,,,,,,,,,,,,,,,,,,,010000005370,,,0.0,,,,,,,,,,,,Sales,,,,,,,
2026-08-26,8884630000001361245,INV-000325,,2026-08-27,Closed,8884630000000442076,Customer A,,False,2026-08-26,,PKR,1.0,entity_level,True,Compact,0.0,730.0,730.0,0.0,0.0,0.0,0.0,Adjustment,,2026-08-26,0,Due on Receipt,0.0,0.0,,"Thanks for your business. For any assistance, please feel free to contact us on WhatsApp.","1. A clear unboxing video is required for damage claims, while a complete video showing the issue is required for all other warranty claims.
2. Used items are covered by a limited warranty; physical damage, burning, dead or damaged components, and misuse are not covered.
3. The original box and packaging are required for all warranty claims, whether the item is new or used.
4. Valid local warranty claims may take up to 1 month, while international claims may take up to 3 months to process.
5. Vendor, shipping, customs, and other unforeseen delays are beyond our control and may affect the warranty processing time.
6. Depending on the case, the vendor may repair, replace, or refund the item, as applicable.
7. The warranty period starts and expires according to the stated terms, regardless of whether the product is used or installed.
8. The Company reserves the right to withhold or reject warranty claims against overdue or unpaid invoices.",120.0,0.0,,,,,,A4 Tech FP20 Grey MP,,1,0.0,0.0,730.0,,850.0,8.884630000000142e+18,,,,,False,False,False,False,False,False,False,False,False,False,False,False,False,False,False,False,False,,,,,,,,,,,,,,,,,,,010000000306,,,0.0,,,,,,,,,,,,Sales,,,,,,,
2026-08-27,8884630000001361401,INV-000326,,2026-08-27,Closed,8884630000001361392,Customer T,,False,2026-08-27,,PKR,1.0,entity_level,True,Compact,0.0,7000.0,7000.0,0.0,0.0,0.0,0.0,Adjustment,,2026-08-27,0,Due on Receipt,0.0,0.0,,"Thanks for your business. For any assistance, please feel free to contact us on WhatsApp.","1. A clear unboxing video is required for damage claims, while a complete video showing the issue is required for all other warranty claims.
2. Used items are covered by a limited warranty; physical damage, burning, dead or damaged components, and misuse are not covered.
3. The original box and packaging are required for all warranty claims, whether the item is new or used.
4. Valid local warranty claims may take up to 1 month, while international claims may take up to 3 months to process.
5. Vendor, shipping, customs, and other unforeseen delays are beyond our control and may affect the warranty processing time.
6. Depending on the case, the vendor may repair, replace, or refund the item, as applicable.
7. The warranty period starts and expires according to the stated terms, regardless of whether the product is used or installed.
8. The Company reserves the right to withhold or reject warranty claims against overdue or unpaid invoices.",0.0,0.0,,,,,,Glorious model O mouse - box open,1 month warranty,1,0.0,0.0,7000.0,,7000.0,8.884630000000187e+18,,,,,False,False,False,False,False,False,False,False,False,False,False,False,False,False,False,False,False,,,,,,,,,,,,,,,,,,,010000003284,,,0.0,,,,,,,,,,,,Sales,,,,,,,
2026-08-28,8884630000001367001,INV-000327,,2026-08-28,Closed,8884630000000442076,Customer A,,False,2026-08-28,,PKR,1.0,entity_level,True,Compact,0.0,250.0,250.0,0.0,0.0,0.0,0.0,Adjustment,,2026-08-28,0,Due on Receipt,0.0,0.0,,"Thanks for your business. For any assistance, please feel free to contact us on WhatsApp.","1. A clear unboxing video is required for damage claims, while a complete video showing the issue is required for all other warranty claims.
2. Used items are covered by a limited warranty; physical damage, burning, dead or damaged components, and misuse are not covered.
3. The original box and packaging are required for all warranty claims, whether the item is new or used.
4. Valid local warranty claims may take up to 1 month, while international claims may take up to 3 months to process.
5. Vendor, shipping, customs, and other unforeseen delays are beyond our control and may affect the warranty processing time.
6. Depending on the case, the vendor may repair, replace, or refund the item, as applicable.
7. The warranty period starts and expires according to the stated terms, regardless of whether the product is used or installed.
8. The Company reserves the right to withhold or reject warranty claims against overdue or unpaid invoices.",0.0,0.0,,,,,,login L1947 Data Cable Micro 1m white,,1,0.0,0.0,250.0,,250.0,8.884630000001097e+18,,,,,False,False,False,False,False,False,False,False,False,False,False,False,False,False,False,False,False,,,,,,,,,,,,,,,,,,,100005150,,,0.0,,,,,,,,,,,,Sales,,,,,,,
2026-08-28,8884630000001367067,INV-000328,,2026-08-28,Closed,8884630000001367058,Customer U,,False,2026-08-28,,PKR,1.0,entity_level,True,Compact,0.0,30650.0,31000.0,0.0,0.0,0.0,0.0,Adjustment,,2026-08-28,0,Due on Receipt,0.0,0.0,,"Thanks for your business. For any assistance, please feel free to contact us on WhatsApp.","1. A clear unboxing video is required for damage claims, while a complete video showing the issue is required for all other warranty claims.
2. Used items are covered by a limited warranty; physical damage, burning, dead or damaged components, and misuse are not covered.
3. The original box and packaging are required for all warranty claims, whether the item is new or used.
4. Valid local warranty claims may take up to 1 month, while international claims may take up to 3 months to process.
5. Vendor, shipping, customs, and other unforeseen delays are beyond our control and may affect the warranty processing time.
6. Depending on the case, the vendor may repair, replace, or refund the item, as applicable.
7. The warranty period starts and expires according to the stated terms, regardless of whether the product is used or installed.
8. The Company reserves the right to withhold or reject warranty claims against overdue or unpaid invoices.",0.0,350.0,,,,,,Intel i7 9700K + Z370M DS3H CF mobo pkg - used,15 days warranty,1,0.0,0.0,30650.0,,30650.0,8.884630000000939e+18,,,,,False,False,False,False,False,False,False,False,False,False,False,False,False,False,False,False,False,,,,,,,,,,,,,,,,,,,0100005003,,,0.0,,,,,,,,,,,,Sales,,,,,,,
2026-08-28,8884630000001367349,INV-000329,,2026-08-28,Overdue,8884630000001367340,Customer V,,False,2026-08-28,,PKR,1.0,entity_level,True,Compact,0.0,112000.0,112000.0,0.0,0.0,112000.0,0.0,Adjustment,,,0,Due on Receipt,0.0,0.0,,"Thanks for your business. For any assistance, please feel free to contact us on WhatsApp.","1. A clear unboxing video is required for damage claims, while a complete video showing the issue is required for all other warranty claims.
2. Used items are covered by a limited warranty; physical damage, burning, dead or damaged components, and misuse are not covered.
3. The original box and packaging are required for all warranty claims, whether the item is new or used.
4. Valid local warranty claims may take up to 1 month, while international claims may take up to 3 months to process.
5. Vendor, shipping, customs, and other unforeseen delays are beyond our control and may affect the warranty processing time.
6. Depending on the case, the vendor may repair, replace, or refund the item, as applicable.
7. The warranty period starts and expires according to the stated terms, regardless of whether the product is used or installed.
8. The Company reserves the right to withhold or reject warranty claims against overdue or unpaid invoices.",0.0,0.0,,,,,,PNY 2 fan RTX 5060 8gb OC GPU,10 months warranty,1,0.0,0.0,112000.0,,112000.0,8.884630000000162e+18,,,,,False,False,False,False,False,False,False,False,False,False,False,False,False,False,False,False,False,,,,,,,,,,,,,,,,,,,010000001884,,,0.0,,,,,,,,,,,,Sales,,,,,,,
2026-08-29,8884630000001379082,INV-000330,,2026-08-29,Overdue,8884630000001186001,Customer F,,False,2026-08-29,,PKR,1.0,entity_level,True,Compact,0.0,116500.0,116500.0,0.0,0.0,116500.0,0.0,Adjustment,,,0,Due on Receipt,0.0,0.0,,"Thanks for your business. For any assistance, please feel free to contact us on WhatsApp.","1. A clear unboxing video is required for damage claims, while a complete video showing the issue is required for all other warranty claims.
2. Used items are covered by a limited warranty; physical damage, burning, dead or damaged components, and misuse are not covered.
3. The original box and packaging are required for all warranty claims, whether the item is new or used.
4. Valid local warranty claims may take up to 1 month, while international claims may take up to 3 months to process.
5. Vendor, shipping, customs, and other unforeseen delays are beyond our control and may affect the warranty processing time.
6. Depending on the case, the vendor may repair, replace, or refund the item, as applicable.
7. The warranty period starts and expires according to the stated terms, regardless of whether the product is used or installed.
8. The Company reserves the right to withhold or reject warranty claims against overdue or unpaid invoices.",0.0,0.0,,,,,,Ryzen 7 9800X3D Box CPU,10 months warranty,1,0.0,0.0,116500.0,,116500.0,8.884630000001379e+18,,,,,False,False,False,False,False,False,False,False,False,False,False,False,False,False,False,False,False,,,,,,,,,,,,,,,,,,,drop-26082901,,,0.0,,,,,,,,,,,,Sales,,,,,,,
2026-08-29,8884630000001379253,INV-000331,,2026-08-29,Closed,8884630000000442076,Customer A,,False,2026-08-29,,PKR,1.0,entity_level,True,Compact,0.0,500.0,500.0,0.0,0.0,0.0,0.0,Adjustment,,2026-08-29,0,Due on Receipt,0.0,0.0,,"Thanks for your business. For any assistance, please feel free to contact us on WhatsApp.","1. A clear unboxing video is required for damage claims, while a complete video showing the issue is required for all other warranty claims.
2. Used items are covered by a limited warranty; physical damage, burning, dead or damaged components, and misuse are not covered.
3. The original box and packaging are required for all warranty claims, whether the item is new or used.
4. Valid local warranty claims may take up to 1 month, while international claims may take up to 3 months to process.
5. Vendor, shipping, customs, and other unforeseen delays are beyond our control and may affect the warranty processing time.
6. Depending on the case, the vendor may repair, replace, or refund the item, as applicable.
7. The warranty period starts and expires according to the stated terms, regardless of whether the product is used or installed.
8. The Company reserves the right to withhold or reject warranty claims against overdue or unpaid invoices.",0.0,0.0,,,,,,Laptop Repair,,1,0.0,0.0,500.0,,500.0,8.884630000000976e+18,,,,,False,False,False,False,False,False,False,False,False,False,False,False,False,False,False,False,False,,,,,,,,,,,,,,,,,,,laptopsvc,,,0.0,,,,,,,,,,,,Sales,,,,,,,
2026-08-29,8884630000001379343,INV-000332,,2026-08-29,Closed,8884630000000442076,Customer A,,False,2026-08-29,,PKR,1.0,entity_level,True,Compact,0.0,6000.0,6000.0,0.0,0.0,0.0,0.0,Adjustment,,2026-08-30,0,Due on Receipt,0.0,0.0,,"Thanks for your business. For any assistance, please feel free to contact us on WhatsApp.","1. A clear unboxing video is required for damage claims, while a complete video showing the issue is required for all other warranty claims.
2. Used items are covered by a limited warranty; physical damage, burning, dead or damaged components, and misuse are not covered.
3. The original box and packaging are required for all warranty claims, whether the item is new or used.
4. Valid local warranty claims may take up to 1 month, while international claims may take up to 3 months to process.
5. Vendor, shipping, customs, and other unforeseen delays are beyond our control and may affect the warranty processing time.
6. Depending on the case, the vendor may repair, replace, or refund the item, as applicable.
7. The warranty period starts and expires according to the stated terms, regardless of whether the product is used or installed.
8. The Company reserves the right to withhold or reject warranty claims against overdue or unpaid invoices.",400.0,0.0,,,,,,8GB DDR3 Laptop Ram - Used,,1,0.0,0.0,3984.37,,4250.0,8.884630000001194e+18,,,,,False,False,False,False,False,False,False,False,False,False,False,False,False,False,False,False,False,,,,,,,,,,,,,,,,,,,35436457543,,,0.0,,,,,,,,,,,,Sales,,,,,,,
2026-08-29,8884630000001379343,INV-000332,,2026-08-29,Closed,8884630000000442076,Customer A,,False,2026-08-29,,PKR,1.0,entity_level,True,Compact,0.0,6000.0,6000.0,0.0,0.0,0.0,0.0,Adjustment,,2026-08-30,0,Due on Receipt,0.0,0.0,,"Thanks for your business. For any assistance, please feel free to contact us on WhatsApp.","1. A clear unboxing video is required for damage claims, while a complete video showing the issue is required for all other warranty claims.
2. Used items are covered by a limited warranty; physical damage, burning, dead or damaged components, and misuse are not covered.
3. The original box and packaging are required for all warranty claims, whether the item is new or used.
4. Valid local warranty claims may take up to 1 month, while international claims may take up to 3 months to process.
5. Vendor, shipping, customs, and other unforeseen delays are beyond our control and may affect the warranty processing time.
6. Depending on the case, the vendor may repair, replace, or refund the item, as applicable.
7. The warranty period starts and expires according to the stated terms, regardless of whether the product is used or installed.
8. The Company reserves the right to withhold or reject warranty claims against overdue or unpaid invoices.",400.0,0.0,,,,,,Camelion 3v Cr2025 Cell,,1,0.0,0.0,140.62,,150.0,8.884630000000855e+18,,,,,False,False,False,False,False,False,False,False,False,False,False,False,False,False,False,False,False,,,,,,,,,,,,,,,,,,,c3v,,,0.0,,,,,,,,,,,,Sales,,,,,,,
2026-08-29,8884630000001379343,INV-000332,,2026-08-29,Closed,8884630000000442076,Customer A,,False,2026-08-29,,PKR,1.0,entity_level,True,Compact,0.0,6000.0,6000.0,0.0,0.0,0.0,0.0,Adjustment,,2026-08-30,0,Due on Receipt,0.0,0.0,,"Thanks for your business. For any assistance, please feel free to contact us on WhatsApp.","1. A clear unboxing video is required for damage claims, while a complete video showing the issue is required for all other warranty claims.
2. Used items are covered by a limited warranty; physical damage, burning, dead or damaged components, and misuse are not covered.
3. The original box and packaging are required for all warranty claims, whether the item is new or used.
4. Valid local warranty claims may take up to 1 month, while international claims may take up to 3 months to process.
5. Vendor, shipping, customs, and other unforeseen delays are beyond our control and may affect the warranty processing time.
6. Depending on the case, the vendor may repair, replace, or refund the item, as applicable.
7. The warranty period starts and expires according to the stated terms, regardless of whether the product is used or installed.
8. The Company reserves the right to withhold or reject warranty claims against overdue or unpaid invoices.",400.0,0.0,,,,,,Laptop Repair,,1,0.0,0.0,1875.01,,2000.0,8.884630000000976e+18,,,,,False,False,False,False,False,False,False,False,False,False,False,False,False,False,False,False,False,,,,,,,,,,,,,,,,,,,laptopsvc,,,0.0,,,,,,,,,,,,Sales,,,,,,,
2026-08-29,8884630000001379404,INV-000334,,2026-08-29,Overdue,8884630000000442076,Customer A,,False,2026-08-29,,PKR,1.0,entity_level,True,Compact,0.0,2000.0,2000.0,0.0,0.0,2000.0,0.0,Adjustment,,,0,Due on Receipt,0.0,0.0,,"Thanks for your business. For any assistance, please feel free to contact us on WhatsApp.","1. A clear unboxing video is required for damage claims, while a complete video showing the issue is required for all other warranty claims.
2. Used items are covered by a limited warranty; physical damage, burning, dead or damaged components, and misuse are not covered.
3. The original box and packaging are required for all warranty claims, whether the item is new or used.
4. Valid local warranty claims may take up to 1 month, while international claims may take up to 3 months to process.
5. Vendor, shipping, customs, and other unforeseen delays are beyond our control and may affect the warranty processing time.
6. Depending on the case, the vendor may repair, replace, or refund the item, as applicable.
7. The warranty period starts and expires according to the stated terms, regardless of whether the product is used or installed.
8. The Company reserves the right to withhold or reject warranty claims against overdue or unpaid invoices.",0.0,0.0,,,,,,Laptop Repair,Akif (Shariq friend) ,1,0.0,0.0,2000.0,,2000.0,8.884630000000976e+18,,,,,False,False,False,False,False,False,False,False,False,False,False,False,False,False,False,False,False,,,,,,,,,,,,,,,,,,,laptopsvc,,,0.0,,,,,,,,,,,,Sales,,,,,,,
2026-08-30,8884630000001384001,INV-000335,,2026-08-30,Closed,8884630000000442076,Customer A,,False,2026-08-30,,PKR,1.0,entity_level,True,Compact,0.0,1700.0,1700.0,0.0,0.0,0.0,0.0,Adjustment,,2026-08-30,0,Due on Receipt,0.0,0.0,,"Thanks for your business. For any assistance, please feel free to contact us on WhatsApp.","1. A clear unboxing video is required for damage claims, while a complete video showing the issue is required for all other warranty claims.
2. Used items are covered by a limited warranty; physical damage, burning, dead or damaged components, and misuse are not covered.
3. The original box and packaging are required for all warranty claims, whether the item is new or used.
4. Valid local warranty claims may take up to 1 month, while international claims may take up to 3 months to process.
5. Vendor, shipping, customs, and other unforeseen delays are beyond our control and may affect the warranty processing time.
6. Depending on the case, the vendor may repair, replace, or refund the item, as applicable.
7. The warranty period starts and expires according to the stated terms, regardless of whether the product is used or installed.
8. The Company reserves the right to withhold or reject warranty claims against overdue or unpaid invoices.",0.0,0.0,,,,,,login L403 Type-c white 30W Fast Charger,1 year warranty,1,0.0,0.0,1700.0,,1700.0,8.884630000000641e+18,,,,,False,False,False,False,False,False,False,False,False,False,False,False,False,False,False,False,False,,,,,,,,,,,,,,,,,,,010000005196,,,0.0,,,,,,,,,,,,Sales,,,,,,,
2026-08-30,8884630000001384039,INV-000336,,2026-08-30,Closed,8884630000000302016,Customer A,,False,2026-08-30,,PKR,1.0,entity_level,True,Compact,0.0,1300.0,1300.0,0.0,0.0,0.0,0.0,Adjustment,,2026-08-30,0,Due on Receipt,0.0,0.0,,"Thanks for your business. For any assistance, please feel free to contact us on WhatsApp.","1. A clear unboxing video is required for damage claims, while a complete video showing the issue is required for all other warranty claims.
2. Used items are covered by a limited warranty; physical damage, burning, dead or damaged components, and misuse are not covered.
3. The original box and packaging are required for all warranty claims, whether the item is new or used.
4. Valid local warranty claims may take up to 1 month, while international claims may take up to 3 months to process.
5. Vendor, shipping, customs, and other unforeseen delays are beyond our control and may affect the warranty processing time.
6. Depending on the case, the vendor may repair, replace, or refund the item, as applicable.
7. The warranty period starts and expires according to the stated terms, regardless of whether the product is used or installed.
8. The Company reserves the right to withhold or reject warranty claims against overdue or unpaid invoices.",50.0,0.0,,,,,,Branded HDMI cable 1.5m,,1,0.0,0.0,481.48,,500.0,8.884630000000187e+18,,,,,False,False,False,False,False,False,False,False,False,False,False,False,False,False,False,False,False,,,,,,,,,,,,,,,,,,,hdmicable,,,0.0,,,,,,,,,,,,Sales,,,,,,,
2026-08-30,8884630000001384039,INV-000336,,2026-08-30,Closed,8884630000000302016,Customer A,,False,2026-08-30,,PKR,1.0,entity_level,True,Compact,0.0,1300.0,1300.0,0.0,0.0,0.0,0.0,Adjustment,,2026-08-30,0,Due on Receipt,0.0,0.0,,"Thanks for your business. For any assistance, please feel free to contact us on WhatsApp.","1. A clear unboxing video is required for damage claims, while a complete video showing the issue is required for all other warranty claims.
2. Used items are covered by a limited warranty; physical damage, burning, dead or damaged components, and misuse are not covered.
3. The original box and packaging are required for all warranty claims, whether the item is new or used.
4. Valid local warranty claims may take up to 1 month, while international claims may take up to 3 months to process.
5. Vendor, shipping, customs, and other unforeseen delays are beyond our control and may affect the warranty processing time.
6. Depending on the case, the vendor may repair, replace, or refund the item, as applicable.
7. The warranty period starts and expires according to the stated terms, regardless of whether the product is used or installed.
8. The Company reserves the right to withhold or reject warranty claims against overdue or unpaid invoices.",50.0,0.0,,,,,,Branded DP cable,,1,0.0,0.0,818.52,,850.0,8.884630000000187e+18,,,,,False,False,False,False,False,False,False,False,False,False,False,False,False,False,False,False,False,,,,,,,,,,,,,,,,,,,dpcable,,,0.0,,,,,,,,,,,,Sales,,,,,,,
2026-08-30,8884630000001390008,INV-000337,,2026-08-30,Closed,8884630000000442076,Customer A,,False,2026-08-30,,PKR,1.0,entity_level,True,Compact,0.0,1000.0,1000.0,0.0,0.0,0.0,0.0,Adjustment,,2026-08-30,0,Due on Receipt,0.0,0.0,,"Thanks for your business. For any assistance, please feel free to contact us on WhatsApp.","1. A clear unboxing video is required for damage claims, while a complete video showing the issue is required for all other warranty claims.
2. Used items are covered by a limited warranty; physical damage, burning, dead or damaged components, and misuse are not covered.
3. The original box and packaging are required for all warranty claims, whether the item is new or used.
4. Valid local warranty claims may take up to 1 month, while international claims may take up to 3 months to process.
5. Vendor, shipping, customs, and other unforeseen delays are beyond our control and may affect the warranty processing time.
6. Depending on the case, the vendor may repair, replace, or refund the item, as applicable.
7. The warranty period starts and expires according to the stated terms, regardless of whether the product is used or installed.
8. The Company reserves the right to withhold or reject warranty claims against overdue or unpaid invoices.",0.0,0.0,,,,,,Ronin R29 Handsfree (earphone) 3.5mm,,1,0.0,0.0,1000.0,,1000.0,8.884630000001034e+18,,,,,False,False,False,False,False,False,False,False,False,False,False,False,False,False,False,False,False,,,,,,,,,,,,,,,,,,,100005052,,,0.0,,,,,,,,,,,,Sales,,,,,,,
2026-08-31,8884630000001396030,INV-000338,,2026-08-31,Overdue,8884630000000950001,Customer W,,False,2026-08-31,,PKR,1.0,entity_level,True,Compact,0.0,355000.0,355000.0,0.0,0.0,205000.0,0.0,Adjustment,,2026-08-31,0,Due on Receipt,0.0,0.0,,"Thanks for your business. For any assistance, please feel free to contact us on WhatsApp.","1. A clear unboxing video is required for damage claims, while a complete video showing the issue is required for all other warranty claims.
2. Used items are covered by a limited warranty; physical damage, burning, dead or damaged components, and misuse are not covered.
3. The original box and packaging are required for all warranty claims, whether the item is new or used.
4. Valid local warranty claims may take up to 1 month, while international claims may take up to 3 months to process.
5. Vendor, shipping, customs, and other unforeseen delays are beyond our control and may affect the warranty processing time.
6. Depending on the case, the vendor may repair, replace, or refund the item, as applicable.
7. The warranty period starts and expires according to the stated terms, regardless of whether the product is used or installed.
8. The Company reserves the right to withhold or reject warranty claims against overdue or unpaid invoices.",0.0,0.0,,,,,,MSI Gaming X Tios Rtx 3090 24Gb GPU - used,15 days warranty,1,0.0,0.0,355000.0,,355000.0,8.884630000001396e+18,,,,,False,False,False,False,False,False,False,False,False,False,False,False,False,False,False,False,False,,,,,,,,,,,,,,,,,,,1132434328,,,0.0,,,,,,,,,,,,Sales,,,,,,,
2026-08-31,8884630000001396060,INV-000339,,2026-08-31,Closed,8884630000001396051,Customer X,,False,2026-08-31,,PKR,1.0,entity_level,True,Compact,0.0,19200.0,19200.0,0.0,0.0,0.0,0.0,Adjustment,,2026-08-31,0,Due on Receipt,0.0,0.0,,"Thanks for your business. For any assistance, please feel free to contact us on WhatsApp.","1. A clear unboxing video is required for damage claims, while a complete video showing the issue is required for all other warranty claims.
2. Used items are covered by a limited warranty; physical damage, burning, dead or damaged components, and misuse are not covered.
3. The original box and packaging are required for all warranty claims, whether the item is new or used.
4. Valid local warranty claims may take up to 1 month, while international claims may take up to 3 months to process.
5. Vendor, shipping, customs, and other unforeseen delays are beyond our control and may affect the warranty processing time.
6. Depending on the case, the vendor may repair, replace, or refund the item, as applicable.
7. The warranty period starts and expires according to the stated terms, regardless of whether the product is used or installed.
8. The Company reserves the right to withhold or reject warranty claims against overdue or unpaid invoices.",0.0,0.0,,,,,,XPG Kyber 750W Gold PSU,1 year warranty,1,0.0,0.0,19200.0,,19200.0,8.884630000000143e+18,,,,,False,False,False,False,False,False,False,False,False,False,False,False,False,False,False,False,False,,,,,,,,,,,,,,,,,,,010000002683,,,0.0,,,,,,,,,,,,Sales,,,,,,,
2026-08-31,8884630000001396142,INV-000340,,2026-08-31,Closed,8884630000001396179,Customer Y,,False,2026-08-31,,PKR,1.0,entity_level,True,Compact,0.0,16500.0,20000.0,0.0,0.0,0.0,0.0,Adjustment,,2026-08-31,0,Due on Receipt,0.0,0.0,,"Thanks for your business. For any assistance, please feel free to contact us on WhatsApp.","1. A clear unboxing video is required for damage claims, while a complete video showing the issue is required for all other warranty claims.
2. Used items are covered by a limited warranty; physical damage, burning, dead or damaged components, and misuse are not covered.
3. The original box and packaging are required for all warranty claims, whether the item is new or used.
4. Valid local warranty claims may take up to 1 month, while international claims may take up to 3 months to process.
5. Vendor, shipping, customs, and other unforeseen delays are beyond our control and may affect the warranty processing time.
6. Depending on the case, the vendor may repair, replace, or refund the item, as applicable.
7. The warranty period starts and expires according to the stated terms, regardless of whether the product is used or installed.
8. The Company reserves the right to withhold or reject warranty claims against overdue or unpaid invoices.",1999.0,3500.0,,,,,,Redragon Case - used,,1,0.0,0.0,7581.49,,8500.0,8.884630000001237e+18,,,,,False,False,False,False,False,False,False,False,False,False,False,False,False,False,False,False,False,,,,,,,,,,,,,,,,,,,180005200,,,0.0,,,,,,,,,,,,Sales,,,,,,,
2026-08-31,8884630000001396142,INV-000340,,2026-08-31,Closed,8884630000001396179,Customer Y,,False,2026-08-31,,PKR,1.0,entity_level,True,Compact,0.0,16500.0,20000.0,0.0,0.0,0.0,0.0,Adjustment,,2026-08-31,0,Due on Receipt,0.0,0.0,,"Thanks for your business. For any assistance, please feel free to contact us on WhatsApp.","1. A clear unboxing video is required for damage claims, while a complete video showing the issue is required for all other warranty claims.
2. Used items are covered by a limited warranty; physical damage, burning, dead or damaged components, and misuse are not covered.
3. The original box and packaging are required for all warranty claims, whether the item is new or used.
4. Valid local warranty claims may take up to 1 month, while international claims may take up to 3 months to process.
5. Vendor, shipping, customs, and other unforeseen delays are beyond our control and may affect the warranty processing time.
6. Depending on the case, the vendor may repair, replace, or refund the item, as applicable.
7. The warranty period starts and expires according to the stated terms, regardless of whether the product is used or installed.
8. The Company reserves the right to withhold or reject warranty claims against overdue or unpaid invoices.",1999.0,3500.0,,,,,,1st player X4M Case - used,without fans 8500,1,0.0,0.0,8027.46,,9000.0,8.884630000001237e+18,,,,,False,False,False,False,False,False,False,False,False,False,False,False,False,False,False,False,False,,,,,,,,,,,,,,,,,,,100075199,,,0.0,,,,,,,,,,,,Sales,,,,,,,
2026-08-31,8884630000001396142,INV-000340,,2026-08-31,Closed,8884630000001396179,Customer Y,,False,2026-08-31,,PKR,1.0,entity_level,True,Compact,0.0,16500.0,20000.0,0.0,0.0,0.0,0.0,Adjustment,,2026-08-31,0,Due on Receipt,0.0,0.0,,"Thanks for your business. For any assistance, please feel free to contact us on WhatsApp.","1. A clear unboxing video is required for damage claims, while a complete video showing the issue is required for all other warranty claims.
2. Used items are covered by a limited warranty; physical damage, burning, dead or damaged components, and misuse are not covered.
3. The original box and packaging are required for all warranty claims, whether the item is new or used.
4. Valid local warranty claims may take up to 1 month, while international claims may take up to 3 months to process.
5. Vendor, shipping, customs, and other unforeseen delays are beyond our control and may affect the warranty processing time.
6. Depending on the case, the vendor may repair, replace, or refund the item, as applicable.
7. The warranty period starts and expires according to the stated terms, regardless of whether the product is used or installed.
8. The Company reserves the right to withhold or reject warranty claims against overdue or unpaid invoices.",1999.0,3500.0,,,,,,ID cooling RC ARGB cable,,1,0.0,0.0,891.05,,999.0,8.884630000000154e+18,,,,,False,False,False,False,False,False,False,False,False,False,False,False,False,False,False,False,False,,,,,,,,,,,,,,,,,,,010000002782,,,0.0,,,,,,,,,,,,Sales,,,,,,,
2026-08-31,8884630000001400139,INV-000341,,2026-08-31,Overdue,8884630000001186001,Customer F,,False,2026-08-31,,PKR,1.0,entity_level,True,Compact,0.0,350000.0,350000.0,0.0,0.0,350000.0,0.0,Adjustment,,,0,Due on Receipt,0.0,0.0,,"Thanks for your business. For any assistance, please feel free to contact us on WhatsApp.","1. A clear unboxing video is required for damage claims, while a complete video showing the issue is required for all other warranty claims.
2. Used items are covered by a limited warranty; physical damage, burning, dead or damaged components, and misuse are not covered.
3. The original box and packaging are required for all warranty claims, whether the item is new or used.
4. Valid local warranty claims may take up to 1 month, while international claims may take up to 3 months to process.
5. Vendor, shipping, customs, and other unforeseen delays are beyond our control and may affect the warranty processing time.
6. Depending on the case, the vendor may repair, replace, or refund the item, as applicable.
7. The warranty period starts and expires according to the stated terms, regardless of whether the product is used or installed.
8. The Company reserves the right to withhold or reject warranty claims against overdue or unpaid invoices.",0.0,0.0,,,,,,MSI ventus 2x GTX 1660 super 6gb GPU - used,15 days warranty,4,0.0,0.0,172000.0,,43000.0,8.884630000000187e+18,,,,,False,False,False,False,False,False,False,False,False,False,False,False,False,False,False,False,False,,,,,,,,,,,,,,,,,,,010000003291,,,0.0,,,,,,,,,,,,Sales,,,,,,,
2026-08-31,8884630000001400139,INV-000341,,2026-08-31,Overdue,8884630000001186001,Customer F,,False,2026-08-31,,PKR,1.0,entity_level,True,Compact,0.0,350000.0,350000.0,0.0,0.0,350000.0,0.0,Adjustment,,,0,Due on Receipt,0.0,0.0,,"Thanks for your business. For any assistance, please feel free to contact us on WhatsApp.","1. A clear unboxing video is required for damage claims, while a complete video showing the issue is required for all other warranty claims.
2. Used items are covered by a limited warranty; physical damage, burning, dead or damaged components, and misuse are not covered.
3. The original box and packaging are required for all warranty claims, whether the item is new or used.
4. Valid local warranty claims may take up to 1 month, while international claims may take up to 3 months to process.
5. Vendor, shipping, customs, and other unforeseen delays are beyond our control and may affect the warranty processing time.
6. Depending on the case, the vendor may repair, replace, or refund the item, as applicable.
7. The warranty period starts and expires according to the stated terms, regardless of whether the product is used or installed.
8. The Company reserves the right to withhold or reject warranty claims against overdue or unpaid invoices.",0.0,0.0,,,,,,MSI Ventus 2x GTX 1660 Super 6gb GPU - used,15 days warranty,2,0.0,0.0,86000.0,,43000.0,8.884630000000187e+18,,,,,False,False,False,False,False,False,False,False,False,False,False,False,False,False,False,False,False,,,,,,,,,,,,,,,,,,,010000002997,,,0.0,,,,,,,,,,,,Sales,,,,,,,
2026-08-31,8884630000001400139,INV-000341,,2026-08-31,Overdue,8884630000001186001,Customer F,,False,2026-08-31,,PKR,1.0,entity_level,True,Compact,0.0,350000.0,350000.0,0.0,0.0,350000.0,0.0,Adjustment,,,0,Due on Receipt,0.0,0.0,,"Thanks for your business. For any assistance, please feel free to contact us on WhatsApp.","1. A clear unboxing video is required for damage claims, while a complete video showing the issue is required for all other warranty claims.
2. Used items are covered by a limited warranty; physical damage, burning, dead or damaged components, and misuse are not covered.
3. The original box and packaging are required for all warranty claims, whether the item is new or used.
4. Valid local warranty claims may take up to 1 month, while international claims may take up to 3 months to process.
5. Vendor, shipping, customs, and other unforeseen delays are beyond our control and may affect the warranty processing time.
6. Depending on the case, the vendor may repair, replace, or refund the item, as applicable.
7. The warranty period starts and expires according to the stated terms, regardless of whether the product is used or installed.
8. The Company reserves the right to withhold or reject warranty claims against overdue or unpaid invoices.",0.0,0.0,,,,,,MSI Gaming X GTX 1660 Super 6gb GPU - used,15 days warranty,2,0.0,0.0,92000.0,,46000.0,8.884630000000187e+18,,,,,False,False,False,False,False,False,False,False,False,False,False,False,False,False,False,False,False,,,,,,,,,,,,,,,,,,,010000002980,,,0.0,,,,,,,,,,,,Sales,,,,,,,
