Item ID,Item Name,SKU,Description,Rate,Account,Account Code,Tax Name,Tax Percentage,Tax Type,Purchase Tax Name,Purchase Tax Percentage,Purchase Tax Type,Product Type,Product Name,Source,Reference ID,Last Sync Time,Status,Usage unit,Unit Name,Purchase Rate,Purchase Account,Purchase Account Code,Purchase Description,Inventory Account,Inventory Account Code,Inventory Valuation Method,Reorder Point,Vendor,Opening Stock,Opening Stock Value,Stock On Hand,Item Type,Sellable,Purchasable,Track Inventory
8884630000000124003,Hawk 069 Laptop Cooling Stand,010000000719,Check warranty,PKR 2800.00,Sales,,,,,,,,goods,Hawk 069 Laptop Cooling Stand,1,,,Active,,,PKR 1900.00,Cost of Goods Sold,,,Inventory Asset,,fifo,,,,,3,Inventory,true,true,true
8884630000000124351,Hawk 211 Laptop Cooling Stand,010000000573,Check warranty,PKR 2400.00,Sales,,,,,,,,goods,Hawk 211 Laptop Cooling Stand,1,,,Active,,,PKR 1620.00,Cost of Goods Sold,,,Inventory Asset,,fifo,,,,,0,Inventory,true,true,true
8884630000000124372,Keyboard Silon Cover,010000000412,,PKR 250.00,Sales,,,,,,,,goods,Keyboard Silon Cover,1,,,Active,,,PKR 150.00,Cost of Goods Sold,,,Inventory Asset,,fifo,,,,,1,Inventory,true,true,true
8884630000000124393,Cleaning Kit,010000000030,,PKR 750.00,Sales,,,,,,,,goods,Cleaning Kit,1,,,Active,,,PKR 470.00,Cost of Goods Sold,,,Inventory Asset,,fifo,,,,,5,Inventory,true,true,true
8884630000000124414,Kisonli B310 Speaker,010000000580,,PKR 800.00,Sales,,,,,,,,goods,Sonic B310 Speaker,1,,,Active,,,PKR 450.00,Cost of Goods Sold,,,Inventory Asset,,fifo,,,,,1,Inventory,true,true,true
8884630000000124435,HotmaiI HN88 Speaker,010000000597,,PKR 999.00,Sales,,,,,,,,goods,Hot MAI HN88 Speaker,1,,,Active,,,PKR 680.00,Cost of Goods Sold,,,Inventory Asset,,fifo,,,,,3,Inventory,true,true,true
8884630000000124456,Prime FT165 Speaker,010000000603,,PKR 1199.00,Sales,,,,,,,,goods,Sonic FT165 Speaker,1,,,Active,,,PKR 780.00,Cost of Goods Sold,,,Inventory Asset,,fifo,,,,,3,Inventory,true,true,true
8884630000000124477,Dell Simple Mouse,010000000283,,PKR 500.00,Sales,,,,,,,,goods,Dell Simple Mouse,1,,,Inactive,,,PKR 190.00,Cost of Goods Sold,,,Inventory Asset,,fifo,,,,,0,Inventory,true,true,true
8884630000000124498,Sound Card 5.1 Virtual,010000000610,,PKR 380.00,Sales,,,,,,,,goods,Sound Card 5.1 Virtual,1,,,Active,,,PKR 190.00,Cost of Goods Sold,,,Inventory Asset,,fifo,,,,,2,Inventory,true,true,true
8884630000000124519,Sound Card 7.1 Virtual,010000000634,,PKR 450.00,Sales,,,,,,,,goods,Sound Card 7.1 Virtual,1,,,Active,,,PKR 220.00,Cost of Goods Sold,,,Inventory Asset,,fifo,,,,,3,Inventory,true,true,true
8884630000000124540,Hawk HK 01 Wireless Mouse,010000000276,,PKR 1200.00,Sales,,,,,,,,goods,Hawk HK 01 Wireless Mouse,1,,,Active,,,PKR 680.00,Cost of Goods Sold,,Wireless,Inventory Asset,,fifo,,,,,2,Inventory,true,true,true
8884630000000124561,PC Bluetooth Device 5.3,010000000627,,PKR 500.00,Sales,,,,,,,,goods,PC Bluetooth Device 5.3,1,,,Active,,,PKR 270.00,Cost of Goods Sold,,,Inventory Asset,,fifo,,,,,1,Inventory,true,true,true
8884630000000124582,Alfa Auto Wireless Wifi Adapter,010000000641,check warranty,PKR 550.00,Sales,,,,,,,,goods,Alfa Auto Wireless Wifi Adapter,1,,,Active,,,PKR 285.00,Cost of Goods Sold,,,Inventory Asset,,fifo,,,,,1,Inventory,true,true,true
8884630000000124603,Alfa U01 Wirelss Wifi Adapter,010000000658,check warranty,PKR 950.00,Sales,,,,,,,,goods,Alfa U01 Wirelss Wifi Adapter,1,,,Active,,,PKR 470.00,Cost of Goods Sold,,,Inventory Asset,,fifo,,,,,0,Inventory,true,true,true
8884630000000124624,Yellow USB Hub,010000000665,,PKR 500.00,Sales,,,,,,,,goods,Yellow USB Hub,1,,,Active,,,PKR 250.00,Cost of Goods Sold,,,Inventory Asset,,fifo,,,,,2,Inventory,true,true,true
8884630000000124645,"Hawk 2.5"" SSD  External case USB 2.0",010000000672,,PKR 820.00,Sales,,,,,,,,goods,"Hawk 2.5"" SSD  External case USB 2.0",1,,,Active,,,PKR 520.00,Cost of Goods Sold,,,Inventory Asset,,fifo,,,,,3,Inventory,true,true,true
8884630000000124672,"Samsung 2.5"" SDD External Case USB 3.0",010000000689,,PKR 1100.00,Sales,,,,,,,,goods,"Samsung 2.5"" SDD External Case USB 3.0",1,,,Active,,,PKR 730.00,Cost of Goods Sold,,,Inventory Asset,,fifo,,,,,3,Inventory,true,true,true
8884630000000142151,Rapoo NX1600 Wired Black Keyboard Combo,010000000696,1 month warranty,PKR 3000.00,Sales,,,,,,,,goods,Rapoo NX1600 Wired Black Keyboard Combo,1,,,Active,,,PKR 2200.00,Cost of Goods Sold,,,Inventory Asset,,fifo,,,,,2,Inventory,true,true,true
8884630000000142172,Bloody M590i Sports Lime Wired Headphone,010000000702,1 month warranty,PKR 7500.00,Sales,,,,,,,,goods,Bloody M590i Sports Lime Wired Headphone,1,,,Active,,,PKR 6000.00,Cost of Goods Sold,,,Inventory Asset,,fifo,,,,,3,Inventory,true,true,true
8884630000000142211,Bloody BP45 Renegade Midnight MP,010000001365,,PKR 1600.00,Sales,,,,,,,,goods,Bloody BP45 Renegade Midnight MP,1,,,Active,,,PKR 1200.00,Cost of Goods Sold,,,Inventory Asset,,fifo,,,,,1,Inventory,true,true,true
8884630000000142242,Bloody BP45 Proxy Boom Fire MP,010000001372,,PKR 1600.00,Sales,,,,,,,,goods,Bloody BP45 Proxy Boom Fire MP,1,,,Active,,,PKR 1200.00,Cost of Goods Sold,,,Inventory Asset,,fifo,,,,,1,Inventory,true,true,true
8884630000000142263,Bloody BP45 Proxy Boom Ink MP,010000001389,,PKR 1600.00,Sales,,,,,,,,goods,Bloody BP45 Proxy Boom Ink MP,1,,,Active,,,PKR 1200.00,Cost of Goods Sold,,,Inventory Asset,,fifo,,,,,1,Inventory,true,true,true
8884630000000142284,A4 Tech FP70 Black MP,010000000351,,PKR 1700.00,Sales,,,,,,,,goods,A4 Tech FP70 Black MP,1,,,Active,,,PKR 1090.00,Cost of Goods Sold,,,Inventory Asset,,fifo,,,,,5,Inventory,true,true,true
8884630000000142305,A4 Tech FP20 Grey MP,010000000306,,PKR 850.00,Sales,,,,,,,,goods,A4 Tech FP20 Grey MP,1,,,Active,,,PKR 530.00,Cost of Goods Sold,,,Inventory Asset,,fifo,,,,,3,Inventory,true,true,true
8884630000000142326,Bloody S10 Black RGB Sound bar ( speaker ),010000000931,1 month warranty,PKR 6500.00,Sales,,,,,,,,goods,Bloody S10 Black RGB Sound bar ( speaker ),1,,,Active,,,PKR 5650.00,Cost of Goods Sold,,Wireless + Wired,Inventory Asset,,fifo,,,,,2,Inventory,true,true,true
8884630000000142347,Bloody GK30 HD Webcam,010000001396,1 month warranty,PKR 8500.00,Sales,,,,,,,,goods,Bloody GK30 HD Webcam,1,,,Active,,,PKR 7250.00,Cost of Goods Sold,,,Inventory Asset,,fifo,,,,,1,Inventory,true,true,true
8884630000000142368,A4Tech PK920H HD Webcam,010000000856,1 month warranty,PKR 5500.00,Sales,,,,,,,,goods,A4 Tech PK920H HD Webcam,1,,,Active,,,PKR 4480.00,Cost of Goods Sold,,,Inventory Asset,,fifo,,,,,2,Inventory,true,true,true
8884630000000142389,A4Tech PK940HA Black HD Webcam,010000001471,1 month warranty,PKR 8500.00,Sales,,,,,,,,goods,A4 Tech PK940HA Black HD Webcam,1,,,Active,,,PKR 7550.00,Cost of Goods Sold,,,Inventory Asset,,fifo,,,,,1,Inventory,true,true,true
8884630000000142410,UGreen 35626 2K HD Webcam,010000002201,1 month warranty,PKR 9800.00,Sales,,,,,,,,goods,UGreen 35626 2K HD Webcam,1,,,Active,,,PKR 8250.00,Cost of Goods Sold,,,Inventory Asset,,fifo,,,,,1,Inventory,true,true,true
8884630000000142433,UGreen 25906 8K DP 3M Cable,010000000894,,PKR 3499.00,Sales,,,,,,,,goods,UGreen 25906 8K DP 3M Cable,1,,,Active,,,PKR 2800.00,Cost of Goods Sold,,,Inventory Asset,,fifo,,,,,2,Inventory,true,true,true
8884630000000142454,Ugreen 20162 CAT6 LAN 5M Cable,010000000344,,PKR 1500.00,Sales,,,,,,,,goods,Ugreen 20162 CAT6 LAN 5M Cable,1,,,Active,,,PKR 920.00,Cost of Goods Sold,,,Inventory Asset,,fifo,,,,,4,Inventory,true,true,true
8884630000000142475,Ugreen 20164 CAT6 LAN 10M Cable,010000001242,,PKR 2500.00,Sales,,,,,,,,goods,Ugreen 20164 CAT6 LAN 10M Cable,1,,,Active,,,PKR 1380.00,Cost of Goods Sold,,,Inventory Asset,,fifo,,,,,3,Inventory,true,true,true
8884630000000142496,Ugreen 20166 CAT6 LAN 20M Cable,010000000887,,PKR 3150.00,Sales,,,,,,,,goods,Ugreen 20166 CAT6 LAN 20M Cable,1,,,Active,,,PKR 2050.00,Cost of Goods Sold,,,Inventory Asset,,fifo,,,,,2,Inventory,true,true,true
8884630000000142517,Ugreen 35622 USB C 3.1 Card Reader,010000002164,1 month warranty,PKR 1999.00,Sales,,,,,,,,goods,Ugreen 35622 USB C 3.1 Card Reader,1,,,Active,,,PKR 1150.00,Cost of Goods Sold,,,Inventory Asset,,fifo,,,,,1,Inventory,true,true,true
8884630000000142538,Ugreen 80348 Foldable Silver Laptop Stand,010000002157,,PKR 3600.00,Sales,,,,,,,,goods,Ugreen 80348 Foldable Silver Laptop Stand,1,,,Active,,,PKR 2300.00,Cost of Goods Sold,,,Inventory Asset,,fifo,,,,,1,Inventory,true,true,true
8884630000000142565,Transcend RDF5W USB 3.1 Card Reader,010000001235,1 month warranty,PKR 2999.00,Sales,,,,,,,,goods,Transcend RDF5W USB 3.1 Card Reader,1,,,Active,,,PKR 2200.00,Cost of Goods Sold,,,Inventory Asset,,fifo,,,,,3,Inventory,true,true,true
8884630000000142586,MSI Pro H610M S DDR4 Motherboard,010000002171,10 months warranty,PKR 25000.00,Sales,,,,,,,,goods,MSI Pro H610M S DDR4 Motherboard,1,,,Active,,,PKR 22500.00,Cost of Goods Sold,,,Inventory Asset,,fifo,,,,,1,Inventory,true,true,true
8884630000000142625,Thermalright Assassin Refined SE ARGB 120 X Black Air Cooler,010000000900,,PKR 5500.00,Sales,,,,,,,,goods,Thermalright Assassin Refined SE ARGB 120 X Black Air Cooler,1,,,Active,,,PKR 4400.00,Cost of Goods Sold,,,Inventory Asset,,fifo,,,,,2,Inventory,true,true,true
8884630000000142646,Thermalright Assassin King ARGB 120 SE White Air Cooler,010000000771,,PKR 6500.00,Sales,,,,,,,,goods,Thermalright Assassin King ARGB 120 SE White Air Cooler,1,,,Active,,,PKR 5000.00,Cost of Goods Sold,,,Inventory Asset,,fifo,,,,,2,Inventory,true,true,true
8884630000000142667,Thermalright Aqua Elite ARGB V6 240 Black Liquid Cooler,010000001990,10 months warranty,PKR 12500.00,Sales,,,,,,,,goods,Thermalright Aqua Elite ARGB V6 240 Black Liquid Cooler,1,,,Active,,,PKR 10900.00,Cost of Goods Sold,,,Inventory Asset,,fifo,,,,,1,Inventory,true,true,true
8884630000000142688,Thermalright Aqua Elite ARGB V6 240 White Liquid Cooler,010000001983,10 months warranty,PKR 12999.00,Sales,,,,,,,,goods,Thermalright Aqua Elite ARGB V6 240 White Liquid Cooler,1,,,Active,,,PKR 11500.00,Cost of Goods Sold,,,Inventory Asset,,fifo,,,,,1,Inventory,true,true,true
8884630000000142709,Thermalright Frozen Infinity 240 Black Liquid Cooler,010000002010,10 months warranty,PKR 15500.00,Sales,,,,,,,,goods,Thermalright Frozen Infinity 240 Black Liquid Cooler,1,,,Active,,,PKR 13700.00,Cost of Goods Sold,,,Inventory Asset,,fifo,,,,,1,Inventory,true,true,true
8884630000000142730,Thermalright Frozen Infinity 240 White Liquid Cooler,010000002003,10 months warranty,PKR 15999.00,Sales,,,,,,,,goods,Thermalright Frozen Infinity 240 White Liquid Cooler,1,,,Active,,,PKR 14200.00,Cost of Goods Sold,,,Inventory Asset,,fifo,,,,,1,Inventory,true,true,true
8884630000000142751,Thermalright Frozen Infinity 360 White Liquid Cooler,010000002034,10 months warranty,PKR 21000.00,Sales,,,,,,,,goods,Thermalright Frozen Infinity 360 White Liquid Cooler,1,,,Active,,,PKR 19000.00,Cost of Goods Sold,,,Inventory Asset,,fifo,,,,,1,Inventory,true,true,true
8884630000000142772,Thermalright Frozen Infinity 360 Black Liquid Cooler,010000002027,10 months warranty,PKR 21500.00,Sales,,,,,,,,goods,Thermalright Frozen Infinity 360 Black Liquid Cooler,1,,,Active,,,PKR 18000.00,Cost of Goods Sold,,,Inventory Asset,,fifo,,,,,1,Inventory,true,true,true
8884630000000142793,XPG D35G 16GB Kit 3200Mhz DDR4 Black RAM,010000002317,10 months warranty,PKR 40000.00,Sales,,,,,,,,goods,XPG D35G 16GB Kit 3200Mhz DDR4 Black RAM,1,,,Active,,,PKR 36000.00,Cost of Goods Sold,,,Inventory Asset,,fifo,,,,,1,Inventory,true,true,true
8884630000000142820,XPG D35G 32GB Kit 3200Mhz DDR4 Black RAM,010000002300,10 months warranty,PKR 75000.00,Sales,,,,,,,,goods,XPG D35G 32GB Kit 3200Mhz DDR4 Black RAM,1,,,Inactive,,,PKR 67000.00,Cost of Goods Sold,,,Inventory Asset,,fifo,,,,,0,Inventory,true,true,true
8884630000000142841,Adata Single 16GB 3200Mhz DDR4 RAM,010000000924,10 months warranty,PKR 40000.00,Sales,,,,,,,,goods,Adata Single 16GB 3200Mhz DDR4 RAM,1,,,Active,,,PKR 33000.00,Cost of Goods Sold,,,Inventory Asset,,fifo,,,,,2,Inventory,true,true,true
8884630000000142862,Adata Single 32GB 3200Mhz DDR4 RAM,010000002041,10 months warranty,PKR 65000.00,Sales,,,,,,,,goods,Adata Single 32GB 3200Mhz DDR4 RAM,1,,,Active,,,PKR 59000.00,Cost of Goods Sold,,,Inventory Asset,,fifo,,,,,1,Inventory,true,true,true
8884630000000142883,Tracend Single 8GB 3200Mhz DDR4 RAM,010000000832,10 months warranty,PKR 25000.00,Sales,,,,,,,,goods,Tracend Single 8GB 3200Mhz DDR4 RAM,1,,,Active,,,PKR 20000.00,Cost of Goods Sold,,,Inventory Asset,,fifo,,,,,2,Inventory,true,true,true
8884630000000142904,Tracend Single 16GB 3200Mhz DDR4 RAM,010000000917,10 months warranty,PKR 40000.00,Sales,,,,,,,,goods,Tracend Single 16GB 3200Mhz DDR4 RAM,1,,,Active,,,PKR 33000.00,Cost of Goods Sold,,,Inventory Asset,,fifo,,,,,2,Inventory,true,true,true
8884630000000143093,Tracend Single 32GB 3200Mhz DDR4 RAM,010000002065,10 months warranty,PKR 70000.00,Sales,,,,,,,,goods,Tracend Single 32GB 3200Mhz DDR4 RAM,1,,,Active,,,PKR 59000.00,Cost of Goods Sold,,,Inventory Asset,,fifo,,,,,1,Inventory,true,true,true
8884630000000143114,MSI MAG M100A Black Case,010000002058,,PKR 11500.00,Sales,,,,,,,,goods,MSI MAG M100A Black Case,1,,,Active,,,PKR 9350.00,Cost of Goods Sold,,,Inventory Asset,,fifo,,,,,0,Inventory,true,true,true
8884630000000143135,MSI PAG Pano M110A Black Case,010000002072,,PKR 11500.00,Sales,,,,,,,,goods,MSI PAG Pano M110A Black Case,1,,,Active,,,PKR 9350.00,Cost of Goods Sold,,,Inventory Asset,,fifo,,,,,0,Inventory,true,true,true
8884630000000143156,XPG Valor Air Black Case,010000002089,,PKR 12999.00,Sales,,,,,,,,goods,XPG Valor Air Black Case,1,,,Active,,,PKR 11800.00,Cost of Goods Sold,,,Inventory Asset,,fifo,,,,,1,Inventory,true,true,true
8884630000000143177,XPG Valor Air White Case,010000002102,,PKR 13500.00,Sales,,,,,,,,goods,XPG Valor Air White Case,1,,,Active,,,PKR 11800.00,Cost of Goods Sold,,,Inventory Asset,,fifo,,,,,1,Inventory,true,true,true
8884630000000143198,XPG Valor Mesh Black Case,010000002096,,PKR 13200.00,Sales,,,,,,,,goods,XPG Valor Mesh Black Case,1,,,Active,,,PKR 11800.00,Cost of Goods Sold,,,Inventory Asset,,fifo,,,,,1,Inventory,true,true,true
8884630000000143219,XPG Valor Mesh White Case,010000002119,,PKR 13700.00,Sales,,,,,,,,goods,XPG Valor Mesh White Case,1,,,Active,,,PKR 11800.00,Cost of Goods Sold,,,Inventory Asset,,fifo,,,,,1,Inventory,true,true,true
8884630000000143240,XPG Valor Air Plus Black Case,010000002126,,PKR 16000.00,Sales,,,,,,,,goods,XPG Valor Mesh White Case A,1,,,Active,,,PKR 14200.00,Cost of Goods Sold,,,Inventory Asset,,fifo,,,,,1,Inventory,true,true,true
8884630000000143320,XPG Probe 600W Bronze PSU,010000002133,10 months warranty,PKR 13200.00,Sales,,,,,,,,goods,XPG Probe 600W Bronze PSU,1,,,Active,,,PKR 11500.00,Cost of Goods Sold,,,Inventory Asset,,fifo,,,,,1,Inventory,true,true,true
8884630000000143341,XPG Probe 700W Bronze PSU,010000002140,10 months warranty,PKR 15400.00,Sales,,,,,,,,goods,XPG Probe 700W Bronze PSU,1,,,Active,,,PKR 13500.00,Cost of Goods Sold,,,Inventory Asset,,fifo,,,,,1,Inventory,true,true,true
8884630000000143362,XPG Pylon 650W Bronze PSU,010000000290,10 months warranty,PKR 15800.00,Sales,,,,,,,,goods,XPG Pylon 650W Bronze PSU,1,,,Active,,,PKR 13300.00,Cost of Goods Sold,,,Inventory Asset,,fifo,,,,,0,Inventory,true,true,true
8884630000000143383,XPG Kyber 750W Gold PSU,010000002683,1 year warranty,PKR 21000.00,Sales,,,,,,,,goods,XPG Kyber 750W Gold PSU,1,,,Active,,,PKR 18700.00,Cost of Goods Sold,,,Inventory Asset,,fifo,,,,,0,Inventory,true,true,true
8884630000000143404,Adata SU650 1TB SSD,010000002270,10 months warranty,PKR 41000.00,Sales,,,,,,,,goods,Adata SU650 1TB SSD,1,,,Active,,,PKR 38500.00,Cost of Goods Sold,,,Inventory Asset,,fifo,,,,,1,Inventory,true,true,true
8884630000000143425,Adata Legend 710 256GB NVMe,010000002294,10 months warranty,PKR 15500.00,Sales,,,,,,,,goods,Adata Legend 710 256GB NVMe,1,,,Active,,,PKR 13000.00,Cost of Goods Sold,,,Inventory Asset,,fifo,,,,,1,Inventory,true,true,true
8884630000000143446,Adata Legend 710 512GB NVMe,010000002287,10 months warranty,PKR 26500.00,Sales,,,,,,,,goods,Adata Legend 710 512GB NVMe,1,,,Active,,,PKR 24800.00,Cost of Goods Sold,,,Inventory Asset,,fifo,,,,,1,Inventory,true,true,true
8884630000000143467,"MSI Pro MP225 Business 22"" Monitor",010000002232,10 months warranty,PKR 27000.00,Sales,,,,,,,,goods,"MSI Pro MP225 Business 22"" Monitor",1,,,Active,,,PKR 23000.00,Cost of Goods Sold,," 1920x1080 + IPS panel, 100Hz refresh rate, and 1ms response Time",Inventory Asset,,fifo,,,,,1,Inventory,true,true,true
8884630000000143488,"MSI MAG 255F E20 FHD 25"" Monitor",010000002225,10 months warranty,PKR 40000.00,Sales,,,,,,,,goods,"MSI MAG 255F E20 FHD 25"" Monitor",1,,,Active,,,PKR 35500.00,Cost of Goods Sold,," Full HD (1920x1080) resolution, 200Hz and a 0.5ms , Rapid IPS.",Inventory Asset,,fifo,,,,,1,Inventory,true,true,true
8884630000000143509,"MSI MAG 255F X24 FHD 25"" Monitor",010000002256,10 months warranty,PKR 43000.00,Sales,,,,,,,,goods,"MSI MAG 255F X24 FHD 25"" Monitor",1,,,Inactive,,,PKR 38000.00,Cost of Goods Sold,,"FHD (1920x1080),  240Hz refresh rate and a rapid 0.5ms",Inventory Asset,,fifo,,,,,0,Inventory,true,true,true
8884630000000143530,"MSI MAG 275QF E20 WQHD 27"" Monitor",010000002263,10 months warranty,PKR 67000.00,Sales,,,,,,,,goods,"MSI MAG 275QF E20 WQHD 27"" Monitor",1,,,Active,,,PKR 62000.00,Cost of Goods Sold,,"2k , Rapid IPS panel, a 200Hz refresh rate, and a 0.5ms",Inventory Asset,,fifo,,,,,0,Inventory,true,true,true
8884630000000143551,"MSI MAG 274QF X24 WQHD 27"" Monitor",010000002249,10 months warranty,PKR 75000.00,Sales,,,,,,,,goods,"MSI MAG 274QF X24 WQHD 27"" Monitor",1,,,Active,,,PKR 68000.00,Cost of Goods Sold,,"2K , Rapid IPS panel, 240Hz refresh rate, and 0.5ms ",Inventory Asset,,fifo,,,,,1,Inventory,true,true,true
8884630000000143572,AndaSeat Memory Black Head Pillow,010000002218,,PKR 2999.00,Sales,,,,,,,,goods,AndaSeat Memory Black Head Pillow,1,,,Active,,,PKR 2500.00,Cost of Goods Sold,,,Inventory Asset,,fifo,,,,,1,Inventory,true,true,true
8884630000000143680,Bloody M590i Sports Red Wired Headphone,010000000535,1 month warranty,PKR 7500.00,Sales,,,,,,,,goods,Bloody M590i Sports Red Wired Headphone,1,,,Active,,,PKR 6000.00,Cost of Goods Sold,,,Inventory Asset,,fifo,,,,,3,Inventory,true,true,true
8884630000000143701,Bloody M590i Sports Navy Wired Headphone,010000001310,1 month warranty,PKR 7500.00,Sales,,,,,,,,goods,Bloody M590i Sports Navy Wired Headphone,1,,,Active,,,PKR 6000.00,Cost of Goods Sold,,,Inventory Asset,,fifo,,,,,3,Inventory,true,true,true
8884630000000143722,Bloody G585 Black Wired Headphone,010000000337,1 month warranty,PKR 7200.00,Sales,,,,,,,,goods,Bloody G585 Black Wired Headphone,1,,,Active,,,PKR 5800.00,Cost of Goods Sold,,,Inventory Asset,,fifo,,,,,5,Inventory,true,true,true
8884630000000143743,Bloody G575 Pro Grey Headphone,010000000849,1 month warranty,PKR 8000.00,Sales,,,,,,,,goods,Bloody G575 Pro Grey Headphone,1,,,Active,,,PKR 6500.00,Cost of Goods Sold,,Dual (Wired + Wireless),Inventory Asset,,fifo,,,,,2,Inventory,true,true,true
8884630000000143764,Bloody G565 Energy White Wired Headphone,010000001303,1 month warranty,PKR 5500.00,Sales,,,,,,,,goods,Bloody G565 Energy White Wired Headphone,1,,,Active,,,PKR 4200.00,Cost of Goods Sold,,,Inventory Asset,,fifo,,,,,3,Inventory,true,true,true
8884630000000143785,Bloody G575P RGB Black Wired Headphone,010000001297,1 month warranty,PKR 6000.00,Sales,,,,,,,,goods,Bloody G575P RGB Black Wired Headphone,1,,,Active,,,PKR 4650.00,Cost of Goods Sold,,,Inventory Asset,,fifo,,,,,3,Inventory,true,true,true
8884630000000143806,Bloody MH390 Wireless Black Headphone,010000001280,1 month warranty,PKR 7500.00,Sales,,,,,,,,goods,Bloody MH390 Wireless Black Headphone,1,,,Active,,,PKR 5900.00,Cost of Goods Sold,,Wireless,Inventory Asset,,fifo,,,,,3,Inventory,true,true,true
8884630000000143827,Bloody MH390 Wireless White Headphone,010000001266,1 month warranty,PKR 7500.00,Sales,,,,,,,,goods,Bloody MH390 Wireless White Headphone,1,,,Active,,,PKR 5900.00,Cost of Goods Sold,,Wireless,Inventory Asset,,fifo,,,,,3,Inventory,true,true,true
8884630000000143848,A4Tech FH150U Black Wired Headphone,010000001273,1 month warranty,PKR 3500.00,Sales,,,,,,,,goods,A4Tech FH150U Black Wired Headphone,1,,,Active,,,PKR 2780.00,Cost of Goods Sold,,,Inventory Asset,,fifo,,,,,3,Inventory,true,true,true
8884630000000143869,A4Tech HU9 Black Wired Headphone,010000001259,1 month warranty,PKR 2500.00,Sales,,,,,,,,goods,A4Tech HU9 Black Wired Headphone,1,,,Active,,,PKR 2070.00,Cost of Goods Sold,,,Inventory Asset,,fifo,,,,,2,Inventory,true,true,true
8884630000000143890,Logitech G335 Black Wired Headphone,010000001327,1 month warranty,PKR 15000.00,Sales,,,,,,,,goods,Logitech G335 Black Wired Headphone,1,,,Active,,,PKR 13200.00,Cost of Goods Sold,,,Inventory Asset,,fifo,,,,,1,Inventory,true,true,true
8884630000000143911,Bloody DM8 Black Monitor Arm,010000001334,,PKR 14000.00,Sales,,,,,,,,goods,Bloody DM8 Black Monitor Arm,1,,,Active,,,PKR 12500.00,Cost of Goods Sold,,,Inventory Asset,,fifo,,,,,1,Inventory,true,true,true
8884630000000143932,AndaSeat Stealth II DUO Black Monitor Arm,010000001341,,PKR 15000.00,Sales,,,,,,,,goods,AndaSeat Stealth II DUO Black Monitor Arm,1,,,Active,,,PKR 13300.00,Cost of Goods Sold,,,Inventory Asset,,fifo,,,,,1,Inventory,true,true,true
8884630000000143953,Bloody GP30 Sports Red Controller,010000000733,1 month warrnaty,PKR 5000.00,Sales,,,,,,,,goods,Bloody GP30 Sports Red Controller,1,,,Active,,,PKR 3900.00,Cost of Goods Sold,,,Inventory Asset,,fifo,,,,,2,Inventory,true,true,true
8884630000000143974,Bloody GPW50 Sports Red Controller,010000000757,1 month warranty,PKR 6000.00,Sales,,,,,,,,goods,Bloody GPW50 Sports Red Controller,1,,,Active,,,PKR 4900.00,Cost of Goods Sold,,,Inventory Asset,,fifo,,,,,0,Inventory,true,true,true
8884630000000143995,MSI Force GC200 Black Controller,010000001358,1 month warranty,PKR 8000.00,Sales,,,,,,,,goods,MSI Force GC200 Black Controller,1,,,Active,,,PKR 6800.00,Cost of Goods Sold,,,Inventory Asset,,fifo,,,,,1,Inventory,true,true,true
8884630000000144022,MSI Force GC200 White Controller,010000000740,1 month warranty,PKR 8000.00,Sales,,,,,,,,goods,MSI Force GC200 White Controller,1,,,Active,,,PKR 6800.00,Cost of Goods Sold,,,Inventory Asset,,fifo,,,,,2,Inventory,true,true,true
8884630000000144043,Bloody B088S MP,010000000320,,PKR 2000.00,Sales,,,,,,,,goods,Bloody B088S MP,1,,,Active,,,PKR 1200.00,Cost of Goods Sold,,,Inventory Asset,,fifo,,,,,5,Inventory,true,true,true
8884630000000144908,A4Tech OP550S Black Mouse,010000000061,1 month warranty,PKR 1100.00,Sales,,,,,,,,goods,A4Tech OP550S Black Mouse,1,,,Active,,,PKR 690.00,Cost of Goods Sold,,,Inventory Asset,,fifo,,,,,7,Inventory,true,true,true
8884630000000144929,Bloody ES8 Stone Black Mouse,010000000368,1 month warranty,PKR 3500.00,Sales,,,,,,,,goods,Bloody ES8 Stone Black Mouse,1,,,Active,,,PKR 2580.00,Cost of Goods Sold,,,Inventory Asset,,fifo,,,,,3,Inventory,true,true,true
8884630000000144950,Bloody S520N Fire Black Mechanical Keyboard,010000000375,1 month warranty,PKR 9200.00,Sales,,,,,,,,goods,Bloody S520N Fire Black Mechanical Keyboard,1,,,Active,,,PKR 7450.00,Cost of Goods Sold,,,Inventory Asset,,fifo,,,,,5,Inventory,true,true,true
8884630000000144971,Bloody S520N Pudding Black Mechanical Keyboard,010000001228,1 month warranty,PKR 9200.00,Sales,,,,,,,,goods,Bloody S520N Pudding Black Mechanical Keyboard,1,,,Active,,,PKR 7450.00,Cost of Goods Sold,,,Inventory Asset,,fifo,,,,,3,Inventory,true,true,true
8884630000000144992,Bloody S98 Sports Lime Mechanical Keyboard,010000000801,1 month warranty,PKR 11500.00,Sales,,,,,,,,goods,Bloody S98 Sports Lime Mechanical Keyboard,1,,,Active,,,PKR 9800.00,Cost of Goods Sold,,,Inventory Asset,,fifo,,,,,1,Inventory,true,true,true
8884630000000146013,Bloody S98 Pixels Red Mechanical Keyboard,010000000788,1 month warranty,PKR 11500.00,Sales,,,,,,,,goods,Bloody S98 Pixels Red Mechanical Keyboard,1,,,Active,,,PKR 9800.00,Cost of Goods Sold,,,Inventory Asset,,fifo,,,,,2,Inventory,true,true,true
8884630000000146034,Bloody B135N Neon Black Keyboard,010000000399,1 month warranty,PKR 4000.00,Sales,,,,,,,,goods,Bloody B135N Neon Black Keyboard,1,,,Active,,,PKR 3100.00,Cost of Goods Sold,,,Inventory Asset,,fifo,,,,,3,Inventory,true,true,true
8884630000000146055,A4Tech FK12 Wired Keyboard,010000000054,1 month warranty,PKR 2500.00,Sales,,,,,,,,goods,A4Tech FK12 Wired Keyboard,1,,,Active,,,PKR 1775.00,Cost of Goods Sold,,,Inventory Asset,,fifo,,,,,10,Inventory,true,true,true
8884630000000146076,A4Tech FBK25 Black Wireless Keyboard,010000000818,1 month warranty,PKR 4500.00,Sales,,,,,,,,goods,A4Tech FBK25 Black Wireless Keyboard,1,,,Active,,,PKR 3370.00,Cost of Goods Sold,,Wireless,Inventory Asset,,fifo,,,,,1,Inventory,true,true,true
8884630000000146097,A4Tech FBK25 White Wireless Keyboard,010000001495,1 month warranty,PKR 4800.00,Sales,,,,,,,,goods,A4Tech FBK25 White Wireless Keyboard,1,,,Active,,,PKR 3480.00,Cost of Goods Sold,,,Inventory Asset,,fifo,,,,,1,Inventory,true,true,true
8884630000000146118,A4Tech FBK27C AS Black Wireless Keyboard,010000001181,1 month warranty,PKR 5000.00,Sales,,,,,,,,goods,A4Tech FBK27C AS Black Wireless Keyboard,1,,,Active,,,PKR 3675.00,Cost of Goods Sold,,Wireless,Inventory Asset,,fifo,,,,,2,Inventory,true,true,true
8884630000000146139,A4Tech FBK30 Black Wireless Keyboard,010000000795,1 month warranty,PKR 4600.00,Sales,,,,,,,,goods,A4Tech FBK30 Black Wireless Keyboard,1,,,Active,,,PKR 3340.00,Cost of Goods Sold,,Wireless,Inventory Asset,,fifo,,,,,2,Inventory,true,true,true
8884630000000146160,A4Tech FBK30 White Wireless Keyboard,010000001488,1 month warranty,PKR 4600.00,Sales,,,,,,,,goods,A4Tech FBK30 White Wireless Keyboard,1,,,Active,,,PKR 3340.00,Cost of Goods Sold,,Wireless,Inventory Asset,,fifo,,,,,1,Inventory,true,true,true
8884630000000148028,Boost (Comfort Ergonomic) Gaming Chair,010000001556,1 month warranty,PKR 29500.00,Sales,,,,,,,,goods,Boost (Comfort Ergonomic) Gaming Chair,1,,,Active,,,PKR 25200.00,Cost of Goods Sold,,,Inventory Asset,,fifo,,,,,1,Inventory,true,true,true
8884630000000148038,Boost (Surge pro black) Gaming chair,010000001518,1 month warranty,PKR 34000.00,Sales,,,,,,,,goods,Boost (Surge pro black) Gaming chair,1,,,Active,,,PKR 29700.00,Cost of Goods Sold,,,Inventory Asset,,fifo,,,,,1,Inventory,true,true,true
8884630000000148048,Boost enclosure p100 case,010000001013,3 F100 argb fans,PKR 11500.00,Sales,,,,,,,,goods,Boost enclosure p100 case,1,,,Active,,,PKR 9900.00,Cost of Goods Sold,,,Inventory Asset,,fifo,,,,,2,Inventory,true,true,true
8884630000000148058,Boost enclosure p200 case,010000001020,4 F100 argb fans,PKR 14500.00,Sales,,,,,,,,goods,Boost enclosure p200 case,1,,,Active,,,PKR 12000.00,Cost of Goods Sold,,,Inventory Asset,,fifo,,,,,2,Inventory,true,true,true
8884630000000148068,Boost enclosure E100 case,010000001037,3 F200 argb fans,PKR 12300.00,Sales,,,,,,,,goods,Boost enclosure E100 case,1,,,Active,,,PKR 10000.00,Cost of Goods Sold,,,Inventory Asset,,fifo,,,,,2,Inventory,true,true,true
8884630000000148078,Boost enclosure E200 case,010000001006,4 F200 argb fans,PKR 12000.00,Sales,,,,,,,,goods,Boost enclosure E200 case,1,,,Active,,,PKR 9900.00,Cost of Goods Sold,,,Inventory Asset,,fifo,,,,,1,Inventory,true,true,true
8884630000000148088,Boost titan 550W white PSU,010000001044,10 month warranty,PKR 9000.00,Sales,,,,,,,,goods,Boost titan 550W white PSU,1,,,Active,,,PKR 8000.00,Cost of Goods Sold,,,Inventory Asset,,fifo,,,,,2,Inventory,true,true,true
8884630000000148098,Boost titan 650W white PSU,010000000962,10 month warranty,PKR 11000.00,Sales,,,,,,,,goods,Boost titan 650W white PSU,1,,,Active,,,PKR 8550.00,Cost of Goods Sold,,,Inventory Asset,,fifo,,,,,2,Inventory,true,true,true
8884630000000148108,Boost enclave f100 argb fan,010000000252,,PKR 1500.00,Sales,,,,,,,,goods,Boost enclave f100 argb fan,1,,,Active,,,PKR 1080.00,Cost of Goods Sold,,,Inventory Asset,,fifo,,,,,5,Inventory,true,true,true
8884630000000148118,Boost enclave F200 argb fan,010000000245,,PKR 1500.00,Sales,,,,,,,,goods,Boost enclave F200 argb fan,1,,,Active,,,PKR 900.00,Cost of Goods Sold,,,Inventory Asset,,fifo,,,,,5,Inventory,true,true,true
8884630000000148214,Thermaltake Smart BX3 550W bronze PSU,010000000566,10 month warranty,PKR 14000.00,Sales,,,,,,,,goods,Thermaltake Smart BX3 550W bronze PSU,1,,,Active,,,PKR 11600.00,Cost of Goods Sold,,,Inventory Asset,,fifo,,,,,4,Inventory,true,true,true
8884630000000148240,"Koorui 32E6QC 32"" QHD VA 170hz monitor",010000001549,10 month warranty,PKR 72000.00,Sales,,,,,,,,goods,"Koorui 32E6QC 32"" QHD VA 170hz monitor",1,,,Active,,,PKR 64200.00,Cost of Goods Sold,," curved, VA panel,  QHD (2560x1440) resolution, 170Hz, and 1ms.",Inventory Asset,,fifo,,,,,1,Inventory,true,true,true
8884630000000148250,Cooler Master Elite 502 black case,010000000948,,PKR 18000.00,Sales,,,,,,,,goods,Cooler Master Elite 502 black case,1,,,Active,,,PKR 15450.00,Cost of Goods Sold,,,Inventory Asset,,fifo,,,,,2,Inventory,true,true,true
8884630000000148260,Cooler master elite 502 white case,010000000825,,PKR 18500.00,Sales,,,,,,,,goods,Cooler master elite 502 white case,1,,,Active,,,PKR 15450.00,Cost of Goods Sold,,,Inventory Asset,,fifo,,,,,2,Inventory,true,true,true
8884630000000148270,Cooler Master MWE 850W V3 gold modular PSU,010000001532,10 months warranty,PKR 31000.00,Sales,,,,,,,,goods,cooler Master MWE 850W V3 gold modular PSU,1,,,Active,,,PKR 28300.00,Cost of Goods Sold,,,Inventory Asset,,fifo,,,,,1,Inventory,true,true,true
8884630000000148280,Cooler Master V4 alpha black CPU Air Cooler,010000000955,,PKR 15000.00,Sales,,,,,,,,goods,Cooler Master V4 alpha black CPU Air Cooler,1,,,Active,,,PKR 12000.00,Cost of Goods Sold,,,Inventory Asset,,fifo,,,,,2,Inventory,true,true,true
8884630000000148290,Thermaltake UX400 argb black CPU Air Cooler,010000000870,,PKR 7000.00,Sales,,,,,,,,goods,Thermaltake UX400 argb black CPU Air Cooler,1,,,Active,,,PKR 5300.00,Cost of Goods Sold,,,Inventory Asset,,fifo,,,,,2,Inventory,true,true,true
8884630000000148300,Thermaltake UX400 argb white CPU Air Cooler,010000000542,,PKR 7500.00,Sales,,,,,,,,goods,Thermaltake UX400 argb white CPU Air Cooler,1,,,Active,,,PKR 5750.00,Cost of Goods Sold,,,Inventory Asset,,fifo,,,,,4,Inventory,true,true,true
8884630000000148310,Cooler Master cyrofuze 7 4g paste,010000000405,,PKR 3000.00,Sales,,,,,,,,goods,Cooler Master cyrofuze 7 4g paste,1,,,Active,,,PKR 2000.00,Cost of Goods Sold,,,Inventory Asset,,fifo,,,,,5,Inventory,true,true,true
8884630000000148320,Cooler Master rpd grease paste,010000000382,,PKR 1500.00,Sales,,,,,,,,goods,Cooler Master rpd grease paste,1,,,Active,,,PKR 1000.00,Cost of Goods Sold,,,Inventory Asset,,fifo,,,,,4,Inventory,true,true,true
8884630000000148330,Thermaltake Commander V2 Keyboard Combo,010000001525,1 month warranty,PKR 8000.00,Sales,,,,,,,,goods,Thermaltake Commander V2 Keyboard Combo,1,,,Active,,,PKR 6500.00,Cost of Goods Sold,,,Inventory Asset,,fifo,,,,,1,Inventory,true,true,true
8884630000000148340,Maxsun Challenger B450M DDR4 MotherBoard,010000000238,10 months warranty,PKR 21000.00,Sales,,,,,,,,goods,Maxsun Challenger B450M DDR4 MotherBoard,1,,,Active,,,PKR 18000.00,Cost of Goods Sold,,,Inventory Asset,,fifo,,,,,4,Inventory,true,true,true
8884630000000148350,Cooler Master Qube 540 Silver case,010000000726,,PKR 17000.00,Sales,,,,,,,,goods,Cooler Master Qube 540 Silver case,1,,,Active,,,PKR 15100.00,Cost of Goods Sold,,,Inventory Asset,,fifo,,,,,1,Inventory,true,true,true
8884630000000148360,Cooler Master Qube 540 Black case,010000001501,,PKR 17000.00,Sales,,,,,,,,goods,Cooler Master Qube 540 Black case,1,,,Active,,,PKR 15100.00,Cost of Goods Sold,,,Inventory Asset,,fifo,,,,,1,Inventory,true,true,true
8884630000000148496,Zotac amp RTX 5060 8GB Black GPU,010000001570,10 months warranty,PKR 124500.00,Sales,,,,,,,,goods,Zotac amp RTX 5060 8GB Black GPU,1,,,Active,,,PKR 116500.00,Cost of Goods Sold,,,Inventory Asset,,fifo,,,,,1,Inventory,true,true,true
8884630000000148506,Asus prime tri fan RTX 5060 8gb GPU,010000001563,10 months warranty,PKR 127000.00,Sales,,,,,,,,goods,Asus prime tri fan RTX 5060 8gb GPU,1,,,Inactive,,,PKR 123000.00,Cost of Goods Sold,,,Inventory Asset,,fifo,,,,,0,Inventory,true,true,true
8884630000000148516,Deepcool AG400 digital black Air cooler,010000001174,,PKR 8000.00,Sales,,,,,,,,goods,Deepcool AG400 digital black Air cooler,1,,,Active,,,PKR 6300.00,Cost of Goods Sold,,,Inventory Asset,,fifo,,,,,3,Inventory,true,true,true
8884630000000148526,Deepcool AG400 digital white Air cooler,010000001198,,PKR 10999.00,Sales,,,,,,,,goods,Deepcool AG400 digital white Air cooler,1,,,Active,,,PKR 8400.00,Cost of Goods Sold,,,Inventory Asset,,fifo,,,,,3,Inventory,true,true,true
8884630000000148536,Deepcool LE360 V2 black liquid cooler,010000001594,10 months warranty,PKR 21000.00,Sales,,,,,,,,goods,Deepcool LE360 V2 black liquid cooler,1,,,Active,,,PKR 18000.00,Cost of Goods Sold,,,Inventory Asset,,fifo,,,,,1,Inventory,true,true,true
8884630000000148549,Deepcool LE360 V2 white liquid cooler,010000001600,10 months warranty,PKR 21500.00,Sales,,,,,,,,goods,Deepcool LE360 V2 white liquid cooler,1,,,Active,,,PKR 18000.00,Cost of Goods Sold,,,Inventory Asset,,fifo,,,,,1,Inventory,true,true,true
8884630000000148559,Deepcool LD240 black Liquid cooler,010000001587,10 months warranty,PKR 18000.00,Sales,,,,,,,,goods,Deepcool LD240 black Liquid cooler,1,,,Active,,,PKR 16000.00,Cost of Goods Sold,,,Inventory Asset,,fifo,,,,,1,Inventory,true,true,true
8884630000000148569,Deepcool LD240 white Liquid cooler,010000001617,10 months warranty,PKR 18500.00,Sales,,,,,,,,goods,Deepcool LD240 white Liquid cooler,1,,,Active,,,PKR 16000.00,Cost of Goods Sold,,,Inventory Asset,,fifo,,,,,1,Inventory,true,true,true
8884630000000148652,Sama SV01 black Case,010000001631,4x infinity fans,PKR 18000.00,Sales,,,,,,,,goods,Sama SV01 black Case,1,,,Active,,,PKR 16200.00,Cost of Goods Sold,,,Inventory Asset,,fifo,,,,,1,Inventory,true,true,true
8884630000000148670,Sama SV01 white case,010000001624,4x infinity fans,PKR 18500.00,Sales,,,,,,,,goods,Sama SV01 white case,1,,,Active,,,PKR 16650.00,Cost of Goods Sold,,,Inventory Asset,,fifo,,,,,1,Inventory,true,true,true
8884630000000148680,Sama 2771M black case,010000001792,3x infinity fans,PKR 15999.00,Sales,,,,,,,,goods,Sama 2771M black case,1,,,Active,,,PKR 14400.00,Cost of Goods Sold,,,Inventory Asset,,fifo,,,,,1,Inventory,true,true,true
8884630000000148690,Sama 2771M white case,010000001761,3x infinity fans,PKR 16500.00,Sales,,,,,,,,goods,Sama 2771M white case,1,,,Active,,,PKR 14850.00,Cost of Goods Sold,,,Inventory Asset,,fifo,,,,,1,Inventory,true,true,true
8884630000000148700,Sama SV 02 black case,010000001785,3x infinity fans,PKR 15999.00,Sales,,,,,,,,goods,Sama SV 02 black case,1,,,Active,,,PKR 14400.00,Cost of Goods Sold,,,Inventory Asset,,fifo,,,,,1,Inventory,true,true,true
8884630000000148710,Sama SV 02 white case,010000001808,3x infinity fans,PKR 16500.00,Sales,,,,,,,,goods,Sama SV 02 white case,1,,,Active,,,PKR 14850.00,Cost of Goods Sold,,,Inventory Asset,,fifo,,,,,1,Inventory,true,true,true
8884630000000148720,Sama A721 white case,010000001778,3x infinity fans,PKR 19000.00,Sales,,,,,,,,goods,Sama A721 white case,1,,,Active,,,PKR 16200.00,Cost of Goods Sold,,,Inventory Asset,,fifo,,,,,1,Inventory,true,true,true
8884630000000148730,Sama SL360 black Liquid cooler,010000001815,10 month warranty,PKR 16000.00,Sales,,,,,,,,goods,Sama SL360 black Liquid cooler,1,,,Active,,,PKR 14400.00,Cost of Goods Sold,,,Inventory Asset,,fifo,,,,,1,Inventory,true,true,true
8884630000000148740,Sama SL360 white liquid cooler,010000001648,10 months warranty,PKR 16500.00,Sales,,,,,,,,goods,Sama SL360 white liquid cooler,1,,,Active,,,PKR 14850.00,Cost of Goods Sold,,,Inventory Asset,,fifo,,,,,1,Inventory,true,true,true
8884630000000148750,Sama SL240 white liquid cooler,010000001655,10 months warranty,PKR 12000.00,Sales,,,,,,,,goods,Sama SL240 white liquid cooler,1,,,Active,,,PKR 10800.00,Cost of Goods Sold,,,Inventory Asset,,fifo,,,,,1,Inventory,true,true,true
8884630000000148760,sama YF12031 ARGB regular black fan,010000000184,,PKR 1999.00,Sales,,,,,,,,goods,sama YF12031 ARGB regular black air cooler,1,,,Active,,,PKR 1500.00,Cost of Goods Sold,,,Inventory Asset,,fifo,,,,,5,Inventory,true,true,true
8884630000000148773,Sama YF12031 ARGB reverse black fan,010000000269,,PKR 1999.00,Sales,,,,,,,,goods,Sama YF12031 ARGB reverse black Air cooler,1,,,Active,,,PKR 1500.00,Cost of Goods Sold,,,Inventory Asset,,fifo,,,,,5,Inventory,true,true,true
8884630000000148783,Sama YF12031 ARGB regular white fan,010000000177,,PKR 1999.00,Sales,,,,,,,,goods,Sama YF12031 ARGB regular white Air cooler,1,,,Active,,,PKR 1500.00,Cost of Goods Sold,,,Inventory Asset,,fifo,,,,,5,Inventory,true,true,true
8884630000000148793,Sama YF12031 ARGB reverse white fan,010000000221,,PKR 1999.00,Sales,,,,,,,,goods,Sama YF12031 ARGB reverse white Air cooler,1,,,Active,,,PKR 1500.00,Cost of Goods Sold,,,Inventory Asset,,fifo,,,,,5,Inventory,true,true,true
8884630000000148803,Sama Neview 650W Bronze PSU,010000000979,10 months warranty,PKR 12000.00,Sales,,,,,,,,goods,Sama Neview 650W Bronze PSU,1,,,Active,,,PKR 10500.00,Cost of Goods Sold,,,Inventory Asset,,fifo,,,,,1,Inventory,true,true,true
8884630000000148813,Sama GW1500 black wireless keyboard combo,010000001051,1 month warranty,PKR 3600.00,Sales,,,,,,,,goods,Sama GW1500 black wireless keyboard combo,1,,,Active,,,PKR 2700.00,Cost of Goods Sold,,Wireless,Inventory Asset,,fifo,,,,,2,Inventory,true,true,true
8884630000000148823,Sama GW1500 white wireless keyboard combo,010000000986,1 month warranty,PKR 3600.00,Sales,,,,,,,,goods,Sama GW1500 white wireless keyboard combo,1,,,Active,,,PKR 2700.00,Cost of Goods Sold,,Wireless,Inventory Asset,,fifo,,,,,2,Inventory,true,true,true
8884630000000148960,Attackshark X11 SE black dual mouse,010000002928,1 month warranty,PKR 6500.00,Sales,,,,,,,,goods,Attackshark X11 SE black dual mouse,1,,,Inactive,,,PKR 5200.00,Cost of Goods Sold,,Wireless + Wired,Inventory Asset,,fifo,,,,,0,Inventory,true,true,true
8884630000000148970,Attackshark R1 black wireless mouse,010000003031,1 month warranty,PKR 6200.00,Sales,,,,,,,,goods,Attackshark R1 black wireless mouse,1,,,Active,,,PKR 5200.00,Cost of Goods Sold,,Wireless,Inventory Asset,,fifo,,,,,3,Inventory,true,true,true
8884630000000148980,Attackshark R1 white wireless mouse,010000002942,1 month warranty,PKR 6100.00,Sales,,,,,,,,goods,Attackshark R1 white wireless mouse,1,,,Active,,,PKR 5200.00,Cost of Goods Sold,,Wireless,Inventory Asset,,fifo,,,,,3,Inventory,true,true,true
8884630000000148990,FGG MadLions MAD68 HE black keyboard,010000002744,1 month warranty,PKR 11000.00,Sales,,,,,,,,goods,FGG MadLions MAD68 HE black keyboard,1,,,Active,,,PKR 9500.00,Cost of Goods Sold,,,Inventory Asset,,fifo,,,,,1,Inventory,true,true,true
8884630000000149000,FGG MadLions MAD68 HE white keyboard,010000002393,1 month warranty,PKR 11000.00,Sales,,,,,,,,goods,FGG MadLions MAD68 HE white keyboard,1,,,Active,,,PKR 10000.00,Cost of Goods Sold,,,Inventory Asset,,fifo,,,,,0,Inventory,true,true,true
8884630000000153013,Attackshark L30 pro black red headphone,010000002843,1 month warranty,PKR 11500.00,Sales,,,,,,,,goods,Attackshark L30 pro black red headphone,1,,,Active,,,PKR 10500.00,Cost of Goods Sold,,Dual (Wired + Wireless),Inventory Asset,,fifo,,,,,1,Inventory,true,true,true
8884630000000153023,Attackshark CM02 black red MP,010000002881,,PKR 3500.00,Sales,,,,,,,,goods,Attackshark CM02 black red headphone,1,,,Active,,,PKR 2500.00,Cost of Goods Sold,,,Inventory Asset,,fifo,,,,,2,Inventory,true,true,true
8884630000000153033,Attackshark CM02 white contour MP,010000002911,,PKR 3500.00,Sales,,,,,,,,goods,Attackshark CM02 white contour headphone,1,,,Active,,,PKR 2500.00,Cost of Goods Sold,,,Inventory Asset,,fifo,,,,,2,Inventory,true,true,true
8884630000000153108,ID cooling SE 214 XT ZF white air cooler,010000002850,,PKR 6000.00,Sales,,,,,,,,goods,ID cooling SE 214 XT ZF white air cooler,1,,,Active,,,PKR 5000.00,Cost of Goods Sold,,,Inventory Asset,,fifo,,,,,2,Inventory,true,true,true
8884630000000153118,ID cooling INF FX240 black Liquid cooler,010000002805,,PKR 15000.00,Sales,,,,,,,,goods,ID cooling INF FX240 black air cooler,1,,,Active,,,PKR 13500.00,Cost of Goods Sold,,,Inventory Asset,,fifo,,,,,1,Inventory,true,true,true
8884630000000153128,ID cooling INF FX240 white Liquid cooler,010000002331,,PKR 15500.00,Sales,,,,,,,,goods,ID cooling INF FX240 white air cooler,1,,,Active,,,PKR 14000.00,Cost of Goods Sold,,,Inventory Asset,,fifo,,,,,1,Inventory,true,true,true
8884630000000153138,ID cooling INF FX360 black Liquid cooler,010000002324,,PKR 20500.00,Sales,,,,,,,,goods,ID cooling INF FX360 black air cooler,1,,,Active,,,PKR 18500.00,Cost of Goods Sold,,,Inventory Asset,,fifo,,,,,1,Inventory,true,true,true
8884630000000153148,ID cooling INF FX360 white Liquid cooler,010000002799,,PKR 21000.00,Sales,,,,,,,,goods,ID cooling INF FX360 white aircooler,1,,,Active,,,PKR 19000.00,Cost of Goods Sold,,,Inventory Asset,,fifo,,,,,1,Inventory,true,true,true
8884630000000153158,ID cooling FX240 LCD black Liquid cooler,010000002812,,PKR 20500.00,Sales,,,,,,,,goods,ID cooling FX240 LCD black air cooler,1,,,Active,,,PKR 18500.00,Cost of Goods Sold,,,Inventory Asset,,fifo,,,,,1,Inventory,true,true,true
8884630000000153168,ID cooling FX240 LCD white Liquid cooler,010000002348,,PKR 21000.00,Sales,,,,,,,,goods,ID cooling FX240 LCD white air cooler,1,,,Active,,,PKR 19000.00,Cost of Goods Sold,,,Inventory Asset,,fifo,,,,,1,Inventory,true,true,true
8884630000000153178,ID cooling AS 120 ARGB white trio fan kit,010000003017,,PKR 5500.00,Sales,,,,,,,,goods,ID cooling AS 120 ARGB white trio air cooler,1,,,Active,,,PKR 4250.00,Cost of Goods Sold,,,Inventory Asset,,fifo,,,,,3,Inventory,true,true,true
8884630000000153188,ID cooling AS 120 ARGB single white fan,010000002355,,PKR 1999.00,Sales,,,,,,,,goods,ID cooling AS 120 ARGB single white fan,1,,,Active,,,PKR 1500.00,Cost of Goods Sold,,,Inventory Asset,,fifo,,,,,1,Inventory,true,true,true
8884630000000153201,ID cooling FROST PTM 2 pad (paste),010000002362,,PKR 2500.00,Sales,,,,,,,,goods,ID cooling FROST PTM 2 pad (paste),1,,,Active,,,PKR 1600.00,Cost of Goods Sold,,,Inventory Asset,,fifo,,,,,0,Inventory,true,true,true
8884630000000153211,ID cooling FROST X45 4g paste,010000003376,,PKR 2500.00,Sales,,,,,,,,goods,ID cooling FROST X45 4g paste,1,,,Active,,,PKR 1650.00,Cost of Goods Sold,,,Inventory Asset,,fifo,,,,,9,Inventory,true,true,true
8884630000000153224,ID cooling RC ARGB cable,010000002782,,PKR 999.00,Sales,,,,,,,,goods,ID cooling RC ARGB cable,1,,,Active,,,PKR 750.00,Cost of Goods Sold,,,Inventory Asset,,fifo,,,,,0,Inventory,true,true,true
8884630000000153240,ID cooling FS 04 ARGB cable,010000002379,,PKR 1500.00,Sales,,,,,,,,goods,ID cooling FS 04 ARGB cable,1,,,Active,,,PKR 1000.00,Cost of Goods Sold,,,Inventory Asset,,fifo,,,,,1,Inventory,true,true,true
8884630000000153250,ID cooling FS 04 PWM Fan cable,010000002775,,PKR 999.00,Sales,,,,,,,,goods,ID cooling FS 04 PWM Fan cable,1,,,Active,,,PKR 750.00,Cost of Goods Sold,,,Inventory Asset,,fifo,,,,,1,Inventory,true,true,true
8884630000000153260,Super Flower leadex 3 850W Gold PSU,010000002386,10 months warranty,PKR 29000.00,Sales,,,,,,,,goods,Super Flower leadex 3 850W Gold PSU,1,,,Active,,,PKR 26000.00,Cost of Goods Sold,,,Inventory Asset,,fifo,,,,,1,Inventory,true,true,true
8884630000000153384,Intel i5 14400F tray CPU,010000002898,10 month warranty,PKR 53500.00,Sales,,,,,,,,goods,Intel i5 14400F tray CPU,1,,,Active,,,PKR 48500.00,Cost of Goods Sold,,,Inventory Asset,,fifo,,,,,2,Inventory,true,true,true
8884630000000153394,Zotac twin edge RTX 5060 8gb Black GPU,010000002768,10 months warranty,PKR 128000.00,Sales,,,,,,,,goods,Zotac twin edge RTX 5060 8gb Black GPU,1,,,Active,,,PKR 120000.00,Cost of Goods Sold,,,Inventory Asset,,fifo,,,,,1,Inventory,true,true,true
8884630000000153404,Zotac twin edge RTX 5060 8gb white GPU,010000002751,10 months warranty,PKR 130000.00,Sales,,,,,,,,goods,Zotac twin edge RTX 5060 8gb white GPU,1,,,Active,,,PKR 123000.00,Cost of Goods Sold,,,Inventory Asset,,fifo,,,,,1,Inventory,true,true,true
8884630000000153453,Lian li 011 dynamic mini V2 black case,010000002959,,PKR 26000.00,Sales,,,,,,,,goods,Lian li 011 dynamic mini V2 black case,1,,,Active,,,PKR 23000.00,Cost of Goods Sold,,,Inventory Asset,,fifo,,,,,2,Inventory,true,true,true
8884630000000153463,Lian li 011 dynamic mini V2 white case,010000002454,,PKR 26000.00,Sales,,,,,,,,goods,Lian li 011 dynamic mini V2 white case,1,,,Active,,,PKR 23000.00,Cost of Goods Sold,,,Inventory Asset,,fifo,,,,,1,Inventory,true,true,true
8884630000000153473,Lian li lancool 216 black case,010000002461,,PKR 25000.00,Sales,,,,,,,,goods,Lian li lancool 216 black case,1,,,Active,,,PKR 22000.00,Cost of Goods Sold,,,Inventory Asset,,fifo,,,,,1,Inventory,true,true,true
8884630000000153483,Lian li lancool 216 white case,010000002478,,PKR 25000.00,Sales,,,,,,,,goods,Lian li lancool 216 white case,1,,,Active,,,PKR 22000.00,Cost of Goods Sold,,,Inventory Asset,,fifo,,,,,1,Inventory,true,true,true
8884630000000153493,Lian li GA 2 lite 360R black liquid cooler,010000003253,10 months warranty,PKR 26000.00,Sales,,,,,,,,goods,Lian li GA 2 lite 360R black liquid cooler,1,,,Active,,,PKR 23500.00,Cost of Goods Sold,,,Inventory Asset,,fifo,,,,,2,Inventory,true,true,true
8884630000000153547,AMS freezo ARGB 3X fan kit,010000003024,,PKR 3000.00,Sales,,,,,,,,goods,AMS freezo ARGB 3X fan kit,1,,,Active,,,PKR 2300.00,Cost of Goods Sold,,,Inventory Asset,,fifo,,,,,2,Inventory,true,true,true
8884630000000153557,AMS glacia still RGB cooling fan,010000003352,,PKR 1000.00,Sales,,,,,,,,goods,AMS glacia still RGB cooling fan,1,,,Active,,,PKR 400.00,Cost of Goods Sold,,,Inventory Asset,,fifo,,,,,0,Inventory,true,true,true
8884630000000153567,AMS halo 3x infinity fans black case,010000002867,,PKR 10500.00,Sales,,,,,,,,goods,AMS halo 3x infinity fans black case,1,,,Active,,,PKR 9500.00,Cost of Goods Sold,,,Inventory Asset,,fifo,,,,,2,Inventory,true,true,true
8884630000000153577,AMS A600 6 pipe air cooler,010000002874,,PKR 5500.00,Sales,,,,,,,,goods,AMS A600 6 pipe air cooler,1,,,Active,,,PKR 4300.00,Cost of Goods Sold,,,Inventory Asset,,fifo,,,,,1,Inventory,true,true,true
8884630000000153632,Asrock B450m HDV motherboard,010000000429,10 months warranty,PKR 21500.00,Sales,,,,,,,,goods,Asrock B450m HDV motherboard,1,,,Active,,,PKR 19500.00,Cost of Goods Sold,,,Inventory Asset,,fifo,,,,,3,Inventory,true,true,true
8884630000000153642,Ryzen 5 5600 Tray CPU,010000000436,10 months warranty,PKR 36000.00,Sales,,,,,,,,goods,Ryzen 5 5600 Tray CPU,1,,,Active,,,PKR 32833.00,Cost of Goods Sold,,,Inventory Asset,,fifo,,,,,0,Inventory,true,true,true
8884630000000153675,MSI Pro H610m S DDR4 Motherboard,010000002737,10 months warranty,PKR 22500.00,Sales,,,,,,,,goods,MSI Pro H610m S DDR4 Motherboard,1,,,Active,,,PKR 20500.00,Cost of Goods Sold,,,Inventory Asset,,fifo,,,,,1,Inventory,true,true,true
8884630000000153685,MSI A520m a pro motherboard,010000002904,10 months warranty,PKR 20500.00,Sales,,,,,,,,goods,MSI A520m a pro motherboard,1,,,Active,,,PKR 18000.00,Cost of Goods Sold,,,Inventory Asset,,fifo,,,,,2,Inventory,true,true,true
8884630000000153695,Ryzen 3600 tray CPU,010000002935,10 months warranty,PKR 22000.00,Sales,,,,,,,,goods,Ryzen 3600 CPU,1,,,Active,,,PKR 20000.00,Cost of Goods Sold,,,Inventory Asset,,fifo,,,,,0,Inventory,true,true,true
8884630000000153705,Ryzen 5 5600X tray CPU,010000003062,10 months warranty,PKR 42500.00,Sales,,,,,,,,goods,Ryzen 5 5600X tray CPU,1,,,Active,,,PKR 38500.00,Cost of Goods Sold,,,Inventory Asset,,fifo,,,,,2,Inventory,true,true,true
8884630000000153758,Ryzen 7 5700X tray CPU,010000001853,10 months warranty,PKR 49999.00,Sales,,,,,,,,goods,Ryzen 7 5700X tray CPU,1,,,Active,,,PKR 45000.00,Cost of Goods Sold,,,Inventory Asset,,fifo,,,,,1,Inventory,true,true,true
8884630000000153768,Gigabyte A520M k V2 DDR4 motherboard,010000001846,10 months warranty,PKR 19000.00,Sales,,,,,,,,goods,Gigabyte A520M k V2 DDR4 motherboard,1,,,Active,,,PKR 17000.00,Cost of Goods Sold,,,Inventory Asset,,fifo,,,,,1,Inventory,true,true,true
8884630000000157002,Sandisk Ultra Flair 3.0 32gb USB,010000001426,,PKR 2850.00,Sales,,,,,,,,goods,Sandisk Ultra Flair 3.0 32gb USB,12,,,Inactive,,,PKR 2175.00,Cost of Goods Sold,,,Inventory Asset,,fifo,,,,,0,Inventory,true,true,true
8884630000000156386,Sandisk Ultra Flair 3.0 64gb USB,010000001457,,PKR 3800.00,Sales,,,,,,,,goods,Sandisk Ultra Flair 3.0 64gb USB,12,,,Active,,,PKR 2700.00,Cost of Goods Sold,,,Inventory Asset,,fifo,,,,,1,Inventory,true,true,true
8884630000000158001,Sandisk Ultra Shift 3.2 32gb USB,010000001747,,PKR 2400.00,Sales,,,,,,,,goods,Sandisk Ultra Shift 3.2 32gb USB,12,,,Active,,,PKR 1665.00,Cost of Goods Sold,,,Inventory Asset,,fifo,,,,,1,Inventory,true,true,true
8884630000000159001,Sandisk Ultra Shift 3.2 64gb USB,010000001686,,PKR 3000.00,Sales,,,,,,,,goods,Sandisk Ultra Shift 3.2 64gb USB,12,,,Inactive,,,PKR 2025.00,Cost of Goods Sold,,,Inventory Asset,,fifo,,,,,0,Inventory,true,true,true
8884630000000160001,Lexar M400 3.2 32gb USB,010000002195,,PKR 2050.00,Sales,,,,,,,,goods,Lexar M400 3.2 32gb USB,12,,,Active,,,PKR 1495.00,Cost of Goods Sold,,,Inventory Asset,,fifo,,,,,1,Inventory,true,true,true
8884630000000161001,Lexar M400 3.2 64gb USB,010000001440,,PKR 2800.00,Sales,,,,,,,,goods,Lexar M400 3.2 64gb USB,12,,,Inactive,,,PKR 1950.00,Cost of Goods Sold,,,Inventory Asset,,fifo,,,,,0,Inventory,true,true,true
8884630000000162001,Lexar M400 3.2 128gb USB,010000002188,,PKR 4250.00,Sales,,,,,,,,goods,Lexar M400 3.2 128gb USB,12,,,Active,,,PKR 3300.00,Cost of Goods Sold,,,Inventory Asset,,fifo,,,,,1,Inventory,true,true,true
8884630000000163001,Lexar M400 3.0 256gb USB,010000001402,,PKR 8200.00,Sales,,,,,,,,goods,Lexar M400 3.0 256gb USB,12,,,Active,,,PKR 7000.00,Cost of Goods Sold,,,Inventory Asset,,fifo,,,,,1,Inventory,true,true,true
8884630000000156396,Adata UV128 3.2 32gb USB,010000001709,,PKR 2300.00,Sales,,,,,,,,goods,Adata UV128 3.2 32gb USB,12,,,Active,,,PKR 1675.00,Cost of Goods Sold,,,Inventory Asset,,fifo,,,,,1,Inventory,true,true,true
8884630000000164001,Adata UV128 3.2 64gb USB,010000001716,,PKR 2800.00,Sales,,,,,,,,goods,Adata UV128 3.2 64gb USB,12,,,Active,,,PKR 1860.00,Cost of Goods Sold,,,Inventory Asset,,fifo,,,,,1,Inventory,true,true,true
8884630000000165001,Adata UV150 3.2 32gb USB,010000001730,,PKR 2350.00,Sales,,,,,,,,goods,Adata UV150 3.2 32gb USB,12,,,Active,,,PKR 1675.00,Cost of Goods Sold,,,Inventory Asset,,fifo,,,,,1,Inventory,true,true,true
8884630000000166001,Adata UV150 3.2 64gb USB,010000001723,,PKR 2950.00,Sales,,,,,,,,goods,Adata UV150 3.2 64gb USB,12,,,Active,,,PKR 1860.00,Cost of Goods Sold,,,Inventory Asset,,fifo,,,,,1,Inventory,true,true,true
8884630000000167002,Oscoo Aries K001 3.0 32gb USB,010000001082,,PKR 1950.00,Sales,,,,,,,,goods,Oscoo Aries K001 3.0 32gb USB,12,,,Active,,,PKR 1350.00,Cost of Goods Sold,,,Inventory Asset,,fifo,,,,,2,Inventory,true,true,true
8884630000000168001,Oscoo Aries K001 3.0 64gb USB,010000001068,,PKR 2250.00,Sales,,,,,,,,goods,Oscoo Aries K001 3.0 64gb USB,12,,,Active,,,PKR 1450.00,Cost of Goods Sold,,,Inventory Asset,,fifo,,,,,1,Inventory,true,true,true
8884630000000169001,Oscoo K15 3.1 32gb USB,010000000993,,PKR 2000.00,Sales,,,,,,,,goods,Oscoo K15 3.1 32gb USB,12,,,Inactive,,,PKR 1350.00,Cost of Goods Sold,,,Inventory Asset,,fifo,,,,,0,Inventory,true,true,true
8884630000000167012,Oscoo K15 3.1 64gb USB,010000003543,,PKR 2300.00,Sales,,,,,,,,goods,Oscoo K15 3.1 64gb USB,12,,,Active,,,PKR 1450.00,Cost of Goods Sold,,,Inventory Asset,,fifo,,,,,2,Inventory,true,true,true
8884630000000147009,Lexar SL300 1tb Portable SSD,010000001679,,PKR 40000.00,Sales,,,,,,,,goods,Lexar SL300 1tb Portable SSD,12,,,Active,,,PKR 35000.00,Cost of Goods Sold,,,Inventory Asset,,fifo,,,,,1,Inventory,true,true,true
8884630000000156406,Sandisk E61 1tb Portable SSD,010000001662,,PKR 49999.00,Sales,,,,,,,,goods,Sandisk E61 1tb Portable SSD,12,,,Active,1,,PKR 45000.00,Cost of Goods Sold,,,Inventory Asset,,fifo,,,,,1,Inventory,true,true,true
8884630000000162011,Sandisk E30 1tb Portable SSD,010000001754,,PKR 49999.00,Sales,,,,,,,,goods,Sandisk E30 1tb Portable SSD,12,,,Active,1,,PKR 40000.00,Cost of Goods Sold,,,Inventory Asset,,fifo,,,,,1,Inventory,true,true,true
8884630000000170001,Kingston Exodia S 3.2 64gb Usb,010000001464,,PKR 2400.00,Sales,,,,,,,,goods,Kingston Exodia S 3.2 64gb Usb,12,,,Active,,,PKR 1675.00,Cost of Goods Sold,,,Inventory Asset,,fifo,,,,,1,Inventory,true,true,true
8884630000000171001,Kingston Dt exodia 3.2 64gb USB,010000001419,,PKR 2450.00,Sales,,,,,,,,goods,Kingston Dt exodia 3.2 64gb USB,12,,,Active,,,PKR 1675.00,Cost of Goods Sold,,,Inventory Asset,,fifo,,,,,1,Inventory,true,true,true
8884630000000168011,Adata UR350 3.2 32gb USB,010000001433,,PKR 2150.00,Sales,,,,,,,,goods,Adata UR350 3.2 32gb USB,12,,,Active,,,PKR 1600.00,Cost of Goods Sold,,,Inventory Asset,,fifo,,,,,1,Inventory,true,true,true
8884630000000152416,Adata UR350 3.2 64gb USB,010000001693,,PKR 2850.00,Sales,,,,,,,,goods,Adata UR350 3.2 64gb USB,12,,,Active,,,PKR 1850.00,Cost of Goods Sold,,,Inventory Asset,,fifo,,,,,1,Inventory,true,true,true
8884630000000169011,Lexar NS100 256gb SSD,010000001211,10 months warranty,PKR 18000.00,Sales,,,,,,,,goods,Lexar NS100 256gb SSD,12,,,Active,,,PKR 16000.00,Cost of Goods Sold,,,Inventory Asset,,fifo,,,,,2,Inventory,true,true,true
8884630000000174001,Lexar NS100 128gb SSD,010000000764,10 months warranty,PKR 10000.00,Sales,,,,,,,,goods,Lexar NS100 128gb SSD,12,,,Active,,,PKR 9000.00,Cost of Goods Sold,,,Inventory Asset,,fifo,,,,,2,Inventory,true,true,true
8884630000000175001,Lexar NS100 512gb SSD,010000001921,10 months warranty,PKR 25000.00,Sales,,,,,,,,goods,Lexar NS100 512gb SSD,12,,,Active,,,PKR 22500.00,Cost of Goods Sold,,,Inventory Asset,,fifo,,,,,1,Inventory,true,true,true
8884630000000157012,Lexar NM620 256gb NVMe,010000001105,10 Months Warranty,PKR 17000.00,Sales,,,,,,,,goods,Lexar NM620 256gb NVMe,12,,,Active,,,PKR 15500.00,Cost of Goods Sold,,,Inventory Asset,,fifo,,,,,1,Inventory,true,true,true
8884630000000154030,Kingston NV3 4.0 1tb NVMe,010000001952,10 months warranty,PKR 43000.00,Sales,,,,,,,,goods,Kingston NV3 4.0 1tb NVMe,12,,,Active,,,PKR 39000.00,Cost of Goods Sold,,,Inventory Asset,,fifo,,,,,1,Inventory,true,true,true
8884630000000176001,Hiksemi Wave 128gb SSD,010000000863,10 months warranty,PKR 8000.00,Sales,,,,,,,,goods,Hiksemi Wave 128gb SSD,12,,,Active,,,PKR 7000.00,Cost of Goods Sold,,,Inventory Asset,,fifo,,,,,2,Inventory,true,true,true
8884630000000157022,Hiksemi Wave 256gb SSD,010000001099,10 months warranty,PKR 12000.00,Sales,,,,,,,,goods,Hiksemi Wave 256gb SSD,12,,,Active,,,PKR 10800.00,Cost of Goods Sold,,,Inventory Asset,,fifo,,,,,2,Inventory,true,true,true
8884630000000177001,Hiksemi Wave 512gb SSD,010000001938,10 months warranty,PKR 20500.00,Sales,,,,,,,,goods,Hiksemi Wave 512gb SSD,12,,,Active,,,PKR 18500.00,Cost of Goods Sold,,,Inventory Asset,,fifo,,,,,1,Inventory,true,true,true
8884630000000159011,Hikvision E100 1tb SSD,010000001945,10 months warranty,PKR 41000.00,Sales,,,,,,,,goods,Hikvision E100 1tb SSD,12,,,Active,,,PKR 37000.00,Cost of Goods Sold,,,Inventory Asset,,fifo,,,,,1,Inventory,true,true,true
8884630000000178001,Lexar Single 8GB 3200Mhz DDR4 Ram,010000000559,10 moths warranty,PKR 19500.00,Sales,,,,,,,,goods,Lexar Single 8GB 3200Mhz DDR4 Ram,12,,,Active,,,PKR 15500.00,Cost of Goods Sold,,,Inventory Asset,,fifo,,,,,2,Inventory,true,true,true
8884630000000177011,Lexar DDR4 3200Mhz 16gb Ram,010000001112,,PKR 32500.00,Sales,,,,,,,,goods,Lexar DDR4 3200Mhz 16gb Ram,12,,,Active,,,PKR 29500.00,Cost of Goods Sold,,,Inventory Asset,,fifo,,,,,0,Inventory,true,true,true
8884630000000154040,Netac SA500 128gb SSD,010000001204,10 months warranty,PKR 6000.00,Sales,,,,,,,,goods,Netac SA500 128gb SSD,12,,,Active,,,PKR 5500.00,Cost of Goods Sold,,,Inventory Asset,,fifo,,,,,1,Inventory,true,true,true
8884630000000158011,Netac SA500 512gb SSD,010000000528,10 months warranty,PKR 18000.00,Sales,,,,,,,,goods,Netac SA500 512gb SSD,12,,,Active,,,PKR 16000.00,Cost of Goods Sold,,,Inventory Asset,,fifo,,,,,1,Inventory,true,true,true
8884630000000171011,Zotac Twin OC RTX 5050 8gb Black GPU,010000001860,10 months warranty,PKR 108000.00,Sales,,,,,,,,goods,Zotac Twin OC RTX 5050 8gb Black GPU,12,,,Active,1,,PKR 99000.00,Cost of Goods Sold,,,Inventory Asset,,fifo,,,,,1,Inventory,true,true,true
8884630000000160011,Zotac Twin OC Rtx 5060 8gb White GPU,010000001877,10 months warranty,PKR 128000.00,Sales,,,,,,,,goods,Zotac Twin OC Rtx 5060 8gb White GPU,12,,,Active,,,PKR 120000.00,Cost of Goods Sold,,,Inventory Asset,,fifo,,,,,1,Inventory,true,true,true
8884630000000167022,PNY 2 Fan RTX 5050 8gb GPU,010000001891,10 months warranty,PKR 106000.00,Sales,,,,,,,,goods,PNY 2 Fan RTX 5050 8gb GPU,12,,,Active,,,PKR 96000.00,Cost of Goods Sold,,,Inventory Asset,,fifo,,,,,1,Inventory,true,true,true
8884630000000162021,PNY 2 fan RTX 5060 8gb OC GPU,010000001884,10 months warranty,PKR 113000.00,Sales,,,,,,,,goods,PNY 2 fan RTX 5060 8gb OC GPU,12,,,Active,,,PKR 108000.00,Cost of Goods Sold,,,Inventory Asset,,fifo,,,,,0,Inventory,true,true,true
8884630000000187237,MSI ventus 2x GTX 1660 super 6gb GPU - used,010000003291,15 days warranty,PKR 47000.00,Sales,,,,,,,,goods,MSI ventus 2x GTX 1660 super 6gb GPU - used,1,,,Active,,,PKR 42000.00,Cost of Goods Sold,,,Inventory Asset,,fifo,,,,,1,Inventory,true,true,true
8884630000000187263,"Dell P2319H 24"" monitor - used",010000002690,Check warranty,PKR 18000.00,Sales,,,,,,,,goods,"Dell P2319H 24"" monitor - used",1,,,Active,,,PKR 15000.00,Cost of Goods Sold,,"60Hz refresh rate, 5ms response time",Inventory Asset,,fifo,,,,,1,Inventory,true,true,true
8884630000000187273,"HP E233 24"" monitor - Used",010000000214,Check warranty,PKR 19000.00,Sales,,,,,,,,goods,"HP E233 24"" monitor - Used",1,,,Active,,,PKR 15000.00,Cost of Goods Sold,,"60Hz refresh rate , 1080p",Inventory Asset,,fifo,,,,,5,Inventory,true,true,true
8884630000000187306,MSI Gaming X GTX 1660 Super 6gb GPU - used,010000002980,15 days warranty,PKR 49000.00,Sales,,,,,,,,goods,MSI Gaming X GTX 1660 Super 6gb GPU - used,1,,,Active,,,PKR 46000.00,Cost of Goods Sold,,,Inventory Asset,,fifo,,,,,0,Inventory,true,true,true
8884630000000187316,MSI Ventus 2x GTX 1660 Super 6gb GPU - used,010000002997,15 days warranty,PKR 46000.00,Sales,,,,,,,,goods,Ventus GTX 1660s 6gb GPU - used,1,,,Active,,,PKR 43000.00,Cost of Goods Sold,,,Inventory Asset,,fifo,,,,,0,Inventory,true,true,true
8884630000000187326,Gigabyte Eagle Tri RTX 3070 8gb GPU - used,010000002423,15 days warranty,PKR 93000.00,Sales,,,,,,,,goods,Gigabyte Eagle RTX 3070 8gb GPU - used,1,,,Inactive,,,PKR 85000.00,Cost of Goods Sold,,,Inventory Asset,,fifo,,,,,0,Inventory,true,true,true
8884630000000187336,Gigabyte Eagle tri RX 6600XT 8gb GPU - used,010000002409,15 days warranty,PKR 68000.00,Sales,,,,,,,,goods,Gigabyte tri RX 6600XT 8gb GPU - used,1,,,Inactive,,,PKR 62000.00,Cost of Goods Sold,,,Inventory Asset,,fifo,,,,,0,Inventory,true,true,true
8884630000000187346,Asus Dual RX 6600 8gb GPU - used,010000002416,15 days warranty,PKR 58000.00,Sales,,,,,,,,goods,Asus Dual RX 6600 8gb GPU - used,1,,,Inactive,,,PKR 53000.00,Cost of Goods Sold,,,Inventory Asset,,fifo,,,,,0,Inventory,true,true,true
8884630000000187356,Power color red devil RX 6700XT 12gb GPU - used,010000002720,15 days warranty,PKR 88000.00,Sales,,,,,,,,goods,Power color red devil RX 6700XT 12gb GPU - used,1,,,Active,,,PKR 80000.00,Cost of Goods Sold,,,Inventory Asset,,fifo,,,,,1,Inventory,true,true,true
8884630000000187429,Green Wifi + Bluetooth USB adapter,010000003161,1 month warranty,PKR 2500.00,Sales,,,,,,,,goods,Ugreen Wifi + Bluetooth USB adapter,1,,,Active,,,PKR 1760.00,Cost of Goods Sold,,,Inventory Asset,,fifo,,,,,21,Inventory,true,true,true
8884630000000187439,Branded DP cable,dpcable,,PKR 850.00,Sales,,,,,,,,goods,Branded DP cable,1,,,Active,,,PKR 400.00,Cost of Goods Sold,,,Inventory Asset,,fifo,,,,,47,Inventory,true,true,true
8884630000000187449,Branded HDMI cable 1.5m,hdmicable,,PKR 500.00,Sales,,,,,,,,goods,Branded HDMI cable 1.5m,1,,,Active,,,PKR 170.00,Cost of Goods Sold,,,Inventory Asset,,fifo,,,,,48,Inventory,true,true,true
8884630000000187459,Branded VGA cable,vgacable,,PKR 600.00,Sales,,,,,,,,goods,Branded VGA cable,1,,,Active,,,PKR 300.00,Cost of Goods Sold,,,Inventory Asset,,fifo,,,,,1,Inventory,true,true,true
8884630000000187469,Branded DVI cable,dvicable,,PKR 550.00,Sales,,,,,,,,goods,Branded DVI cable,1,,,Active,,,PKR 200.00,Cost of Goods Sold,,,Inventory Asset,,fifo,,,,,2,Inventory,true,true,true
8884630000000187479,Branded Power cable 3 pin (with Fuse),887234872487214813432,,PKR 1000.00,Sales,,,,,,,,goods,Branded Power cable 3 pin (with Fuse),1,,,Active,,,PKR 270.00,Cost of Goods Sold,,,Inventory Asset,,fifo,,,,,2,Inventory,true,true,true
8884630000000187540,HyperX Pulsefire haste wireless mouse - open box,010000003000,15 days warranty,PKR 7500.00,Sales,,,,,,,,goods,HyperX Pulsefire haste wireless mouse - open box,1,,,Active,,,PKR 6500.00,Cost of Goods Sold,,Wireless,Inventory Asset,,fifo,,,,,2,Inventory,true,true,true
8884630000000187550,HyperX Pulsefire Core mouse - open box,010000002973,15 days warranty,PKR 5500.00,Sales,,,,,,,,goods,HyperX Pulsefire Core - open box,1,,,Active,,,PKR 4000.00,Cost of Goods Sold,,,Inventory Asset,,fifo,,,,,2,Inventory,true,true,true
8884630000000187560,HyperX Cloud flight Wireless headphone - open box,010000002966,15 days warranty,PKR 6500.00,Sales,,,,,,,,goods,HyperX Cloud flight Wireless headphone - open box,1,,,Inactive,,,PKR 5000.00,Cost of Goods Sold,,Wireless,Inventory Asset,,fifo,,,,,0,Inventory,true,true,true
8884630000000187570,Razer Barracuda X 2022 headphone - open box,010000002430,15 days warranty,PKR 15500.00,Sales,,,,,,,,goods,Razer Barracuda X 2022 - open box,1,,,Inactive,,,PKR 13000.00,Cost of Goods Sold,,,Inventory Asset,,fifo,,,,,0,Inventory,true,true,true
8884630000000187580,Razer Blackshark v2 hyperspeed headphone - open box,010000002447,15 days warranty,PKR 20000.00,Sales,,,,,,,,goods,Razer Blackshark v2 hyperspeed,1,,,Inactive,,,PKR 17500.00,Cost of Goods Sold,,,Inventory Asset,,fifo,,,,,0,Inventory,true,true,true
8884630000000187590,Glorious model O mouse - box open,010000003284,15 days warranty,PKR 8000.00,Sales,,,,,,,,goods,Glorious model O - box open,1,,,Active,,,PKR 6500.00,Cost of Goods Sold,,,Inventory Asset,,fifo,,,,,4,Inventory,true,true,true
8884630000000187613,Corsair hs60 pro Wired headphone - box open,010000003055,15 days warranty,PKR 8000.00,Sales,,,,,,,,goods,Corsair hs60 pro Wired headphone - box open,1,,,Inactive,,,PKR 6500.00,Cost of Goods Sold,,,Inventory Asset,,fifo,,,,,0,Inventory,true,true,true
8884630000000187681,3 port extension cable,010000001143,,PKR 2000.00,Sales,,,,,,,,goods,3 port extension cable,1,,,Active,,,PKR 1175.00,Cost of Goods Sold,,,Inventory Asset,,fifo,,,,,0,Inventory,true,true,true
8884630000000187691,4 port extension cable,010000001150,,PKR 2400.00,Sales,,,,,,,,goods,4 port extension cable,1,,,Active,,,PKR 1275.00,Cost of Goods Sold,,,Inventory Asset,,fifo,,,,,1,Inventory,true,true,true
8884630000000187701,5 port extension,010000001167,,PKR 2750.00,Sales,,,,,,,,goods,5 port extension,1,,,Active,,,PKR 1375.00,Cost of Goods Sold,,,Inventory Asset,,fifo,,,,,1,Inventory,true,true,true
8884630000000187711,Camelion AA 2 battery cell,010000000023,,PKR 200.00,Sales,,,,,,,,goods,Camelion AA battery cell,1,,,Active,,,PKR 110.00,Cost of Goods Sold,,,Inventory Asset,,fifo,,,,,9,Inventory,true,true,true
8884630000000187721,Camelion AAA 2 battery cell,010000000047,,PKR 200.00,Sales,,,,,,,,goods,Camelion AAA battery cell,1,,,Active,,,PKR 110.00,Cost of Goods Sold,,,Inventory Asset,,fifo,,,,,8,Inventory,true,true,true
8884630000000187746,Grippy 8gb Usb,010000001136,,PKR 1350.00,Sales,,,,,,,,goods,Grippy 8gb Usb,1,,,Active,,,PKR 800.00,Cost of Goods Sold,,,Inventory Asset,,fifo,,,,,0,Inventory,true,true,true
8884630000000187756,Amaze A832 HDMI to VGA converter,010000002829,,PKR 1550.00,Sales,,,,,,,,goods,Amaze A832 HDMI to VGA converter,1,,,Active,,,PKR 600.00,Cost of Goods Sold,,,Inventory Asset,,fifo,,,,,1,Inventory,true,true,true
8884630000000187766,Amaze A800 HDMI to USB 3.0 Converter (Adapter),010000002836,,PKR 2500.00,Sales,,,,,,,,goods,Amaze A800 HDMI to USB 3.0 Converter (Adapter),1,,,Active,,,PKR 2000.00,Cost of Goods Sold,,,Inventory Asset,,fifo,,,,,1,Inventory,true,true,true
8884630000000187776,SpeedX MKF01 mic 3.5mm,010000001129,,PKR 1250.00,Sales,,,,,,,,goods,SpeedX MKF01 mic 3.5mm,1,,,Active,,,PKR 800.00,Cost of Goods Sold,,,Inventory Asset,,fifo,,,,,3,Inventory,true,true,true
8884630000000187786,EverReady AA 4 battery cell,010000003406,,PKR 300.00,Sales,,,,,,,,goods,EverReady AA 4 battery cell,1,,,Active,,,PKR 200.00,Cost of Goods Sold,,,Inventory Asset,,fifo,,,,,6,Inventory,true,true,true
8884630000000187796,EverReady AAA 4 battery cell,010000003413,,PKR 300.00,Sales,,,,,,,,goods,EverReady AAA 4 battery cell,1,,,Active,,,PKR 200.00,Cost of Goods Sold,,,Inventory Asset,,fifo,,,,,7,Inventory,true,true,true
8884630000000193001,Asus Prime H610M K D4 motherboard,010000002515,10 months warranty,PKR 25500.00,Sales,,,,,,,,goods,Asus Prime H610M K D4 motherboard,1,,,Active,,,PKR 23000.00,Cost of Goods Sold,,,Inventory Asset,,fifo,,,,,1,Inventory,true,true,true
8884630000000193011,Thermalright LGA1700 V2 black CPU guard,010000000450,,PKR 2000.00,Sales,,,,,,,,goods,Thermalright LGA1700 V2 black CPU guard,1,,,Active,,,PKR 1400.00,Cost of Goods Sold,,,Inventory Asset,,fifo,,,,,2,Inventory,true,true,true
8884630000000193021,Thermalright AM5 secure frame V2 black CPU guard,010000003048,,PKR 2000.00,Sales,,,,,,,,goods,Thermalright AM5 secure frame V2 black CPU guard,1,,,Active,,,PKR 1400.00,Cost of Goods Sold,,,Inventory Asset,,fifo,,,,,2,Inventory,true,true,true
8884630000000193031,XPG S60 blade 512gb NVMe,010000002539,10 months warranty,PKR 32000.00,Sales,,,,,,,,goods,XPG S60 blade 512gb NVMe,1,,,Active,,,PKR 29000.00,Cost of Goods Sold,,,Inventory Asset,,fifo,,,,,1,Inventory,true,true,true
8884630000000193041,XPG S60 blade 1tb NVMe,010000002522,10 months warranty,PKR 47000.00,Sales,,,,,,,,goods,XPG S60 blade 1tb NVMe,1,,,Active,,,PKR 43000.00,Cost of Goods Sold,,,Inventory Asset,,fifo,,,,,1,Inventory,true,true,true
8884630000000193051,Andaseat luna gaming black and blue chair,010000003468,1 months warranty for hydraulics,PKR 53000.00,Sales,,,,,,,,goods,Andaseat luna gaming black and blue chair,1,,,Active,,,PKR 48000.00,Cost of Goods Sold,,,Inventory Asset,,fifo,,,,,1,Inventory,true,true,true
8884630000000193061,Andaseat luna gaming black and red chair,010000003451,1 month warranty for hydraulics,PKR 53000.00,Sales,,,,,,,,goods,Andaseat luna gaming black and red chair,1,,,Active,,,PKR 48000.00,Cost of Goods Sold,,,Inventory Asset,,fifo,,,,,1,Inventory,true,true,true
8884630000000193071,Logitech F710 wireless controller,010000003505,1 month warranty,PKR 10000.00,Sales,,,,,,,,goods,Logitech F710 wireless controller,1,,,Active,,,PKR 9000.00,Cost of Goods Sold,,,Inventory Asset,,fifo,,,,,1,Inventory,true,true,true
8884630000000193081,Rapoo A80 black speaker,010000002508,1 month warranty,PKR 3200.00,Sales,,,,,,,,goods,Rapoo A80 black speaker,1,,,Active,,,PKR 2800.00,Cost of Goods Sold,,,Inventory Asset,,fifo,,,,,2,Inventory,true,true,true
8884630000000193091,Ugreen 35574 4port 3.0 USB hub,010000003178,1 month warranty,PKR 2850.00,Sales,,,,,,,,goods,Ugreen 35574 4port 3.0 USB hub,1,,,Active,,,PKR 1850.00,Cost of Goods Sold,,,Inventory Asset,,fifo,,,,,1,Inventory,true,true,true
8884630000000193101,Ugreen 80348 silver foldable laptop stand,010000003222,,PKR 3600.00,Sales,,,,,,,,goods,Ugreen 80348 silver foldable laptop stand,1,,,Active,,,PKR 2300.00,Cost of Goods Sold,,,Inventory Asset,,fifo,,,,,5,Inventory,true,true,true
8884630000000193111,Ugreen 35622 USBC 3.1 card reader,010000003215,1 month warranty,PKR 2000.00,Sales,,,,,,,,goods,Ugreen 35622 USBC 3.1 card reader,1,,,Active,,,PKR 1150.00,Cost of Goods Sold,,,Inventory Asset,,fifo,,,,,3,Inventory,true,true,true
8884630000000193121,MSI force GC300 wireless white controller,010000002485,1 month warranty,PKR 12000.00,Sales,,,,,,,,goods,MSI force GC300 wireless white controller,1,,,Active,,,PKR 10500.00,Cost of Goods Sold,,,Inventory Asset,,fifo,,,,,1,Inventory,true,true,true
8884630000000193231,HDMI 1.5M Cable,010000003383,,PKR 650.00,Sales,,,,,,,,goods,HDMI 1.5M Cable,1,,,Active,,,PKR 245.00,Cost of Goods Sold,,,Inventory Asset,,fifo,,,,,9,Inventory,true,true,true
8884630000000193241,Darkfalsh Atlas 01 Monitor Arm (Stand),010000003246,,PKR 6500.00,Sales,,,,,,,,goods,Darkfalsh Atlas 01 Monitor Arm (Stand),1,,,Active,,,PKR 5800.00,Cost of Goods Sold,,,Inventory Asset,,fifo,,,,,1,Inventory,true,true,true
8884630000000193251,Darkflash Atlas 02 monitor Arm (Stand),010000002652,,PKR 5500.00,Sales,,,,,,,,goods,Darkflash Atlas 02 monitor Arm (Stand),1,,,Active,,,PKR 5000.00,Cost of Goods Sold,,,Inventory Asset,,fifo,,,,,1,Inventory,true,true,true
8884630000000193261,Redragon BS7367A wireless Keyboard Combo,010000003536,1 month warranty,PKR 4000.00,Sales,,,,,,,,goods,Redragon BS7367A wireless Keyboard Combo,1,,,Active,,,PKR 3250.00,Cost of Goods Sold,,Wireless,Inventory Asset,,fifo,,,,,1,Inventory,true,true,true
8884630000000193271,Speedy HDMI to DP converter,010000003475,,PKR 650.00,Sales,,,,,,,,goods,Speedy HDMI to DP converter,1,,,Active,,,PKR 225.00,Cost of Goods Sold,,,Inventory Asset,,fifo,,,,,1,Inventory,true,true,true
8884630000000193281,Speedy VGA to DP converter,010000002669,,PKR 750.00,Sales,,,,,,,,goods,Speedy VGA to DP converter,1,,,Inactive,,,PKR 295.00,Cost of Goods Sold,,,Inventory Asset,,fifo,,,,,0,Inventory,true,true,true
8884630000000193291,Redragon G807 saturn controller,010000003512,1 month warranty,PKR 4500.00,Sales,,,,,,,,goods,Redragon G807 saturn controller,1,,,Active,,,PKR 3979.00,Cost of Goods Sold,,,Inventory Asset,,fifo,,,,,1,Inventory,true,true,true
8884630000000193301,Redragon GM93 typeC Vlog Mic,010000003444,1 month warranty,PKR 2800.00,Sales,,,,,,,,goods,Redragon GM93 typeC Vlog Mic,1,,,Active,,,PKR 2200.00,Cost of Goods Sold,,,Inventory Asset,,fifo,,,,,1,Inventory,true,true,true
8884630000000193311,Redragon GS560 adiemus sound bar ( speaker ),010000003499,1 month warranty,PKR 8000.00,Sales,,,,,,,,goods,Redragon GS560 adiemus soundbar ( speaker ),1,,,Active,,,PKR 7194.00,Cost of Goods Sold,,,Inventory Asset,,fifo,,,,,1,Inventory,true,true,true
8884630000000193321,Redragon GS510 waltz Speaker,010000003529,1 month warranty,PKR 5000.00,Sales,,,,,,,,goods,Redragon GS510 waltz Speaker,1,,,Active,,,PKR 4333.00,Cost of Goods Sold,,,Inventory Asset,,fifo,,,,,1,Inventory,true,true,true
8884630000000193331,Speedy VGA to HDMI converter (audio),010000003482,,PKR 700.00,Sales,,,,,,,,goods,Speedy VGA to HDMI converter (audio),1,,,Active,,,PKR 325.00,Cost of Goods Sold,,,Inventory Asset,,fifo,,,,,0,Inventory,true,true,true
8884630000000193341,Patch cord 1.5M Lan cat6 cable,010000003185,,PKR 400.00,Sales,,,,,,,,goods,Patch cord 1.5M cat6 cable,1,,,Active,,,PKR 115.00,Cost of Goods Sold,,,Inventory Asset,,fifo,,,,,3,Inventory,true,true,true
8884630000000193351,Patch cord 3M Lan cat6 Cable,010000003260,,PKR 600.00,Sales,,,,,,,,goods,Patch cord 3M Lan cat6 Cable,1,,,Active,,,PKR 150.00,Cost of Goods Sold,,,Inventory Asset,,fifo,,,,,1,Inventory,true,true,true
8884630000000193461,Redragon Zeus 2 H510 1 Wired Headphone,010000000504,1 month warranty,PKR 11000.00,Sales,,,,,,,,goods,Redragon Zeus 2 H510 1 Wired Headphone,1,,,Active,,,PKR 9800.00,Cost of Goods Sold,,,Inventory Asset,,fifo,,,,,3,Inventory,true,true,true
8884630000000193471,Redragon Zeus 2 H510W Wired headphone,010000000511,1 month warranty,PKR 12000.00,Sales,,,,,,,,goods,Redragon Zeus 2 H510W Wired headphone,1,,,Active,,,PKR 10700.00,Cost of Goods Sold,,,Inventory Asset,,fifo,,,,,3,Inventory,true,true,true
8884630000000208095,Computer Service,pcservice,,PKR 500.00,Sales,,,,,,,,service,Computer Service,1,,,Active,,,PKR 0.00,Cost of Goods Sold,,,Inventory Asset,,,,,,,,Sales and Purchases,true,true,false
8884630000000204086,Software Installation,SI-2026,,PKR 500.00,Sales,,,,,,,,service,Software Installation,1,,,Active,,,PKR 0.00,Cost of Goods Sold,,,Inventory Asset,,,,,,,,Sales and Purchases,true,true,false
8884630000000267010,Aukey XXL black MP,010000003758,Waleed,PKR 2300.00,Sales,,,,,,,,goods,Aukey XXL black MP,1,,,Active,,,PKR 1450.00,Cost of Goods Sold,,,Inventory Asset,,fifo,,,,,6,Inventory,true,true,true
8884630000000267023,Design Steel series Square MP,010000003765,,PKR 2800.00,Sales,,,,,,,,goods,Design Steel series small MP,1,,,Active,,,PKR 2000.00,Cost of Goods Sold,,,Inventory Asset,,fifo,,,,,10,Inventory,true,true,true
8884630000000267068,Ryzen 5 2600 CPU - used,100005019,15 days warranty,PKR 13000.00,Sales,,,,,,,,goods,Ryzen 5 2600 CPU,1,,,Active,,,PKR 10000.00,Cost of Goods Sold,,,Inventory Asset,,fifo,,,,,0,Inventory,true,true,true
8884630000000267078,Thunder Piran RGB air cooler - used,010000003666,,PKR 3000.00,Sales,,,,,,,,goods,Thunder Piran RGB air cooler,1,,,Active,,,PKR 2000.00,Cost of Goods Sold,,,Inventory Asset,,fifo,,,,,0,Inventory,true,true,true
8884630000000267088,Elsa A320M motherboard - used,010000003673,15 days warranty,PKR 12000.00,Sales,,,,,,,,goods,Elsa A320M motherboard,1,,,Active,,,PKR 10000.00,Cost of Goods Sold,,,Inventory Asset,,fifo,,,,,0,Inventory,true,true,true
8884630000000267098,Redragon Singer 16gb 3200Mhz DDR4 Ram - used,010000003680,15 days warranty,PKR 13000.00,Sales,,,,,,,,goods,Redragon Singer 16gb 3200Mhz DDR4 Ram - used,1,,,Inactive,,,PKR 11000.00,Cost of Goods Sold,,,Inventory Asset,,fifo,,,,,0,Inventory,true,true,true
8884630000000267108,Sandisk 128gb SSD - used,010000003697,15 days warranty,PKR 3000.00,Sales,,,,,,,,goods,Sandisk 128gb SSD - used,1,,,Inactive,,,PKR 2000.00,Cost of Goods Sold,,,Inventory Asset,,fifo,,,,,0,Inventory,true,true,true
8884630000000267118,Toshiba 1tb HDD - used,010000003703,15 days warranty,PKR 7500.00,Sales,,,,,,,,goods,Toshiba 1tb HDD - used,1,,,Inactive,,,PKR 5000.00,Cost of Goods Sold,,,Inventory Asset,,fifo,,,,,0,Inventory,true,true,true
8884630000000267128,EDragon Draco 600W PSU - used,010000003710,15 days warranty,PKR 6000.00,Sales,,,,,,,,goods,EDragon Draco 600W PSU - used,1,,,Active,,,PKR 5000.00,Cost of Goods Sold,,,Inventory Asset,,fifo,,,,,0,Inventory,true,true,true
8884630000000267138,Sonic R28 white case - used (No Warranty),010000003727,4 argb fans,PKR 6500.00,Sales,,,,,,,,goods,Sonic R28 white case - used,1,,,Active,,,PKR 5000.00,Cost of Goods Sold,,,Inventory Asset,,fifo,,,,,0,Inventory,true,true,true
8884630000000267148,MSI Ventus GTX 1660 Super 6gb GPU - used,010000003734,15 days warranty,PKR 45000.00,Sales,,,,,,,,goods,MSI Ventus GTX 1660 Super 6gb GPU - used,1,,,Active,,,PKR 40000.00,Cost of Goods Sold,,,Inventory Asset,,fifo,,,,,1,Inventory,true,true,true
8884630000000269059,Intel i7 6700 CPU + ASUS Q170M C Motherboard PKG - used,010000003772,15 days warranty,PKR 20000.00,Sales,,,,,,,,goods,Intel i7 6700 CPU + ASUS Q170M C Motherboard PKG - used,1,,,Active,,,PKR 15000.00,Cost of Goods Sold,,,Inventory Asset,,fifo,,,,,0,Inventory,true,true,true
8884630000000269069,Intel i5 7400 CPU + Gigabyte GA Z270 HD3 Motherboard + Stock Cooler - PKG - used,010000003789,15 days warranty,PKR 24000.00,Sales,,,,,,,,goods,Intel i5 7400 CPU + Gigabyte GA Z270 HD3 Motherboard + Stock Cooler - PKG - used,1,,,Active,,,PKR 20000.00,Cost of Goods Sold,,,Inventory Asset,,fifo,,,,,0,Inventory,true,true,true
8884630000000269079,MSI Armor RX 580 8GB GPU - used,010000003796,15 days warranty,PKR 23000.00,Sales,,,,,,,,goods,MSI Armor RX 580 8GB GPU - used,1,,,Inactive,,,PKR 18000.00,Cost of Goods Sold,,,Inventory Asset,,fifo,,,,,0,Inventory,true,true,true
8884630000000269089,Sapphire Nitro RX 590 8GB GPU - used,010000003802,15 days warranty,PKR 25000.00,Sales,,,,,,,,goods,Sapphire Nitro RX 590 8GB GPU - used,1,,,Inactive,,,PKR 20000.00,Cost of Goods Sold,,,Inventory Asset,,fifo,,,,,0,Inventory,true,true,true
8884630000000269099,TP Link TL WN881ND Wireless PCIe Wifi Adapter,010000003819,15 days warranty,PKR 5000.00,Sales,,,,,,,,goods,TP Link TL WN881ND Wireless PCIe Wifi Adapter,1,,,Active,,,PKR 2000.00,Cost of Goods Sold,,,Inventory Asset,,fifo,,,,,1,Inventory,true,true,true
8884630000000275048,2TB HDD - Used,drop-25043001,15 days warranty,PKR 15000.00,Sales,,,,,,,,goods,2TB HDD - Used,1,,,Inactive,,,PKR 12500.00,Cost of Goods Sold,,,Inventory Asset,,,,,,,,Sales and Purchases,true,true,false
8884630000000305236,Ryzen 5 3600 tray CPU,100005122,10 months warranty,PKR 24000.00,Sales,,,,,,,,goods,Ryzen 5 3600 tray CPU,1,,,Active,,,PKR 20000.00,Cost of Goods Sold,,,Inventory Asset,,fifo,,,,,1,Inventory,true,true,true
8884630000000305285,Sapphire rx 570 8GB GPU - used,002,15 days warranty ,PKR 25000.00,Sales,,,,,,,,goods,Sapphire rx 570 8GB GPU - used,1,,,Inactive,,,PKR 20500.00,Cost of Goods Sold,,,Inventory Asset,,fifo,,,,,0,Inventory,true,true,true
8884630000000305295,Gigabyte GTX 750Ti 2GB GPU - Used,100005076,15 days warranty ,PKR 18000.00,Sales,,,,,,,,goods,Gigabyte GTX 750Ti 2GB GPU - Used,1,,,Active,,,PKR 13500.00,Cost of Goods Sold,,,Inventory Asset,,fifo,,,,,1,Inventory,true,true,true
8884630000000305305,Ugreen AC650 Dual Band Wifi USB adaptor,100005075,15 days warranty ,PKR 4500.00,Sales,,,,,,,,goods,Ugreen AC650 Dual Band Wifi USB adaptor,1,,,Active,,,PKR 3500.00,Cost of Goods Sold,,,Inventory Asset,,fifo,,,,,0,Inventory,true,true,true
8884630000000308001,Dell Black Mouse - Used,010000003437,Check warranty,PKR 300.00,Sales,,,,,,,,goods,Dell Black Mouse - Used,1,,,Inactive,,,PKR 270.00,Cost of Goods Sold,,,Inventory Asset,,fifo,,,,,0,Inventory,true,true,true
8884630000000308069,Branded Dell Black Wired Keyboard,010000003635,Check warranty,PKR 1000.00,Sales,,,,,,,,goods,Branded Dell Black Wired Keyboard,1,,,Active,,,PKR 900.00,Cost of Goods Sold,,,Inventory Asset,,fifo,,,,,1,Inventory,true,true,true
8884630000000344072,Branded Black Mouse - Used,010000004038,Check warranty,PKR 350.00,Sales,,,,,,,,goods,Branded Black Mouse - Used,1,,,Inactive,,,PKR 315.00,Cost of Goods Sold,,,Inventory Asset,,fifo,,,,,0,Inventory,true,true,true
8884630000000346001,(Audio/Video) AV Cable,auxcable,,PKR 800.00,Sales,,,,,,,,goods,(Audio/Video) AV Cable,1,,,Active,,,PKR 720.00,Cost of Goods Sold,,,Inventory Asset,,fifo,,,,,0,Inventory,true,true,true
8884630000000346057,login L270 Sound bar 20W Black (speaker),010000003857,1 year warranty,PKR 6250.00,Sales,,,,,,,,goods,login L270 Sound bar 20W Black (speaker),1,,,Active,,,PKR 4300.00,Cost of Goods Sold,,wireless + wired,Inventory Asset,,fifo,,,,,1,Inventory,true,true,true
8884630000000346084,login L271 Wireless Sound bar 16w black/gray (speaker),010000003840,1 year warranty,PKR 5450.00,Sales,,,,,,,,goods,login L271 Wireless Sound bar 16w black/gray (speaker),1,,,Active,,,PKR 3750.00,Cost of Goods Sold,,wireless + wired,Inventory Asset,,fifo,,,,,1,Inventory,true,true,true
8884630000000346110,login L1947 Data cable typeC 1m white,010000004403,,PKR 250.00,Sales,,,,,,,,goods,login L1947 Data cable typeC 1m white,1,,,Active,,,PKR 130.00,Cost of Goods Sold,,,Inventory Asset,,fifo,,,,,3,Inventory,true,true,true
8884630000000346136,login L1947 Data Cable Micro 1m white,010000004335,,PKR 200.00,Sales,,,,,,,,goods,login L1947 Cable Micro 1m white,1,,,Inactive,,,PKR 115.00,Cost of Goods Sold,,,Inventory Asset,,fifo,,,,,0,Inventory,true,true,true
8884630000000346162,login L310 3.5mm handsfree (earphone ) black,010000004113,Counter check warranty ,PKR 750.00,Sales,,,,,,,,goods,login L310 3.5mm handsfree (earphone ) black,1,,,Inactive,,,PKR 370.00,Cost of Goods Sold,,,Inventory Asset,,fifo,,,,,0,Inventory,true,true,true
8884630000000346188,Login L909 3 in 1 Data cable 1.2m White,010000004359,,PKR 1050.00,Sales,,,,,,,,goods,Login L909 3 in 1 Data cable 1.2m White,1,,,Active,,,PKR 480.00,Cost of Goods Sold,,,Inventory Asset,,fifo,,,,,3,Inventory,true,true,true
8884630000000346214,Login L909 3 in 1 Data Cable 1.2m Black,010000004120,,PKR 1050.00,Sales,,,,,,,,goods,Login L909 3 in 1 Data Cable 1.2m Black,1,,,Active,,,PKR 480.00,Cost of Goods Sold,,,Inventory Asset,,fifo,,,,,2,Inventory,true,true,true
8884630000000355028,Logitech R2 MP,010000004366,,PKR 200.00,Sales,,,,,,,,goods,Logitech R2 MP,1,,,Active,,,PKR 95.00,Cost of Goods Sold,,,Inventory Asset,,fifo,,,,,0,Inventory,true,true,true
8884630000000356020,Branded Yellow MP - Used,YMPU,,PKR 800.00,Sales,,,,,,,,goods,Branded Yellow MP - Used,1,,,Active,,,PKR 720.00,Cost of Goods Sold,,,Inventory Asset,,fifo,,,,,1,Inventory,true,true,true
8884630000000356195,Huayite K12 MP,010000004397,,PKR 750.00,Sales,,,,,,,,goods,Huayite K12 MP,1,,,Active,,,PKR 380.00,Cost of Goods Sold,,,Inventory Asset,,fifo,,,,,1,Inventory,true,true,true
8884630000000356204,Silk glide R7 MP,010000004410,,PKR 500.00,Sales,,,,,,,,goods,Silk glide R7 MP,1,,,Active,,,PKR 250.00,Cost of Goods Sold,,,Inventory Asset,,fifo,,,,,4,Inventory,true,true,true
8884630000000359001,Bulks ANC Wireless Vlog Mic,010000004137,,PKR 4500.00,Sales,,,,,,,,goods,Bulks ANC Wireless Mic,1,,,Active,,,PKR 3700.00,Cost of Goods Sold,,,Inventory Asset,,fifo,,,,,2,Inventory,true,true,true
8884630000000359020,Speedy HDMI to DP converter (NY Rwp),010000004465,,PKR 750.00,Sales,,,,,,,,goods,Speedy HDMI to DP converter (NY Rwp),1,,,Active,,,PKR 360.00,Cost of Goods Sold,,,Inventory Asset,,fifo,,,,,4,Inventory,true,true,true
8884630000000359039,Speedy VGA to DP converter (NY Rwp),010000004458,,PKR 760.00,Sales,,,,,,,,goods,Speedy VGA to DP converter (NY Rwp),1,,,Active,,,PKR 380.00,Cost of Goods Sold,,,Inventory Asset,,fifo,,,,,5,Inventory,true,true,true
8884630000000359066,SpeedX VGA to HDMI converter,010000004496,,PKR 1500.00,Sales,,,,,,,,goods,SpeedX VGA to HDMI converter,1,,,Active,,,PKR 850.00,Cost of Goods Sold,,,Inventory Asset,,fifo,,,,,4,Inventory,true,true,true
8884630000000359120,Green HDMI to VGA converter,010000004472,,PKR 600.00,Sales,,,,,,,,goods,Green HDMI to VGA converter,1,,,Active,,,PKR 300.00,Cost of Goods Sold,,,Inventory Asset,,fifo,,,,,5,Inventory,true,true,true
8884630000000359138,Branded VGA Cable (NY Rwp),vgacable2,,PKR 500.00,Sales,,,,,,,,goods,Branded VGA Cable (NY Rwp),1,,,Active,,,PKR 150.00,Cost of Goods Sold,,,Inventory Asset,,fifo,,,,,4,Inventory,true,true,true
8884630000000368001,login L285 HF RGB Black Wired Headphone,100005028,1 year warranty,PKR 5350.00,Sales,,,,,,,,goods,login L285 HF RGB Black Wired Headphone,1,,,Active,,,PKR 3850.00,Cost of Goods Sold,,,Inventory Asset,,fifo,,,,,1,Inventory,true,true,true
8884630000000368010,login L292 HF Black Wireless Headphone,010000003963,1 year warranty,PKR 4050.00,Sales,,,,,,,,goods,login L292 HF Black Wireless Headphone,1,,,Inactive,,,PKR 2550.00,Cost of Goods Sold,,Wireless,Inventory Asset,,fifo,,,,,0,Inventory,true,true,true
8884630000000368024,login L250 Wireless Vlog Mic,010000005158,1 year warranty,PKR 4500.00,Sales,,,,,,,,goods,login L250 Wireless Vlog Mic,1,,,Active,,,PKR 3250.00,Cost of Goods Sold,,,Inventory Asset,,fifo,,,,,2,Inventory,true,true,true
8884630000000368033,login L121 Data Cable typeC 1.2m White,010000005097,,PKR 350.00,Sales,,,,,,,,goods,login L121 Data Cable typeC 1.2m White,1,,,Inactive,,,PKR 150.00,Cost of Goods Sold,,,Inventory Asset,,fifo,,,,,0,Inventory,true,true,true
8884630000000368042,login L121 Data cable micro 1.2m White,010000005103,,PKR 350.00,Sales,,,,,,,,goods,login L121 Cable micro 1.2m White,1,,,Inactive,,,PKR 140.00,Cost of Goods Sold,,,Inventory Asset,,fifo,,,,,0,Inventory,true,true,true
8884630000000368061,login L400 TypeC Charger White,010000003932,1 year warranty,PKR 950.00,Sales,,,,,,,,goods,login L400 TypeC Charger White,1,,,Active,,,PKR 400.00,Cost of Goods Sold,,,Inventory Asset,,fifo,,,,,1,Inventory,true,true,true
8884630000000368070,login l602 30W TypeC Golden Car charger,010000003949,1 year warranty,PKR 1650.00,Sales,,,,,,,,goods,login l602 30W TypeC Golden Car charger,1,,,Active,,,PKR 700.00,Cost of Goods Sold,,,Inventory Asset,,fifo,,,,,1,Inventory,true,true,true
8884630000000368079,login l709 Power bank 22.5W 10mAH,010000005141,1 year warranty,PKR 4250.00,Sales,,,,,,,,goods,login l709 Power bank 22.5W 10mAH,1,,,Active,,,PKR 2650.00,Cost of Goods Sold,,,Inventory Asset,,fifo,,,,,2,Inventory,true,true,true
8884630000000368088,login l204 Beige Ear buds,010000005080,1 year warranty,PKR 3550.00,Sales,,,,,,,,goods,login l204 Beige Ear buds,1,,,Active,,,PKR 2200.00,Cost of Goods Sold,,,Inventory Asset,,fifo,,,,,2,Inventory,true,true,true
8884630000000368097,login l207 Red Ear buds,010000003956,1 year warranty,PKR 5100.00,Sales,,,,,,,,goods,login l207 Red Ear buds,1,,,Active,,,PKR 2900.00,Cost of Goods Sold,,,Inventory Asset,,fifo,,,,,1,Inventory,true,true,true
8884630000000382066,Branded Wireless Headphone - Silver,010000004878,,PKR 1000.00,Sales,,,,,,,,goods,Branded Wireless Headphone - Silver,1,,,Active,,,PKR 900.00,Cost of Goods Sold,,Wireless,Inventory Asset,,fifo,,,,,1,Inventory,true,true,true
8884630000000442001,PXN V3 Pro Gaming Steering Wheel with Pedals - Used,010000003871,,PKR 12000.00,Sales,,,,,,,,goods,PXN V3 Pro Gaming Steering Wheel with Pedals - Used,1,,,Active,,,PKR 6700.00,Cost of Goods Sold,,,Inventory Asset,,fifo,,,,,0,Inventory,true,true,true
8884630000000454001,NY ZM01 Black Mouse,010000004342,,PKR 700.00,Sales,,,,,,,,goods,NY ZM01 Black Mouse,1,,,Active,,,PKR 250.00,Cost of Goods Sold,,,Inventory Asset,,fifo,,,,,2,Inventory,true,true,true
8884630000000454020,Branded Acer Black Wired Keyboard,010000005653,Check warranty,PKR 1400.00,Sales,,,,,,,,goods,Branded Acer Black Wired Keyboard,1,,,Active,,,PKR 650.00,Cost of Goods Sold,,,Inventory Asset,,fifo,,,,,1,Inventory,true,true,true
8884630000000454029,Dell KB218 Black Keyboard,010000005110,,PKR 1600.00,Sales,,,,,,,,goods,Dell KB218 Black Keyboard,1,,,Active,,,PKR 1050.00,Cost of Goods Sold,,,Inventory Asset,,fifo,,,,,1,Inventory,true,true,true
8884630000000454038,HP K1600 Black Keyboard,010000003864,,PKR 1800.00,Sales,,,,,,,,goods,HP K1600 Black Keyboard,1,,,Inactive,,,PKR 1050.00,Cost of Goods Sold,,,Inventory Asset,,fifo,,,,,0,Inventory,true,true,true
8884630000000454047,Mini Keyboard with mouse KM901 combo,010000003888,,PKR 3250.00,Sales,,,,,,,,goods,Mini Keyboard with mouse KM901 combo,1,,,Active,,,PKR 2100.00,Cost of Goods Sold,,,Inventory Asset,,fifo,,,,,1,Inventory,true,true,true
8884630000000454056,Samsung micro sd card (Memory card) 16GB,010000005127,,PKR 1400.00,Sales,,,,,,,,goods,Samsung micro sd card (Memory card) 16GB,1,,,Active,,,PKR 880.00,Cost of Goods Sold,,,Inventory Asset,,fifo,,,,,2,Inventory,true,true,true
8884630000000454065,Samsung micro sd card (Memory card) 32GB,010000004311,,PKR 2000.00,Sales,,,,,,,,goods,Samsung micro sd card (Memory card) 32GB,1,,,Active,,,PKR 1150.00,Cost of Goods Sold,,,Inventory Asset,,fifo,,,,,3,Inventory,true,true,true
8884630000000454074,Samsung micro sd card (Memory card) 64GB,010000005134,,PKR 2850.00,Sales,,,,,,,,goods,Samsung micro sd card (Memory card) 64GB,1,,,Active,,,PKR 1800.00,Cost of Goods Sold,,,Inventory Asset,,fifo,,,,,1,Inventory,true,true,true
8884630000000454108,USB Sound Adapter Card 7.1 Virtual,010000004304,,PKR 550.00,Sales,,,,,,,,goods,USB Sound Adapter Card 7.1 Virtual,1,,,Active,,,PKR 270.00,Cost of Goods Sold,,,Inventory Asset,,fifo,,,,,3,Inventory,true,true,true
8884630000000454122,NVME Case M2,010000004298,,PKR 2790.00,Sales,,,,,,,,goods,NVME Case M2,1,,,Active,,,PKR 1550.00,Cost of Goods Sold,,,Inventory Asset,,fifo,,,,,3,Inventory,true,true,true
8884630000000455001,Hp 8GB USB,010000004380,,PKR 1350.00,Sales,,,,,,,,goods,Hp 8GB USB,12,,,Active,,,PKR 800.00,Cost of Goods Sold,,,Inventory Asset,,fifo,,,,,3,Inventory,true,true,true
8884630000000456001,HP 4GB USB,010000004373,,PKR 950.00,Sales,,,,,,,,goods,HP 4GB USB,12,,,Active,,,PKR 550.00,Cost of Goods Sold,,,Inventory Asset,,fifo,,,,,2,Inventory,true,true,true
8884630000000457001,Dell 8GB 2666Mhz DDR4 RAM,010000005202,6 months warranty,PKR 15000.00,Sales,,,,,,,,goods,Dell 8GB 2666Mhz DDR4 RAM,12,,,Active,,,PKR 6500.00,Cost of Goods Sold,,,Inventory Asset,,fifo,,,,,2,Inventory,true,true,true
8884630000000454131,R7 Mp,010000004861,,PKR 500.00,Sales,,,,,,,,goods,R7 Mp,12,,,Active,,,PKR 250.00,Cost of Goods Sold,,,Inventory Asset,,fifo,,,,,9,Inventory,true,true,true
8884630000000461001,K12 MP,010000004854,,PKR 750.00,Sales,,,,,,,,goods,K12 MP,12,,,Active,,,PKR 380.00,Cost of Goods Sold,,,Inventory Asset,,fifo,,,,,7,Inventory,true,true,true
8884630000000462001,HDMI to DP Converter,010000005318,,PKR 750.00,Sales,,,,,,,,goods,HDMI to DP Converter,12,,,Active,,,PKR 360.00,Cost of Goods Sold,,,Inventory Asset,,fifo,,,,,3,Inventory,true,true,true
8884630000000471001,"Samsung 2.5"" Ssd External Case USB 3.0",010000005301,,PKR 1150.00,Sales,,,,,,,,goods,"Samsung 2.5"" Ssd External Case USB 3.0",12,,,Active,,,PKR 780.00,Cost of Goods Sold,,,Inventory Asset,,fifo,,,,,2,Inventory,true,true,true
8884630000000464011,Samsung Ssd External Case USB 2.0,010000003895,,PKR 750.00,Sales,,,,,,,,goods,Samsung Ssd External Case USB 2.0,12,,,Active,,,PKR 480.00,Cost of Goods Sold,,,Inventory Asset,,fifo,,,,,1,Inventory,true,true,true
8884630000000493168,login L901 Data Cable Iphone IOS (USB to IOS) 1.2m White,010000004915,,PKR 550.00,Sales,,,,,,,,goods,login L901 Data Cable Iphone IOS (USB to IOS) 1.2m White,1,,,Inactive,,,PKR 240.00,Cost of Goods Sold,,,Inventory Asset,,fifo,,,,,0,Inventory,true,true,true
8884630000000493176,login L901 Data Cable PD to PD (typeC to TypeC) 1.2m White,010000005295,,PKR 650.00,Sales,,,,,,,,goods,login L901 Data Cable PD to PD (typeC to TypeC) 1.2m White,1,,,Active,,,PKR 250.00,Cost of Goods Sold,,,Inventory Asset,,fifo,,,,,2,Inventory,true,true,true
8884630000000538001,500gb NVMe - Used,010000004434,,PKR 14000.00,Sales,,,,,,,,goods,500gb NVMe - Used,1,,,Inactive,,,PKR 9000.00,Cost of Goods Sold,,3 Months Warranty,Inventory Asset,,fifo,,,,,0,Inventory,true,true,true
8884630000000538075,PXN V3 pro gaming black wheel with pedals,010000004885,1 month warranty,PKR 19500.00,Sales,,,,,,,,goods,PXN V3 pro gaming black wheel with pedals,1,,,Active,,,PKR 15500.00,Cost of Goods Sold,,,Inventory Asset,,fifo,,,,,1,Inventory,true,true,true
8884630000000538087,PXN V9 Gen2 gaming wheel with pedals,010000004892,1 month warranty,PKR 35000.00,Sales,,,,,,,,goods,PXN V9 Gen2 gaming wheel with pedals,1,,,Active,,,PKR 29500.00,Cost of Goods Sold,,,Inventory Asset,,fifo,,,,,1,Inventory,true,true,true
8884630000000538099,Sonic R19 ATX ARGB black case,010000005936,,PKR 11000.00,Sales,,,,,,,,goods,Sonic R19 ATX ARGB black case,1,,,Active,,,PKR 8500.00,Cost of Goods Sold,,,Inventory Asset,,fifo,,,,,2,Inventory,true,true,true
8884630000000538108,Sonic R28 ATX ARGB black case,010000005226,,PKR 11000.00,Sales,,,,,,,,goods,Sonic R28 ATX ARGB black case,1,,,Active,,,PKR 8500.00,Cost of Goods Sold,,,Inventory Asset,,fifo,,,,,2,Inventory,true,true,true
8884630000000538117,Samsung 128gb SSD - used,010000004427,,PKR 5500.00,Sales,,,,,,,,goods,Samsung 128gb SSD - used,1,,,Active,,,PKR 4150.00,Cost of Goods Sold,,,Inventory Asset,,fifo,,,,,1,Inventory,true,true,true
8884630000000538126,Sandisk 240gb SSD - used,010000005004,,PKR 9000.00,Sales,,,,,,,,goods,Sandisk 240gb SSD - used,1,,,Inactive,,,PKR 6800.00,Cost of Goods Sold,,,Inventory Asset,,fifo,,,,,0,Inventory,true,true,true
8884630000000538186,login L400 Micro white Charger,010000005219,1 year warranty,PKR 950.00,Sales,,,,,,,,goods,login L400 Micro white Charger,1,,,Active,,,PKR 380.00,Cost of Goods Sold,,,Inventory Asset,,fifo,,,,,2,Inventory,true,true,true
8884630000000538195,login L400 Type-c white Charger,010000004984,1 year warranty,PKR 950.00,Sales,,,,,,,,goods,login L400 Type-c white Charger,1,,,Active,,,PKR 400.00,Cost of Goods Sold,,,Inventory Asset,,fifo,,,,,1,Inventory,true,true,true
8884630000000538204,login L403 Type-c black 30W Fast Charger,010000004953,,PKR 1500.00,Sales,,,,,,,,goods,login L403 Type-c black 30W Fast Charger,1,,,Inactive,,,PKR 850.00,Cost of Goods Sold,,,Inventory Asset,,fifo,,,,,0,Inventory,true,true,true
8884630000000538213,login L403 Type-c white 30W Fast Charger,010000004908,,PKR 1500.00,Sales,,,,,,,,goods,login L403 Type-c white 30W Fast Charger,1,,,Inactive,,,PKR 850.00,Cost of Goods Sold,,,Inventory Asset,,fifo,,,,,0,Inventory,true,true,true
8884630000000538222,login L600 22.5W Micro white  Car Charger,010000004946,1 year warranty,PKR 1350.00,Sales,,,,,,,,goods,login L600 22.5W Micro white  Car Charger,1,,,Active,,,PKR 600.00,Cost of Goods Sold,,,Inventory Asset,,fifo,,,,,1,Inventory,true,true,true
8884630000000538231,login L600 22.5W typeC white Car Charger,010000004977,,PKR 1100.00,Sales,,,,,,,,goods,login L600 22.5W typeC white Car Charger,1,,,Inactive,,,PKR 630.00,Cost of Goods Sold,,,Inventory Asset,,fifo,,,,,0,Inventory,true,true,true
8884630000000538240,login L602 30W IOS Purple Car Charger,010000004939,1 year warranty,PKR 1650.00,Sales,,,,,,,,goods,login L602 30W IOS Purple Car Charger,1,,,Active,,,PKR 750.00,Cost of Goods Sold,,,Inventory Asset,,fifo,,,,,1,Inventory,true,true,true
8884630000000560006,500GB PC HDD - Used,100005094,,PKR 4000.00,Sales,,,,,,,,goods,500GB PC HDD - Used,12,,,Active,,,PKR 2000.00,Cost of Goods Sold,,,Inventory Asset,,fifo,,,,,1,Inventory,true,true,true
8884630000000577006,Ugreen 8k 3M HDMI Cable,100012102302103,,PKR 3500.00,Sales,,,,,,,,goods,Ugreen 8k 3M HDMI Cable,1,,,Inactive,,,PKR 2000.00,Cost of Goods Sold,,,Inventory Asset,,fifo,,,,,0,Inventory,true,true,true
8884630000000597001,Redragon BM2466 wireless mouse,010000005356,,PKR 1400.00,Sales,,,,,,,,goods,Redragon BM2466 wireless mouse,12,,,Active,,,PKR 850.00,Cost of Goods Sold,,Wireless,Inventory Asset,,fifo,,,,,2,Inventory,true,true,true
8884630000000598001,Redragon BM4049 Wired Mouse,010000005363,,PKR 1100.00,Sales,,,,,,,,goods,Redragon BM4049 Wired Mouse,12,,,Active,,,PKR 640.00,Cost of Goods Sold,,,Inventory Asset,,fifo,,,,,1,Inventory,true,true,true
8884630000000599001,Redragon BM4054 Wireless Mouse,010000005332,,PKR 1600.00,Sales,,,,,,,,goods,Redragon BM4054 Wireless Mouse,12,,,Active,,,PKR 1080.00,Cost of Goods Sold,,Wireless,Inventory Asset,,fifo,,,,,0,Inventory,true,true,true
8884630000000600001,Redragon GM303 Pulsar RGB Mic,010000005172,,PKR 8000.00,Sales,,,,,,,,goods,Redragon GM303 Pulsar RGB Mic,12,,,Active,,,PKR 6600.00,Cost of Goods Sold,,"24-bit/96kHz, 360 degree (group podcasts)",Inventory Asset,,fifo,,,,,2,Inventory,true,true,true
8884630000000601001,Redragon GM93 typeC Vlog Mic,010000004922,1 month warranty,PKR 2800.00,Sales,,,,,,,,goods,Redragon GM93 typeC Vlog Mic,12,,,Active,,,PKR 2200.00,Cost of Goods Sold,,,Inventory Asset,,fifo,,,,,1,Inventory,true,true,true
8884630000000602016,login L600 22.5W typeC white  Car Charger,010000005233,1 year warranty,PKR 1350.00,Sales,,,,,,,,goods,login L600 22.5W typeC white  Car Charger,1,,,Active,,,PKR 630.00,Cost of Goods Sold,,,Inventory Asset,,fifo,,,,,1,Inventory,true,true,true
8884630000000602025,login L600 22.5W  Micro white  Car Charger,010000005011,1 year warranty,PKR 1350.00,Sales,,,,,,,,goods,login L600 22.5W  Micro white  Car Charger,1,,,Active,,,PKR 600.00,Cost of Goods Sold,,,Inventory Asset,,fifo,,,,,1,Inventory,true,true,true
8884630000000602039,Login L909 3 in 1 Data cable 1.2m White,010000005066,,PKR 1050.00,Sales,,,,,,,,goods,Login L909 3 in 1 Data cable 1.2m White,1,,,Active,,,PKR 480.00,Cost of Goods Sold,,,Inventory Asset,,fifo,,,,,1,Inventory,true,true,true
8884630000000602048,login L411 20W IOS (lightning) yellow Charger,010000005059,1 year warranty,PKR 2000.00,Sales,,,,,,,,goods,login L411 20W IOS (lightning) yellow Charger,1,,,Active,,,PKR 1100.00,Cost of Goods Sold,,,Inventory Asset,,fifo,,,,,1,Inventory,true,true,true
8884630000000602057,login L1947 Data Cable Micro 1m white,010000005240,,PKR 250.00,Sales,,,,,,,,goods,login L1947 Data Cable Micro 1m white,1,,,Inactive,,,PKR 115.00,Cost of Goods Sold,,,Inventory Asset,,fifo,,,,,0,Inventory,true,true,true
8884630000000602066,login L121 Data Cable typeC 1.2m White,010000005189,,PKR 350.00,Sales,,,,,,,,goods,login L121 Data Cable typeC 1.2m White,1,,,Active,,,PKR 150.00,Cost of Goods Sold,,,Inventory Asset,,fifo,,,,,1,Inventory,true,true,true
8884630000000602075,login L121 Data cable typeC 1.2m White,010000005028,,PKR 350.00,Sales,,,,,,,,goods,login L121 Data cable typeC 1.2m White,1,,,Active,,,PKR 140.00,Cost of Goods Sold,,,Inventory Asset,,fifo,,,,,1,Inventory,true,true,true
8884630000000607010,Mobile VGO TEL Beauty Max,vbm,"2.4"" screen, 1750 mAh battery, ",PKR 3500.00,Sales,,,,,,,,goods,Mobile VGO TEL Beauty Max,1,,,Active,,,PKR 3050.00,Cost of Goods Sold,,,Inventory Asset,,fifo,,,,,0,Inventory,true,true,true
8884630000000607019,Mobile VGO TEL Easy 200 Lite,vel,"Dual sim, 2.0"" screen, 1800 mAh battery",PKR 2800.00,Sales,,,,,,,,goods,Mobile VGO TEL Easy 200 Lite,1,,,Active,,,PKR 2325.00,Cost of Goods Sold,,,Inventory Asset,,fifo,,,,,0,Inventory,true,true,true
8884630000000607028,Mobile VGO TEL i102,v102,"Dual Sim, 1.8” Screen, 1000mAh Battery, Bluetooth, Wireless FM Radio",PKR 2300.00,Sales,,,,,,,,goods,Mobile VGO TEL i102,1,,,Active,,,PKR 1820.00,Cost of Goods Sold,,,Inventory Asset,,fifo,,,,,0,Inventory,true,true,true
8884630000000607037,Mobile Q Hero,qh,"Dual Sim, 2.4” Screen, Digital Camera, 3000mAh Battery, Wireless FM Radio, Memory Card Support up to 32GB",PKR 3500.00,Sales,,,,,,,,goods,Mobile Q Hero,1,,,Active,,,PKR 3010.00,Cost of Goods Sold,,,Inventory Asset,,fifo,,,,,0,Inventory,true,true,true
8884630000000607046,Mobile Q Guru Pro,qgp,"Dual Sim, 1.8” Screen, 1000mAh Battery, Wireless FM Radio, Memory Card Support",PKR 2650.00,Sales,,,,,,,,goods,Mobile Q Guru Pro,1,,,Active,,,PKR 1900.00,Cost of Goods Sold,,,Inventory Asset,,fifo,,,,,0,Inventory,true,true,true
8884630000000607055,Mobile Q Boom 100,mqb,"Dual sim, 1.8"" screen, 3200 mAh battery",PKR 2700.00,Sales,,,,,,,,goods,Mobile Q Boom 100,1,,,Active,,,PKR 2150.00,Cost of Goods Sold,,,Inventory Asset,,fifo,,,,,0,Inventory,true,true,true
8884630000000607064,Mobile Digit Nova,dn,"Dual Sim, 1.8” Screen, 1200mAh Battery, FM Radio",PKR 2400.00,Sales,,,,,,,,goods,Mobile Digit Nova,1,,,Active,,,PKR 1800.00,Cost of Goods Sold,,,Inventory Asset,,fifo,,,,,0,Inventory,true,true,true
8884630000000607073,Mobile Nokia 105,n105,"Dual Sim, 1.8” Screen, 1000mAh Battery, Wireless FM Radio, Torch Light",PKR 3500.00,Sales,,,,,,,,goods,Mobile Nokia 105,1,,,Active,,,PKR 2975.00,Cost of Goods Sold,,,Inventory Asset,,fifo,,,,,0,Inventory,true,true,true
8884630000000607082,Mobile X Platinum 1000,x100,"Dual sim, 2.8 inch, 2000 mAH battery",PKR 3600.00,Sales,,,,,,,,goods,Mobile X Platinum 1000,1,,,Active,,,PKR 3080.00,Cost of Goods Sold,,,Inventory Asset,,fifo,,,,,0,Inventory,true,true,true
8884630000000607091,Mobile CALME 4G Max,c4m,"4G Dual Sim, 2.8” Screen, Smart Camera, 3000mAh Battery, WiFi Hotspot, Wireless FM Radio for Non-PTA phones",PKR 8000.00,Sales,,,,,,,,goods,Mobile CALME 4G Max,1,,,Active,,,PKR 7300.00,Cost of Goods Sold,,,Inventory Asset,,fifo,,,,,0,Inventory,true,true,true
8884630000000607100,Mobile CALME 4G Hot,c4h,"4G, 2.4” display, 1GB, Wifi hotspot for Non-PTA phones",PKR 6950.00,Sales,,,,,,,,goods,Mobile CALME 4G Hot,1,,,Active,,,PKR 6230.00,Cost of Goods Sold,,,Inventory Asset,,fifo,,,,,0,Inventory,true,true,true
8884630000000641101,login L411 20W IOS (lightning) yellow Charger,010000005035,1 year warranty,PKR 2000.00,Sales,,,,,,,,goods,login L411 20W IOS (lightning) yellow Charger,1,,,Active,,,PKR 1100.00,Cost of Goods Sold,,,Inventory Asset,,fifo,,,,,1,Inventory,true,true,true
8884630000000641115,login L403 Type-c white 30W Fast Charger,010000005196,1 year warranty,PKR 1700.00,Sales,,,,,,,,goods,login L403 Type-c white 30W Fast Charger,1,,,Active,,,PKR 850.00,Cost of Goods Sold,,,Inventory Asset,,fifo,,,,,0,Inventory,true,true,true
8884630000000641129,login L403 Type-c black 30W Fast Charger,010000003970,1 year warranty,PKR 1700.00,Sales,,,,,,,,goods,login L403 Type-c black 30W Fast Charger,1,,,Active,,,PKR 850.00,Cost of Goods Sold,,,Inventory Asset,,fifo,,,,,1,Inventory,true,true,true
8884630000000641138,login L904 Data Cable PD to lightning (typeC to IOS) 1m Grey,010000005370,,PKR 850.00,Sales,,,,,,,,goods,login L904 Data Cable PD to lightning (typeC to IOS) 1m Grey,1,,,Active,,,PKR 380.00,Cost of Goods Sold,,,Inventory Asset,,fifo,,,,,2,Inventory,true,true,true
8884630000000641147,login L902 Data Cable IOS (USB to IOS) 1m white,010000005400,,PKR 750.00,Sales,,,,,,,,goods,login L902 Data Cable IOS (USB to IOS) 1m white,1,,,Active,,,PKR 300.00,Cost of Goods Sold,,,Inventory Asset,,fifo,,,,,1,Inventory,true,true,true
8884630000000683005,Mobile Itel 2165,i2165,"Dual sim, 1.8"" screen, 1000 mAh Battery, Wireless FM Radio",PKR 2600.00,Sales,,,,,,,,goods,Mobile Itel 2165,1,,,Active,,,PKR 2130.00,Cost of Goods Sold,,,Inventory Asset,,fifo,,,,,0,Inventory,true,true,true
8884630000000683014,Mobile Villaon V105,v105,"Dual sim, 1.8"" screen, 1000 mAh Battery, Wireless FM Radio",PKR 2500.00,Sales,,,,,,,,goods,Mobile Villaon V105,1,,,Active,,,PKR 1970.00,Cost of Goods Sold,,,Inventory Asset,,fifo,,,,,0,Inventory,true,true,true
8884630000000683023,Mobile Nokia NK 108,n108,"Dual sim, 1.8 inch screen, 4GB, 0.3 MP camera",PKR 4400.00,Sales,,,,,,,,goods,Mobile Nokia NK 108,1,,,Active,,,PKR 3998.00,Cost of Goods Sold,,,Inventory Asset,,fifo,,,,,0,Inventory,true,true,true
8884630000000683032,Mobile itel 5032,i5032,"Dual sim, 2.4 inch screen, 2000 mAh battery",PKR 4250.00,Sales,,,,,,,,goods,Mobile itel 5032,1,,,Active,,,PKR 3820.00,Cost of Goods Sold,,,Inventory Asset,,fifo,,,,,0,Inventory,true,true,true
8884630000000683041,Mobile X Power Max 1000,xpm1000,"Dual sim, 5000 mAh battery",PKR 3900.00,Sales,,,,,,,,goods,Mobile X Power Max 1000,1,,,Active,,,PKR 3480.00,Cost of Goods Sold,,,Inventory Asset,,fifo,,,,,0,Inventory,true,true,true
8884630000000685006,Elsa A320m Motherboard - Used,elsa320m,,PKR 13000.00,Sales,,,,,,,,goods,Elsa A320m Motherboard - Used,12,,,Active,,,PKR 10000.00,Cost of Goods Sold,,,Inventory Asset,,fifo,,,,,0,Inventory,true,true,true
8884630000000707001,BLOODY GM20 GAMING MIC,010000004076,,PKR 4550.00,Sales,,,,,,,,goods,BLOODY GM20 GAMING MIC,1,,,Active,,,PKR 3750.00,Cost of Goods Sold,,16-bit / 48 kHz ,Inventory Asset,,fifo,,,,,1,Inventory,true,true,true
8884630000000707010,UG 90416 DESKTOP USB-A MIC,010000004069,,PKR 5250.00,Sales,,,,,,,,goods,UG 90416 DESKTOP USB-A MIC,1,,,Active,,,PKR 4150.00,Cost of Goods Sold,,"16-bit / 48kHz, 360 degree (group podcast)",Inventory Asset,,fifo,,,,,1,Inventory,true,true,true
8884630000000707019,UG 35629 DESKTOP (USB-C) RGB MIC,010000004168,,PKR 13000.00,Sales,,,,,,,,goods,UG 35629 DESKTOP (USB-C) RGB MIC,1,,,Active,,,PKR 11100.00,Cost of Goods Sold,,"24-bit/96kHz sampling rate, Front only (Solo streaming)",Inventory Asset,,fifo,,,,,1,Inventory,true,true,true
8884630000000716001,320GB PC HDD - Used,100005093,,PKR 2500.00,Sales,,,,,,,,goods,320GB PC HDD - Used,1,,,Active,,,PKR 1000.00,Cost of Goods Sold,,,Inventory Asset,,fifo,,,,,1,Inventory,true,true,true
8884630000000723127,Omexa Flowgrip Vertical Wireless Mouse,010000004489,,PKR 4000.00,Sales,,,,,,,,goods,Omexa Flowgrip Vertical Wireless Mouse,1,,,Active,,,PKR 3200.00,Cost of Goods Sold,,Wireless,Inventory Asset,,fifo,,,,,5,Inventory,true,true,true
8884630000000723136,Omexa Folding wireless Keyboard,010000005257,Check warranty,PKR 7000.00,Sales,,,,,,,,goods,Omexa Folding wireless Keyboard,1,,,Active,,,PKR 5500.00,Cost of Goods Sold,,Wireless,Inventory Asset,,fifo,,,,,2,Inventory,true,true,true
8884630000000723188,login L403 Type-c black 30W Fast Charger,010000005264,1 year warranty,PKR 1700.00,Sales,,,,,,,,goods,login L403 Type-c black 30W Fast Charger,1,,,Active,,,PKR 850.00,Cost of Goods Sold,,,Inventory Asset,,fifo,,,,,1,Inventory,true,true,true
8884630000000723197,login L602 30W IOS Golden Car Charger,010000003925,1 year warranty,PKR 1650.00,Sales,,,,,,,,goods,login L602 30W IOS Golden Car Charger,1,,,Active,,,PKR 750.00,Cost of Goods Sold,,,Inventory Asset,,fifo,,,,,1,Inventory,true,true,true
8884630000000723206,login L301 typeC  handsfree (earphone ) black,010000003901,Counter check warranty ,PKR 1150.00,Sales,,,,,,,,goods,login L301 typeC  handsfree (earphone ) black,1,,,Active,,,PKR 520.00,Cost of Goods Sold,,,Inventory Asset,,fifo,,,,,1,Inventory,true,true,true
8884630000000731245,Mobile Inifinix Hot 60i,ih60,"4G, 6.7"" screen, 6GB, 5160 mAh battery, 50 MP camera",PKR 57000.00,Sales,,,,,,,,goods,Mobile Inifinix Hot 60i,1,,,Active,,,PKR 43800.00,Cost of Goods Sold,,,Inventory Asset,,fifo,,,,,0,Inventory,true,true,true
8884630000000731254,Mobile Villaon Hyper 100,vh100,"6.75"" screen, 6GB, 5000 mAh battery, 13MP camera",PKR 29500.00,Sales,,,,,,,,goods,Mobile Villaon Hyper 100,1,,,Active,,,PKR 26000.00,Cost of Goods Sold,,,Inventory Asset,,fifo,,,,,0,Inventory,true,true,true
8884630000000731263,Mobile VGO Tel 15 Pro,vt15p,"4G, 6.56” screen, 4GB, 5000 mAh battery, 13MP + 8MP Camera",PKR 24500.00,Sales,,,,,,,,goods,Mobile VGO Tel 15 Pro,1,,,Active,,,PKR 21800.00,Cost of Goods Sold,,,Inventory Asset,,fifo,,,,,0,Inventory,true,true,true
8884630000000731272,Oraimo (Spacebuds Neo plus) ANC+ENC Ear buds Black,100005048,Offer Rs.  3500,PKR 4700.00,Sales,,,,,,,,goods,Oraimo (Spacebuds Neo plus) ANC+ENC Ear buds Black,1,,,Active,,,PKR 2000.00,Cost of Goods Sold,,,Inventory Asset,,fifo,,,,,0,Inventory,true,true,true
8884630000000731338,Mobile Villaon V50S,mv50s,"4G Dual Sim, 6.52” screen, 4GB, 4000 mAh Battery, 8MP+5 MP Camera",PKR 25000.00,Sales,,,,,,,,goods,Mobile Villaon V50S,1,,,Active,,,PKR 21000.00,Cost of Goods Sold,,,Inventory Asset,,fifo,,,,,0,Inventory,true,true,true
8884630000000761069,Dell 22' P2217H Monitor - used,010000004014,Check warranty,PKR 12000.00,Sales,,,,,,,,goods,Dell 22' P2217H Monitor - used,1,,,Active,,,PKR 9000.00,Cost of Goods Sold,,,Inventory Asset,,fifo,,,,,1,Inventory,true,true,true
8884630000000794001,login L902 Data Cable iOS (USB to IOS) 1m white,010000004052,,PKR 750.00,Sales,,,,,,,,goods,login L902 Data Cable iOS (USB to IOS) 1m white,1,,,Active,,,PKR 300.00,Cost of Goods Sold,,,Inventory Asset,,fifo,,,,,2,Inventory,true,true,true
8884630000000794010,login L301 typeC  handsfree (earphone ) white,010000003994,Counter check warranty ,PKR 1000.00,Sales,,,,,,,,goods,login L301 typeC  handsfree (earphone ) white,1,,,Inactive,,,PKR 520.00,Cost of Goods Sold,,,Inventory Asset,,fifo,,,,,0,Inventory,true,true,true
8884630000000794019,login L310 3.5mm handsfree (earphone ) black,010000004045,Counter check warranty ,PKR 750.00,Sales,,,,,,,,goods,login L310 3.5mm handsfree (earphone ) black,1,,,Inactive,,,PKR 370.00,Cost of Goods Sold,,,Inventory Asset,,fifo,,,,,0,Inventory,true,true,true
8884630000000794028,login L600 22.5W typeC white  Car Charger,010000004175,1 year warranty,PKR 1350.00,Sales,,,,,,,,goods,login L600 22.5W typeC white  Car Charger,1,,,Active,,,PKR 630.00,Cost of Goods Sold,,,Inventory Asset,,fifo,,,,,1,Inventory,true,true,true
8884630000000794037,login L414 45W IOS (lightning) Fast Charger,010000003987,1 year warranty,PKR 3000.00,Sales,,,,,,,,goods,login L414 45W IOS (lightning) Fast Charger,1,,,Active,,,PKR 1650.00,Cost of Goods Sold,,,Inventory Asset,,fifo,,,,,1,Inventory,true,true,true
8884630000000791072,"MSI MAG 255F X24 FHD 25"" Monitor",010000003918,10 months warranty,PKR 43000.00,Sales,,,,,,,,goods,"MSI MAG 255F X24 FHD 25"" Monitor",1,,,Active,,,PKR 36500.00,Cost of Goods Sold,,"1920x1080 + IPS panel, 240Hz refresh rate",Inventory Asset,,fifo,,,,,1,Inventory,true,true,true
8884630000000791081,"MSI MAG 245F X24 FHD 24"" Monitor",010000004007,10 months warranty,PKR 41000.00,Sales,,,,,,,,goods,"MSI MAG 245F X24 FHD 24"" Monitor",1,,,Active,,,PKR 36500.00,Cost of Goods Sold,,"1920x1080 + IPS panel, 240Hz refresh rate, and 1ms response Time",Inventory Asset,,fifo,,,,,1,Inventory,true,true,true
8884630000000811004,login L292 HF Black Wireless Headphone,25352718281,1 year warranty,PKR 4050.00,Sales,,,,,,,,goods,login L292 HF Black Wireless Headphone,12,,,Inactive,,,PKR 2550.00,Cost of Goods Sold,,Wireless,Inventory Asset,,fifo,,,,,0,Inventory,true,true,true
8884630000000821001,login L904 Data Cable PD to PD (typeC to typeC) 1m,0100005000,,PKR 850.00,Sales,,,,,,,,goods,login L904 Data Cable PD to PD (typeC to typeC) 1m,12,,,Active,,,PKR 330.00,Cost of Goods Sold,,,Inventory Asset,,fifo,,,,,1,Inventory,true,true,true
8884630000000855017,Grey Lan Cat6 Cable 1.5m,glcc,,PKR 350.00,Sales,,,,,,,,goods,Grey Lan Cat6 Cable 1.5m,12,,,Active,,,PKR 0.00,Cost of Goods Sold,,,Inventory Asset,,fifo,,,,,0,Inventory,true,true,true
8884630000000855027,Camelion 3v Cr2025 Cell,c3v,,PKR 150.00,Sales,,,,,,,,goods,Camelion 3v Cr2025 Cell,12,,,Active,,,PKR 0.00,Cost of Goods Sold,,,Inventory Asset,,fifo,,,,,3,Inventory,true,true,true
8884630000000873062,login L411 20W TypeC (PD) yellow Charger,0100005005,1 year warranty,PKR 2000.00,Sales,,,,,,,,goods,login L411 20W TypeC (PD) yellow Charger,1,,,Active,,,PKR 1070.00,Cost of Goods Sold,,,Inventory Asset,,fifo,,,,,2,Inventory,true,true,true
8884630000000873071,login L904 Data Cable IOS (USB to IOS) 1m,0100005007,,PKR 850.00,Sales,,,,,,,,goods,login L904 Data Cable IOS (USB to IOS) 1m,1,,,Active,,,PKR 300.00,Cost of Goods Sold,,,Inventory Asset,,fifo,,,,,1,Inventory,true,true,true
8884630000000873080,login L904 Data Cable PD to PD (typeC to typeC) 1m,1234235432547,,PKR 750.00,Sales,,,,,,,,goods,login L904 Data Cable PD to PD (typeC to typeC) 1m,1,,,Inactive,,,PKR 330.00,Cost of Goods Sold,,,Inventory Asset,,fifo,,,,,0,Inventory,true,true,true
8884630000000873089,login L292 HF Black Wireless Headphone,0100005006,1 year warranty,PKR 4050.00,Sales,,,,,,,,goods,login L292 HF Black Wireless Headphone,1,,,Active,,,PKR 2550.00,Cost of Goods Sold,,Wireless,Inventory Asset,,fifo,,,,,2,Inventory,true,true,true
8884630000000905028,Return Item,9999999999999,,PKR 0.00,Sales,,,,,,,,goods,Return Item,1,,,Active,,,PKR 0.00,Cost of Goods Sold,,,Inventory Asset,,,,,,,,Sales and Purchases,true,true,false
8884630000000917011,Ugreen 3M HDMI Cable 4K,127843621840,,PKR 3500.00,Sales,,,,,,,,goods,Ugreen 3M HDMI Cable 4K,1,,,Active,,,PKR 1800.00,Cost of Goods Sold,,,Inventory Asset,,fifo,,,,,0,Inventory,true,true,true
8884630000000939001,Intel i5 3470 + MIH61R mobo + 275W PSU pkg - used,0100005001,15 days warranty,PKR 12000.00,Sales,,,,,,,,goods,Intel i5 3470 + MIH61R mobo + 4gb DDR3 ram + 275W PSU pkg - used,1,,,Active,,,PKR 6000.00,Cost of Goods Sold,,,Inventory Asset,,fifo,,,,,1,Inventory,true,true,true
8884630000000939010,Dell normal case - used,0100005002,,PKR 1500.00,Sales,,,,,,,,goods,Dell normal case - used,1,,,Active,,,PKR 1000.00,Cost of Goods Sold,,,Inventory Asset,,fifo,,,,,1,Inventory,true,true,true
8884630000000939019,Intel i5 9400F + MSI H310M pro Vdh plus mobo pkg - used,0100005004,15 days warranty,PKR 29000.00,Sales,,,,,,,,goods,Intel i5 9400F + MSI H310M pro Vdh plus mobo pkg - used,1,,,Active,,,PKR 25000.00,Cost of Goods Sold,,,Inventory Asset,,fifo,,,,,1,Inventory,true,true,true
8884630000000939028,Intel i7 9700K + Z370M DS3H CF mobo pkg - used,0100005003,15 days warranty,PKR 32000.00,Sales,,,,,,,,goods,Intel i7 9700K + Z370M DS3H CF mobo pkg - used,1,,,Active,,,PKR 24000.00,Cost of Goods Sold,,,Inventory Asset,,fifo,,,,,0,Inventory,true,true,true
8884630000000939074,Intel i3 10100F CPU + Gigabyte H410M H V3 mobo pkg - used,0100005010,15 days warranty,PKR 25000.00,Sales,,,,,,,,goods,Intel i3 10100F CPU + Gigabyte H410M H V3 mobo pkg - used,1,,,Active,,,PKR 21000.00,Cost of Goods Sold,,,Inventory Asset,,fifo,,,,,1,Inventory,true,true,true
8884630000000939083,XPG D60G 8gb 3200mhz DDR4 ram - used,0100005011,15 days warranty,PKR 15500.00,Sales,,,,,,,,goods,XPG D60G 8gb 3200mhz DDR4 ram - used,1,,,Active,,,PKR 7000.00,Cost of Goods Sold,,,Inventory Asset,,fifo,,,,,1,Inventory,true,true,true
8884630000000939092,XPG D50 8gb 3200Mhz DDR4 ram - used,0100005012,15 days warranty,PKR 13500.00,Sales,,,,,,,,goods,XPG D50 8gb 3200Mhz DDR4 ram - used,1,,,Active,,,PKR 7000.00,Cost of Goods Sold,,,Inventory Asset,,fifo,,,,,1,Inventory,true,true,true
8884630000000939101,Lexar NM610 250gb Nvme - used,26071208,15 days warranty,PKR 6500.00,Sales,,,,,,,,goods,Lexar NM610 250gb Nvme - used,1,,,Inactive,,,PKR 4000.00,Cost of Goods Sold,,,Inventory Asset,,fifo,,,,,0,Inventory,true,true,true
8884630000000939110,Lexar NS100 256gb Ssd - used,0100005013,,PKR 8000.00,Sales,,,,,,,,goods,Lexar NS100 256gb Ssd - used,1,,,Active,,,PKR 4000.00,Cost of Goods Sold,,,Inventory Asset,,fifo,,,,,1,Inventory,true,true,true
8884630000000939119,Deep cool Gammaxx GT Argb black Air cooler - used,010005014,,PKR 4000.00,Sales,,,,,,,,goods,Deep cool Gammaxx GT Argb black Air cooler - used,1,,,Active,,,PKR 3000.00,Cost of Goods Sold,,,Inventory Asset,,fifo,,,,,0,Inventory,true,true,true
8884630000000939128,Corsair CX750 750W 80+ bronze Psu - used,0100005015,15 days warranty,PKR 10000.00,Sales,,,,,,,,goods,Corsair CX750 750W 80+ bronze Psu - used,1,,,Active,,,PKR 7000.00,Cost of Goods Sold,,,Inventory Asset,,fifo,,,,,0,Inventory,true,true,true
8884630000000939235,Intel i3 4130 CPU + mobo + 8gb DDR3 ram + PSU + Acer mini case pkg - used,0100001000,15 days warranty,PKR 13500.00,Sales,,,,,,,,goods,Intel i3 4130 CPU + mobo + 8gb DDR3 ram + PSU + Acer mini case pkg - used,1,,,Active,,,PKR 7000.00,Cost of Goods Sold,,,Inventory Asset,,fifo,,,,,1,Inventory,true,true,true
8884630000000955056,login L301 3.5mm handsfree (earphone ) white,100005022,Counter check warranty,PKR 950.00,Sales,,,,,,,,goods,login L301 3.5mm handsfree (earphone ) white,1,,,Active,,,PKR 390.00,Cost of Goods Sold,,,Inventory Asset,,fifo,,,,,1,Inventory,true,true,true
8884630000000955065,login L414 45W typeC (PD) Fast Charger,100005021,1 year warranty,PKR 3000.00,Sales,,,,,,,,goods,login L414 45W typeC (PD) Fast Charger,1,,,Active,,,PKR 1600.00,Cost of Goods Sold,,,Inventory Asset,,fifo,,,,,1,Inventory,true,true,true
8884630000000962018,login L901 Data Cable PD to PD (typeC to TypeC) 1.2m White ORIV,100005046,,PKR 750.00,Sales,,,,,,,,goods,login L901 Data Cable PD to PD (typeC to TypeC) 1.2m White ORIV,1,,,Active,,,PKR 260.00,Cost of Goods Sold,,,Inventory Asset,,fifo,,,,,2,Inventory,true,true,true
8884630000000962065,login L901 Data Cable Iphone IOS (USB to IOS) 1.2m White,100005020,,PKR 650.00,Sales,,,,,,,,goods,login L901 Data Cable Iphone IOS (USB to IOS) 1.2m White,1,,,Active,,,PKR 250.00,Cost of Goods Sold,,,Inventory Asset,,fifo,,,,,1,Inventory,true,true,true
8884630000000962083,login L302 3.5mm handsfree (earphone),100005009,Counter check warranty,PKR 800.00,Sales,,,,,,,,goods,login L302 3.5mm handsfree (earphone),1,,,Active,,,PKR 330.00,Cost of Goods Sold,,,Inventory Asset,,fifo,,,,,1,Inventory,true,true,true
8884630000000962092,login L303 3.5mm handsfree (earphone ),100005027,Counter check warranty,PKR 750.00,Sales,,,,,,,,goods,login L303 3.5mm handsfree (earphone ),1,,,Active,,,PKR 240.00,Cost of Goods Sold,,,Inventory Asset,,fifo,,,,,1,Inventory,true,true,true
8884630000000966001,login L901 Data Cable PD to lightning (typeC to IOS) 1.2m White ORIV,100005008,,PKR 750.00,Sales,,,,,,,,goods,login L901 Data Cable PD to lightning (typeC to IOS) 1.2m White ORIV,1,,,Active,,,PKR 330.00,Cost of Goods Sold,,,Inventory Asset,,fifo,,,,,1,Inventory,true,true,true
8884630000000976008,Gaming Mouse Libriza,100005031,,PKR 1550.00,Sales,,,,,,,,goods,Gaming Mouse Libriza,1,,,Active,,,PKR 750.38,Cost of Goods Sold,,,Inventory Asset,,fifo,,,,,2,Inventory,true,true,true
8884630000000976017,Super B5U handsfree (Earphone) 3.5mm,100005032,,PKR 250.00,Sales,,,,,,,,goods,Super B5U handsfree (Earphone) 3.5mm,1,,,Active,,,PKR 93.00,Cost of Goods Sold,,,Inventory Asset,,fifo,,,,,2,Inventory,true,true,true
8884630000000976026,Z08 Car Charger 3.1A,100005033,,PKR 650.00,Sales,,,,,,,,goods,Z08 Car Charger 3.1A,1,,,Active,,,PKR 242.00,Cost of Goods Sold,,,Inventory Asset,,fifo,,,,,2,Inventory,true,true,true
8884630000000976035,Blue Grip MP,100005034,,PKR 200.00,Sales,,,,,,,,goods,Blue Grip MP,1,,,Active,,,PKR 82.00,Cost of Goods Sold,,,Inventory Asset,,fifo,,,,,0,Inventory,true,true,true
8884630000000976044,Card Reader Usb,5,,PKR 100.00,Sales,,,,,,,,goods,Card Reader Usb,1,,,Active,,,PKR 36.00,Cost of Goods Sold,,,Inventory Asset,,fifo,,,,,2,Inventory,true,true,true
8884630000000976053,Card Reader micro,6,,PKR 150.00,Sales,,,,,,,,goods,Card Reader micro,1,,,Active,,,PKR 71.00,Cost of Goods Sold,,,Inventory Asset,,fifo,,,,,2,Inventory,true,true,true
8884630000000976062,Sony ECMX5 Mic 3.5mm,100005023,,PKR 750.00,Sales,,,,,,,,goods,Sony ECMX5 Mic 3.5mm,1,,,Active,,,PKR 348.00,Cost of Goods Sold,,,Inventory Asset,,fifo,,,,,1,Inventory,true,true,true
8884630000000976071,Branded Power Cable 2 pin,8,,PKR 400.00,Sales,,,,,,,,goods,Branded Power Cable 2 pin,1,,,Active,,,PKR 60.00,Cost of Goods Sold,,,Inventory Asset,,fifo,,,,,5,Inventory,true,true,true
8884630000000976080,HDMI Cable 3M,9,,PKR 850.00,Sales,,,,,,,,goods,HDMI Cable 3M,1,,,Active,,,PKR 428.00,Cost of Goods Sold,,,Inventory Asset,,fifo,,,,,1,Inventory,true,true,true
8884630000000976089,M10 V5.3 Ear buds,100005026,,PKR 1250.00,Sales,,,,,,,,goods,M10 V5.3 Ear buds,1,,,Active,,,PKR 603.00,Cost of Goods Sold,,,Inventory Asset,,fifo,,,,,1,Inventory,true,true,true
8884630000000976098,Printer Cable 1.5M,100005035,,PKR 450.00,Sales,,,,,,,,goods,Printer Cable 1.5M,1,,,Active,,,PKR 133.00,Cost of Goods Sold,,,Inventory Asset,,fifo,,,,,2,Inventory,true,true,true
8884630000000976107,USB to LAN Adapter Converter,100005036,,PKR 1000.00,Sales,,,,,,,,goods,USB to LAN Adapter Converter,1,,,Active,,,PKR 563.00,Cost of Goods Sold,,,Inventory Asset,,fifo,,,,,2,Inventory,true,true,true
8884630000000976116,TypeC to HDMI Converter 3 in 1,100005024,,PKR 1550.00,Sales,,,,,,,,goods,TypeC to HDMI Converter 3 in 1,1,,,Active,,,PKR 900.00,Cost of Goods Sold,,,Inventory Asset,,fifo,,,,,0,Inventory,true,true,true
8884630000000976125,XT02 Remote Control Selfie Stick & Tripod,100005037,,PKR 800.00,Sales,,,,,,,,goods,XT02 Remote Control Selfie Stick & Tripod,1,,,Active,,,PKR 375.00,Cost of Goods Sold,,,Inventory Asset,,fifo,,,,,2,Inventory,true,true,true
8884630000000976134,L29 pro Rocky Handsfree (Earphone) 3.5mm,100005038,,PKR 250.00,Sales,,,,,,,,goods,L29 pro Rocky Handsfree (Earphone) 3.5mm,1,,,Active,,,PKR 100.00,Cost of Goods Sold,,,Inventory Asset,,fifo,,,,,1,Inventory,true,true,true
8884630000000976143,Dell Wireless Mouse nano,100005044,,PKR 1000.00,Sales,,,,,,,,goods,Dell Wireless Mouse nano,1,,,Active,,,PKR 440.00,Cost of Goods Sold,,Wireless,Inventory Asset,,fifo,,,,,3,Inventory,true,true,true
8884630000000976152,Halo stick pro Spotlight Selfie stick & Tripod 5.5 ft BT,100005025,,PKR 2250.00,Sales,,,,,,,,goods,Halo stick pro Spotlight Selfie stick & Tripod 5.5 ft BT,1,,,Active,,,PKR 1046.00,Cost of Goods Sold,,,Inventory Asset,,fifo,,,,,1,Inventory,true,true,true
8884630000000976161,P47 Wireless Headphone,100005039,,PKR 1500.00,Sales,,,,,,,,goods,P47 Wireless Headphone,1,,,Active,,,PKR 608.00,Cost of Goods Sold,,,Inventory Asset,,fifo,,,,,1,Inventory,true,true,true
8884630000000976170,M80 TypeC handsfree (earphone ),100005042,,PKR 600.00,Sales,,,,,,,,goods,M80 TypeC handsfree (earphone ),1,,,Active,,,PKR 271.00,Cost of Goods Sold,,,Inventory Asset,,fifo,,,,,1,Inventory,true,true,true
8884630000000976357,Laptop Repair,laptopsvc,,PKR 500.00,Sales,,,,,,,,service,Laptop Repair,1,,,Active,,,PKR 0.00,Cost of Goods Sold,,,Inventory Asset,,,,,,,,Sales and Purchases,true,true,false
8884630000000990114,Rapoo NX1600 Wired Black Keyboard Combo,100005016,1 month warranty,PKR 3000.00,Sales,,,,,,,,goods,Rapoo NX1600 Wired Black Keyboard Combo,1,,,Active,,,PKR 2200.00,Cost of Goods Sold,,,Inventory Asset,,fifo,,,,,1,Inventory,true,true,true
8884630000000990123,Rapoo X1500 Pro wireless Black Keyboard combo,100005017,1 month warranty,PKR 4500.00,Sales,,,,,,,,goods,Rapoo X1500 Pro wireless Black Keyboard combo,1,,,Active,,,PKR 3500.00,Cost of Goods Sold,,Wireless,Inventory Asset,,fifo,,,,,1,Inventory,true,true,true
8884630000000990201,Ugreen 3M HDMI Cable 4K,100005030,,PKR 3500.00,Sales,,,,,,,,goods,Ugreen 3M HDMI Cable 4K,1,,,Active,,,PKR 1800.00,Cost of Goods Sold,,,Inventory Asset,,fifo,,,,,2,Inventory,true,true,true
8884630000000999057,Intel i5 10400F CPU + H410M V3 Mobo pkg - used,100005018,15 days warranty,PKR 32000.00,Sales,,,,,,,,goods,Intel i5 10400F CPU + H410M V3 Mobo pkg - used,1,,,Active,,,PKR 26000.00,Cost of Goods Sold,,,Inventory Asset,,fifo,,,,,0,Inventory,true,true,true
8884630000000999066,NZXT Normal Case - used,32,,PKR 6000.00,Sales,,,,,,,,goods,NZXT Normal Case - used,1,,,Active,,,PKR 4000.00,Cost of Goods Sold,,,Inventory Asset,,fifo,,,,,0,Inventory,true,true,true
8884630000000999075,"Samsung S27A600UUN 27"" Monitor - used",33,15 days warranty,PKR 35000.00,Sales,,,,,,,,goods,"Samsung S27A600UUN 27"" Monitor - used",1,,,Inactive,,,PKR 30000.00,Cost of Goods Sold,,"IPS Panel, 75HZ",Inventory Asset,,fifo,,,,,0,Inventory,true,true,true
8884630000001020001,Asus Prime B760M A DDR4 Motherboard,100005050,10 months warranty,PKR 36000.00,Sales,,,,,,,,goods,Asus Prime B760M A DDR4 Motherboard,1,,,Active,,,PKR 32500.00,Cost of Goods Sold,,,Inventory Asset,,fifo,,,,,2,Inventory,true,true,true
8884630000001020010,UGreen 10128 HDMI 1.5m cable,100005049,,PKR 2000.00,Sales,,,,,,,,goods,UGreen 10128 HDMI 1.5m cable,1,,,Active,,,PKR 1350.00,Cost of Goods Sold,,,Inventory Asset,,fifo,,,,,1,Inventory,true,true,true
8884630000001020120,Intel i3 12100F Tray CPU - used,100005051,15 days warranty,PKR 25000.00,Sales,,,,,,,,goods,Intel i3 12100F Tray CPU - used,1,,,Active,,,PKR 19500.00,Cost of Goods Sold,,,Inventory Asset,,fifo,,,,,0,Inventory,true,true,true
8884630000001025056,Ronin OTG TypeC to USB (Converter) Connector,100005054,,PKR 950.00,Sales,,,,,,,,goods,Ronin OTG TypeC to USB (Converter) Connector,1,,,Active,,,PKR 350.00,Cost of Goods Sold,,,Inventory Asset,,fifo,,,,,2,Inventory,true,true,true
8884630000001026001,Ryzen 5 7500F Tray CPU,100005074,10 months warranty,PKR 36000.00,Sales,,,,,,,,goods,Ryzen 5 7500F Tray CPU,12,,,Active,,,PKR 35000.00,Cost of Goods Sold,,,Inventory Asset,,fifo,,,,,1,Inventory,true,true,true
8884630000001034001,Ronin R29 Handsfree (earphone) 3.5mm,100005052,,PKR 990.00,Sales,,,,,,,,goods,Ronin R29 Handsfree (earphone) 3.5mm,12,,,Active,,,PKR 385.00,Cost of Goods Sold,,,Inventory Asset,,fifo,,,,,1,Inventory,true,true,true
8884630000001035001,Ronin R9 Handsfree (earphone) 3.5mm,100005053,,PKR 1090.00,Sales,,,,,,,,goods,Ronin R9 Handsfree (earphone) 3.5mm,12,,,Active,,,PKR 490.00,Cost of Goods Sold,,,Inventory Asset,,fifo,,,,,0,Inventory,true,true,true
8884630000001036001,Ronin R-29 Handsfree (earphone) TypeC,100005055,,PKR 1200.00,Sales,,,,,,,,goods,Ronin R-29 Handsfree (earphone) TypeC,12,,,Active,,,PKR 575.00,Cost of Goods Sold,,,Inventory Asset,,fifo,,,,,2,Inventory,true,true,true
8884630000001025144,Cooler master  500W PSU - Used,100005077,,PKR 7500.00,Sales,,,,,,,,goods,Cooler master  500W PSU - Used,1,,,Active,,,PKR 6500.00,Cost of Goods Sold,,Exchange with our PSU,Inventory Asset,,fifo,,,,,1,Inventory,true,true,true
8884630000001025153,Zotac GTX 1060 3GB GPU - Used,100005078,15 days warranty,PKR 30000.00,Sales,,,,,,,,goods,Zotac GTX 1060 3GB GPU - Used,1,,,Active,,,PKR 26000.00,Cost of Goods Sold,,,Inventory Asset,,fifo,,,,,1,Inventory,true,true,true
8884630000001044147,Bloody ES7 Panda Gaming Mouse,100005056,1 Month warranty,PKR 3600.00,Sales,,,,,,,,goods,Bloody ES7 Panda Gaming Mouse,1,,,Active,,,PKR 2590.00,Cost of Goods Sold,,,Inventory Asset,,fifo,,,,,2,Inventory,true,true,true
8884630000001044156,Bloody ES8 Stone Black Gaming Mouse,100005057,1 Month warranty,PKR 3500.00,Sales,,,,,,,,goods,Bloody ES8 Stone Black Gaming Mouse,1,,,Active,,,PKR 2490.00,Cost of Goods Sold,,,Inventory Asset,,fifo,,,,,2,Inventory,true,true,true
8884630000001044165,Bloody ES8 Panda White Gaming Mouse,100005058,1 Month warranty,PKR 3600.00,Sales,,,,,,,,goods,Bloody ES8 Panda White Gaming Mouse,1,,,Active,,,PKR 2490.00,Cost of Goods Sold,,,Inventory Asset,,fifo,,,,,2,Inventory,true,true,true
8884630000001044174,Bloody S98 Sports Lime Mechanical Gaming Keyboard,100005059,1 Month Warranty,PKR 11500.00,Sales,,,,,,,,goods,Bloody S98 Sports Lime Mechanical Gaming Keyboard,1,,,Active,,,PKR 9700.00,Cost of Goods Sold,,,Inventory Asset,,fifo,,,,,1,Inventory,true,true,true
8884630000001044437,Ugreen AC650 11AC dual band Wifi wireless USB adapter,26072101,,PKR 3500.00,Sales,,,,,,,,goods,Ugreen AC650 11AC dual band Wifi wireless USB adapter,1,,,Inactive,,,PKR 3000.00,Cost of Goods Sold,,,Inventory Asset,,fifo,,,,,0,Inventory,true,true,true
8884630000001044462,Branded Keyboard,100005069,check warranty,PKR 1400.00,Sales,,,,,,,,goods,Branded Keyboard,1,,,Active,,,PKR 630.00,Cost of Goods Sold,,,Inventory Asset,,fifo,,,,,10,Inventory,true,true,true
8884630000001044471,Dell Simple Mouse,100005070,check warranty,PKR 500.00,Sales,,,,,,,,goods,Dell Simple Mouse,1,,,Active,,,PKR 195.00,Cost of Goods Sold,,,Inventory Asset,,fifo,,,,,10,Inventory,true,true,true
8884630000001044480,HP H120 Headphone,100005063,check warranty,PKR 3500.00,Sales,,,,,,,,goods,HP H120 Headphone,1,,,Active,,,PKR 3000.00,Cost of Goods Sold,,,Inventory Asset,,fifo,,,,,2,Inventory,true,true,true
8884630000001044489,HP M260 Gaming Mouse,100005064,check warranty,PKR 3200.00,Sales,,,,,,,,goods,HP M260 Gaming Mouse,1,,,Active,,,PKR 2550.00,Cost of Goods Sold,,,Inventory Asset,,fifo,,,,,2,Inventory,true,true,true
8884630000001044498,Gaming 360 controller,100005065,check warranty,PKR 2700.00,Sales,,,,,,,,goods,Gaming 360 controller,1,,,Active,,,PKR 1850.00,Cost of Goods Sold,,,Inventory Asset,,fifo,,,,,1,Inventory,true,true,true
8884630000001044507,Wireless Numeric pad,100005060,check warranty,PKR 1850.00,Sales,,,,,,,,goods,Wireless Numeric pad,1,,,Active,,,PKR 1250.00,Cost of Goods Sold,,,Inventory Asset,,fifo,,,,,1,Inventory,true,true,true
8884630000001044519,"3.5"" HDD Case (Enclosure)",100005061,check warranty,PKR 2850.00,Sales,,,,,,,,goods,"3.5"" HDD Case (Enclosure)",1,,,Active,,,PKR 1950.00,Cost of Goods Sold,,,Inventory Asset,,fifo,,,,,1,Inventory,true,true,true
8884630000001044531,USB to SATA Converter (adapter),100005062,check warranty,PKR 1000.00,Sales,,,,,,,,goods,USB to SATA Converter (adapter),1,,,Active,,,PKR 480.00,Cost of Goods Sold,,,Inventory Asset,,fifo,,,,,1,Inventory,true,true,true
8884630000001044540,Alfa Auto Wireless Wifi Adapter,100005066,check warranty,PKR 550.00,Sales,,,,,,,,goods,Alfa Auto Wireless Wifi Adapter,1,,,Active,,,PKR 290.00,Cost of Goods Sold,,,Inventory Asset,,fifo,,,,,2,Inventory,true,true,true
8884630000001044552,1Link Wirelss Wifi Adapter,100005067,check warranty,PKR 1450.00,Sales,,,,,,,,goods,1Link w135 Wirelss Wifi Adapter,1,,,Active,,,PKR 650.00,Cost of Goods Sold,,,Inventory Asset,,fifo,,,,,1,Inventory,true,true,true
8884630000001044561,Alfa U07 Wirelss Wifi Adapter,100005068,check warranty,PKR 950.00,Sales,,,,,,,,goods,Alfa U07 Wirelss Wifi Adapter,1,,,Active,,,PKR 490.00,Cost of Goods Sold,,,Inventory Asset,,fifo,,,,,2,Inventory,true,true,true
8884630000001044580,Aoqelo Gaming Headphone,100005071,check warranty,PKR 3850.00,Sales,,,,,,,,goods,Aoqelo Gaming Headphone,1,,,Active,,,PKR 2600.00,Cost of Goods Sold,,,Inventory Asset,,fifo,,,,,2,Inventory,true,true,true
8884630000001066001,Maxsun Challenger B650M Wifi DDR5 Motherboard - used,100005121,15 days warranty,PKR 25000.00,Sales,,,,,,,,goods,Maxsun Challenger B650M Wifi DDR5 Motherboard - used,1,,,Active,,,PKR 22500.00,Cost of Goods Sold,,,Inventory Asset,,fifo,,,,,1,Inventory,true,true,true
8884630000001066010,Lexar single 16GB 5600MHz DDR5 Ram,100005072,10 months warranty,PKR 55000.00,Sales,,,,,,,,goods,Lexar single 16GB 5600MHz DDR5 Ram,1,,,Active,,,PKR 50500.00,Cost of Goods Sold,,,Inventory Asset,,fifo,,,,,0,Inventory,true,true,true
8884630000001066045,DeepCool PN750D 80+ Gold Psu - used,100005073,15 days warranty,PKR 17000.00,Sales,,,,,,,,goods,DeepCool PN750D 80+ Gold Psu - used,1,,,Active,,,PKR 8500.00,Cost of Goods Sold,,,Inventory Asset,,fifo,,,,,1,Inventory,true,true,true
8884630000001066254,Laptop Battery,26071801,,PKR 0.00,Sales,,,,,,,,goods,Laptop Battery,1,,,Inactive,,,PKR 0.00,Cost of Goods Sold,,,Inventory Asset,,fifo,,,,,0,Inventory,true,true,true
8884630000001080015,DeepCool White Air Cooler - used,100005014,,PKR 4000.00,Sales,,,,,,,,goods,DeepCool White Air Cooler - used,1,,,Active,,,PKR 2000.00,Cost of Goods Sold,,,Inventory Asset,,fifo,,,,,0,Inventory,true,true,true
8884630000001080048,Intel i5 10400F CPU + H410M V3 Mobo pkg - used,100005079,15 days warranty,PKR 32000.00,Sales,,,,,,,,goods,Intel i5 10400F CPU + H410M V3 Mobo pkg - used,1,,,Active,,,PKR 26000.00,Cost of Goods Sold,,,Inventory Asset,,fifo,,,,,1,Inventory,true,true,true
8884630000001080173,"LG 23MB35PM/D 23"" Monitor - Used",1232134,"check warranty
",PKR 14000.00,Sales,,,,,,,,goods,"LG 23MB35PM/D 23"" Monitor - Used",1,,,Active,,,PKR 12000.00,Cost of Goods Sold,,"IPS Panel, 60/75 Hz",Inventory Asset,,fifo,,,,,1,Inventory,true,true,true
8884630000001080182,"Asus VS197DE 18.5"" Monitor - Used",14321312,,PKR 7000.00,Sales,,,,,,,,goods,"Asus VS197DE 18.5"" Monitor - Used",1,,,Active,,,PKR 5000.00,Cost of Goods Sold,,,Inventory Asset,,fifo,,,,,1,Inventory,true,true,true
8884630000001080191,MSI Geforce N210 1GB GPU (used),234234234,,PKR 3000.00,Sales,,,,,,,,goods,MSI Geforce N210 1GB GPU (used),1,,,Active,,,PKR 2000.00,Cost of Goods Sold,,,Inventory Asset,,fifo,,,,,1,Inventory,true,true,true
8884630000001080257,Lenovo TypeC 45W Laptop Charger,864732642,,PKR 3000.00,Sales,,,,,,,,goods,Laptop Lenovo Thinkpad 45W TypeC charger,1,,,Active,,,PKR 2000.00,Cost of Goods Sold,,,Inventory Asset,,fifo,,,,,0,Inventory,true,true,true
8884630000001097014,login L302 3.5mm handsfree (earphone),100005105,Counter check warranty,PKR 800.00,Sales,,,,,,,,goods,login L302 3.5mm handsfree (earphone),1,,,Active,,,PKR 330.00,Cost of Goods Sold,,,Inventory Asset,,fifo,,,,,1,Inventory,true,true,true
8884630000001097023,login L303 3.5mm handsfree (earphone),100005106,Counter check warranty,PKR 750.00,Sales,,,,,,,,goods,login L303 3.5mm handsfree (earphone),1,,,Active,,,PKR 240.00,Cost of Goods Sold,,,Inventory Asset,,fifo,,,,,1,Inventory,true,true,true
8884630000001097032,login L301 typeC handsfree (earphone) black,100005107,Counter check warranty,PKR 1150.00,Sales,,,,,,,,goods,login L301 typeC handsfree (earphone) black,1,,,Active,,,PKR 520.00,Cost of Goods Sold,,,Inventory Asset,,fifo,,,,,1,Inventory,true,true,true
8884630000001097041,login L904 Data Cable PD to PD (typeC to typeC) 1m Grey,100005109,,PKR 850.00,Sales,,,,,,,,goods,login L904 Data Cable PD to PD (typeC to typeC) 1m Grey,1,,,Active,,,PKR 330.00,Cost of Goods Sold,,,Inventory Asset,,fifo,,,,,1,Inventory,true,true,true
8884630000001097053,login L904 Data Cable PD to PD (typeC to typeC) 1m orange,100005108,,PKR 850.00,Sales,,,,,,,,goods,login L904 Data Cable PD to PD (typeC to typeC) 1m orange,1,,,Active,,,PKR 330.00,Cost of Goods Sold,,,Inventory Asset,,fifo,,,,,1,Inventory,true,true,true
8884630000001097062,login L901 Data Cable Iphone IOS (USB to IOS) 1.2m ORIV,100005110,,PKR 750.00,Sales,,,,,,,,goods,login L901 Data Cable Iphone IOS (USB to IOS) 1.2m White,1,,,Active,,,PKR 250.00,Cost of Goods Sold,,,Inventory Asset,,fifo,,,,,1,Inventory,true,true,true
8884630000001097071,login L310 3.5mm handsfree (earphone ) black,27,check warranty,PKR 750.00,Sales,,,,,,,,goods,login L310 3.5mm handsfree (earphone ) black,1,,,Inactive,,,PKR 370.00,Cost of Goods Sold,,,Inventory Asset,,fifo,,,,,0,Inventory,true,true,true
8884630000001097080,login L1947 Data Cable Micro 1m white,100005150,,PKR 250.00,Sales,,,,,,,,goods,login L1947 Data Cable Micro 1m white,1,,,Active,,,PKR 111.00,Cost of Goods Sold,,,Inventory Asset,,fifo,,,,,2,Inventory,true,true,true
8884630000001097089,login L121 Data cable micro 1.2m White,100005111,,PKR 350.00,Sales,,,,,,,,goods,login L121 Data cable micro 1.2m White,1,,,Active,,,PKR 140.00,Cost of Goods Sold,,,Inventory Asset,,fifo,,,,,1,Inventory,true,true,true
8884630000001097098,Login L410 18W Micro Fast Charger,100005123,1 year warranty,PKR 1250.00,Sales,,,,,,,,goods,Login L410 18W Micro Fast Charger,1,,,Active,,,PKR 570.00,Cost of Goods Sold,,,Inventory Asset,,fifo,,,,,2,Inventory,true,true,true
8884630000001097107,login L301 IOS handsfree (earphone ) white,100005080,Counter check warranty,PKR 1950.00,Sales,,,,,,,,goods,login L301 IOS handsfree (earphone ) white,1,,,Active,,,PKR 1200.00,Cost of Goods Sold,,,Inventory Asset,,fifo,,,,,1,Inventory,true,true,true
8884630000001107346,Mobile Profit,99999999,,PKR 500.00,Sales,,,,,,,,goods,Mobile Profit,1,,,Active,,,PKR 0.00,Cost of Goods Sold,,,Inventory Asset,,,,,,,,Sales and Purchases,true,true,false
8884630000001144039,HyperX cloud stinger wired headphone - open box,100005124,15 days warranty,PKR 4500.00,Sales,,,,,,,,goods,HyperX cloud stinger wired headphone - open box,1,,,Active,,,PKR 3500.00,Cost of Goods Sold,,,Inventory Asset,,fifo,,,,,2,Inventory,true,true,true
8884630000001144048,HyperX cloud stinger S wired headphone - open box,100005112,15 days warranty,PKR 5500.00,Sales,,,,,,,,goods,HyperX cloud stinger S headphone - open box,1,,,Active,,,PKR 4500.00,Cost of Goods Sold,,,Inventory Asset,,fifo,,,,,1,Inventory,true,true,true
8884630000001144057,Corsair HS60 Pro wired headphone - box open,100005160,15 days warranty,PKR 8000.00,Sales,,,,,,,,goods,Corsair HS60 Pro wired headphone - box open,1,,,Active,,,PKR 6500.00,Cost of Goods Sold,,,Inventory Asset,,fifo,,,,,4,Inventory,true,true,true
8884630000001164039,Green Wifi + Bluetooth USB adapter,26080301,,PKR 2500.00,Sales,,,,,,,,goods,Green Wifi + Bluetooth USB adapter,1,,,Active,,,PKR 1500.00,Cost of Goods Sold,,,Inventory Asset,,fifo,,,,,0,Inventory,true,true,true
8884630000001172001,Ryzen 5 7500F Tray CPU,100005125,10 months warranty,PKR 35500.00,Sales,,,,,,,,goods,Ryzen 5 7500F Tray CPU,1,,,Active,,,PKR 32500.00,Cost of Goods Sold,,,Inventory Asset,,fifo,,,,,2,Inventory,true,true,true
8884630000001172010,Ryzen 7 7700 CPU,100005097,10 months warranty,PKR 55500.00,Sales,,,,,,,,goods,Ryzen 7 7700 CPU,1,,,Active,,,PKR 52000.00,Cost of Goods Sold,,,Inventory Asset,,fifo,,,,,1,Inventory,true,true,true
8884630000001172019,Gigabyte B550M Aorus Elite AM4 Motherboard,100005098,10 months warranty,PKR 35000.00,Sales,,,,,,,,goods,Gigabyte B550M Aorus Elite AM4 Motherboard,1,,,Active,,,PKR 31500.00,Cost of Goods Sold,,,Inventory Asset,,fifo,,,,,1,Inventory,true,true,true
8884630000001175001,Skhynix 16GB 3200Mhz DDR4 Laptop Ram - Used,8754355677,,PKR 18500.00,Sales,,,,,,,,goods,Synix 16GB 3200Mhz DDR4 Ram - Used,12,,,Active,,,PKR 8400.00,Cost of Goods Sold,,,Inventory Asset,,fifo,,,,,5,Inventory,true,true,true
8884630000001172105,"Samsung 32"" 4K 60Hz Borderless Monitor - used",4,15 days warranty,PKR 45000.00,Sales,,,,,,,,goods,"Samsung 32"" Monitor - used",1,,,Active,,,PKR 41250.00,Cost of Goods Sold,,,Inventory Asset,,fifo,,,,,2,Inventory,true,true,true
8884630000001193045,HY510 20ml Paste,4382647832,,PKR 700.00,Sales,,,,,,,,goods,HY510 20ml Thermal Paste,1,,,Active,,,PKR 0.00,Cost of Goods Sold,,,Inventory Asset,,fifo,,,,,0,Inventory,true,true,true
8884630000001193054,GD900 30g Paste,98327432421,,PKR 3000.00,Sales,,,,,,,,goods,GD900 30g Thermal Paste,1,,,Active,,,PKR 0.00,Cost of Goods Sold,,,Inventory Asset,,fifo,,,,,0,Inventory,true,true,true
8884630000001193063,GD900 7g Paste,2134436534645,,PKR 1000.00,Sales,,,,,,,,goods,GD900 7g Thermal Paste,1,,,Active,,,PKR 0.00,Cost of Goods Sold,,,Inventory Asset,,fifo,,,,,0,Inventory,true,true,true
8884630000001193178,Kingston 16GB USB,23489823,,PKR 1650.00,Sales,,,,,,,,goods,Kingston 16GB USB,1,,,Inactive,,,PKR 800.00,Cost of Goods Sold,,,Inventory Asset,,fifo,,,,,0,Inventory,true,true,true
8884630000001193187,HP 8GB USB,546346532346,,PKR 1350.00,Sales,,,,,,,,goods,HP 8GB USB,1,,,Active,,,PKR 600.00,Cost of Goods Sold,,,Inventory Asset,,fifo,,,,,2,Inventory,true,true,true
8884630000001193248,Dell 65W Laptop Charger,323453653465421,,PKR 1900.00,Sales,,,,,,,,goods,Dell 65W Laptop Charger,1,,,Active,,,PKR 1100.00,Cost of Goods Sold,,,Inventory Asset,,fifo,,,,,1,Inventory,true,true,true
8884630000001193257,Lenovo Idea pad Laptop Charger 90W,3512353215423123,,PKR 1850.00,Sales,,,,,,,,goods,Lenovo Idea pad Laptop Charger 90W,1,,,Active,,,PKR 1000.00,Cost of Goods Sold,,,Inventory Asset,,fifo,,,,,2,Inventory,true,true,true
8884630000001193271,Camera Charger 12V 5A,436534264326,,PKR 1900.00,Sales,,,,,,,,goods,Camera Charger 12V 5A,1,,,Inactive,,,PKR 1000.00,Cost of Goods Sold,,,Inventory Asset,,fifo,,,,,0,Inventory,true,true,true
8884630000001193355,HP Blue pin 65W Laptop Charger,2343654356432,,PKR 1800.00,Sales,,,,,,,,goods,HP Blue pin 65W Laptop Charger,1,,,Active,,,PKR 1000.00,Cost of Goods Sold,,,Inventory Asset,,fifo,,,,,2,Inventory,true,true,true
8884630000001193364,Dell 90W Laptop Charger,62346234534523,,PKR 1600.00,Sales,,,,,,,,goods,Dell 90W Laptop Charger,1,,,Active,,,PKR 800.00,Cost of Goods Sold,,,Inventory Asset,,fifo,,,,,2,Inventory,true,true,true
8884630000001193378,Laptop Power Cable (2 Pronged),5754364323,,PKR 450.00,Sales,,,,,,,,goods,Laptop Power Cable (2 Pronged),1,,,Active,,,PKR 150.00,Cost of Goods Sold,,,Inventory Asset,,fifo,,,,,2,Inventory,true,true,true
8884630000001193387,Laptop Power Cable (3 Pronged),324634563453,,PKR 550.00,Sales,,,,,,,,goods,Laptop Power Cable (3 Pronged),1,,,Active,,,PKR 200.00,Cost of Goods Sold,,,Inventory Asset,,fifo,,,,,3,Inventory,true,true,true
8884630000001193475,HP Center pin 90W Laptop Charger,3213156464,,PKR 1600.00,Sales,,,,,,,,goods,HP Center pin 90W Laptop Charger,1,,,Active,,,PKR 800.00,Cost of Goods Sold,,,Inventory Asset,,fifo,,,,,2,Inventory,true,true,true
8884630000001193484,Lenovo Idea pad 45W Laptop Charger,23453512432543,,PKR 1400.00,Sales,,,,,,,,goods,Lenovo Idea pad 45W Laptop Charger,1,,,Active,,,PKR 600.00,Cost of Goods Sold,,,Inventory Asset,,fifo,,,,,2,Inventory,true,true,true
8884630000001193493,Lenovo Gol pin 65W Laptop Charger,5436457123543,,PKR 1400.00,Sales,,,,,,,,goods,Lenovo Gol pin 65W Laptop Charger,1,,,Active,,,PKR 600.00,Cost of Goods Sold,,,Inventory Asset,,fifo,,,,,2,Inventory,true,true,true
8884630000001193563,1TB  Laptop HDD - Used,4364576457,,PKR 10000.00,Sales,,,,,,,,goods,1TB  Laptop HDD - Used,1,,,Active,,,PKR 8000.00,Cost of Goods Sold,,,Inventory Asset,,fifo,,,,,3,Inventory,true,true,true
8884630000001193572,500GB Laptop HDD - Used,9990242144221241,,PKR 4400.00,Sales,,,,,,,,goods,500GB Laptop HDD - Used,1,,,Active,,,PKR 3400.00,Cost of Goods Sold,,,Inventory Asset,,fifo,,,,,2,Inventory,true,true,true
8884630000001193581,256GB NVME - Used,12432532,,PKR 11500.00,Sales,,,,,,,,goods,256GB NVME - Used,1,,,Active,,,PKR 7500.00,Cost of Goods Sold,,,Inventory Asset,,fifo,,,,,3,Inventory,true,true,true
8884630000001193590,128GB NVMe - Used,325436436,,PKR 6500.00,Sales,,,,,,,,goods,128GB NVMe - Used,1,,,Active,,,PKR 4000.00,Cost of Goods Sold,,,Inventory Asset,,fifo,,,,,2,Inventory,true,true,true
8884630000001193599,8GB DDR3 Laptop Ram - Used,35436457543,,PKR 4250.00,Sales,,,,,,,,goods,8GB DDR3 Laptop Ram - Used,1,,,Active,,,PKR 2700.00,Cost of Goods Sold,,,Inventory Asset,,fifo,,,,,1,Inventory,true,true,true
8884630000001193608,4GB DDR3 (PC3L) Laptop Ram - Used,2143543214,,PKR 2000.00,Sales,,,,,,,,goods,4GB DDR3 Laptop Ram - Used,1,,,Active,,,PKR 1200.00,Cost of Goods Sold,,,Inventory Asset,,fifo,,,,,1,Inventory,true,true,true
8884630000001193617,4GB DDR4 Laptop Ram - Used,35436456,,PKR 6000.00,Sales,,,,,,,,goods,4GB DDR4 Laptop Ram - Used,1,,,Active,,,PKR 4000.00,Cost of Goods Sold,,,Inventory Asset,,fifo,,,,,1,Inventory,true,true,true
8884630000001193626,8GB DDR4 Laptop Ram - Used,78532523532,,PKR 12500.00,Sales,,,,,,,,goods,8GB DDR4 Laptop Ram - Used,1,,,Active,,,PKR 7500.00,Cost of Goods Sold,,,Inventory Asset,,fifo,,,,,2,Inventory,true,true,true
8884630000001198126,Kioxia 512GB NVME (85P)- Used,534652345,,PKR 17600.00,Sales,,,,,,,,goods,Kioxia 512GB NVME (85P)- Used,1,,,Active,,,PKR 7600.00,Cost of Goods Sold,,,Inventory Asset,,fifo,,,,,1,Inventory,true,true,true
8884630000001198135,Kioxia 512GB NVME (99P) - Used,354365343221,,PKR 18100.00,Sales,,,,,,,,goods,Kioxia 512GB NVME (99P) - Used,1,,,Active,,,PKR 7600.00,Cost of Goods Sold,,,Inventory Asset,,fifo,,,,,1,Inventory,true,true,true
8884630000001198144,SK Hynix 512GB NVME - Used,43523612534543,,PKR 18000.00,Sales,,,,,,,,goods,SK Hynix 512GB NVME - Used,1,,,Active,,,PKR 7600.00,Cost of Goods Sold,,,Inventory Asset,,fifo,,,,,1,Inventory,true,true,true
8884630000001198159,Kingston 500GB Nvme - Used,62149812321432,,PKR 19600.00,Sales,,,,,,,,goods,Kingston 500GB Nvme - Used,1,,,Active,,,PKR 7600.00,Cost of Goods Sold,,,Inventory Asset,,fifo,,,,,1,Inventory,true,true,true
8884630000001198268,Laptop Standard Bag,7777001,,PKR 1000.00,Sales,,,,,,,,goods,Laptop Standard Bag,1,,,Active,,,PKR 500.00,Cost of Goods Sold,,,Inventory Asset,,fifo,,,,,1,Inventory,true,true,true
8884630000001198282,Laptop Premium Bag (DELL),777702,,PKR 2800.00,Sales,,,,,,,,goods,Laptop Premium Bag (DELL),1,,,Active,,,PKR 1800.00,Cost of Goods Sold,,,Inventory Asset,,fifo,,,,,0,Inventory,true,true,true
8884630000001198291,Laptop Standard Sleeve (Black HP) (bag),777703,,PKR 1000.00,Sales,,,,,,,,goods,Laptop Standard Sleeve (Black HP) (bag),1,,,Active,,,PKR 500.00,Cost of Goods Sold,,,Inventory Asset,,fifo,,,,,0,Inventory,true,true,true
8884630000001198300,Laptop Standard Sleeve (Blue DELL) (bag),777704,,PKR 1100.00,Sales,,,,,,,,goods,Laptop Standard Sleeve (Blue DELL) (bag),1,,,Active,,,PKR 500.00,Cost of Goods Sold,,,Inventory Asset,,fifo,,,,,0,Inventory,true,true,true
8884630000001198309,Laptop Leather Pouch (bag),777705,,PKR 2650.00,Sales,,,,,,,,goods,Laptop Leather Pouch (bag),1,,,Active,,,PKR 1300.00,Cost of Goods Sold,,,Inventory Asset,,fifo,,,,,2,Inventory,true,true,true
8884630000001198318,Laptop Premium Sleeve (Black) (bag),777706,,PKR 3100.00,Sales,,,,,,,,goods,Laptop Premium Sleeve (Black) (bag),1,,,Active,,,PKR 1800.00,Cost of Goods Sold,,,Inventory Asset,,fifo,,,,,1,Inventory,true,true,true
8884630000001198327,Laptop Premium Sleeve (Grey) (bag),777707,,PKR 3200.00,Sales,,,,,,,,goods,Laptop Premium Sleeve (Grey) (bag),1,,,Active,,,PKR 1800.00,Cost of Goods Sold,,,Inventory Asset,,fifo,,,,,1,Inventory,true,true,true
8884630000001198346,Laptop Leather Sleeve (Dark Blue Dell) (bag),777709,,PKR 2200.00,Sales,,,,,,,,goods,Laptop Leather Sleeve (Dark Blue Dell) (bag),1,,,Active,,,PKR 1000.00,Cost of Goods Sold,,,Inventory Asset,,fifo,,,,,1,Inventory,true,true,true
8884630000001201018,4GB DDR3 (PC3L) Laptop Ram - Used,12364556321,,PKR 2000.00,Sales,,,,,,,,goods,4GB DDR3 Laptop Ram - Used,1,,,Active,,,PKR 1100.00,Cost of Goods Sold,,,Inventory Asset,,fifo,,,,,2,Inventory,true,true,true
8884630000001201197,4GB DDR3 Laptop Ram - Used,214235436523,,PKR 1900.00,Sales,,,,,,,,goods,4GB DDR3 (PC3L) Laptop Ram - Used,1,,,Inactive,,,PKR 1000.00,Cost of Goods Sold,,,Inventory Asset,,fifo,,,,,0,Inventory,true,true,true
8884630000001201415,Branded Power cable 3 pin,powercable,,PKR 750.00,Sales,,,,,,,,goods,Branded Power cable 3 pin,1,,,Active,,,PKR 270.00,Cost of Goods Sold,,,Inventory Asset,,fifo,,,,,90,Inventory,true,true,true
8884630000001237006,Ryzen 5 7500F Tray CPU - used,100005100,15 days warranty,PKR 28000.00,Sales,,,,,,,,goods,Ryzen 5 7500F Tray CPU - used,1,,,Active,,,PKR 22000.00,Cost of Goods Sold,,,Inventory Asset,,fifo,,,,,0,Inventory,true,true,true
8884630000001237053,Asus Prime A320M F DDR4 motherboard - used,100005101,15 days warranty,PKR 9500.00,Sales,,,,,,,,goods,Asus Prime A320M F DDR4 motherboard - used,1,,,Active,,,PKR 6000.00,Cost of Goods Sold,,Without I/O Shield,Inventory Asset,,fifo,,,,,1,Inventory,true,true,true
8884630000001237062,Lexar NM620 256gb nvme - Used,100005099,15 days warranty,PKR 12000.00,Sales,,,,,,,,goods,Lexar NM620 256gb nvme - Used,1,,,Active,,,PKR 4000.00,Cost of Goods Sold,,,Inventory Asset,,fifo,,,,,1,Inventory,true,true,true
8884630000001237071,1st player X4M Case - used,100075199,without fans 8500,PKR 9000.00,Sales,,,,,,,,goods,1st player X4M Case - used,1,,,Active,,,PKR 4000.00,Cost of Goods Sold,,,Inventory Asset,,fifo,,,,,0,Inventory,true,true,true
8884630000001237080,Thunder Crook Black Case - used,3012,without fans 6000,PKR 6500.00,Sales,,,,,,,,goods,Thunder Crook Black Case - used,1,,,Active,,,PKR 4000.00,Cost of Goods Sold,,,Inventory Asset,,fifo,,,,,0,Inventory,true,true,true
8884630000001237089,Redragon Case - used,180005200,,PKR 8500.00,Sales,,,,,,,,goods,Redragon Case - used,1,,,Active,,,PKR 3500.00,Cost of Goods Sold,,,Inventory Asset,,fifo,,,,,0,Inventory,true,true,true
8884630000001237098,NZXT Case - used,3014,,PKR 5500.00,Sales,,,,,,,,goods,NZXT Case - used,1,,,Active,,,PKR 4000.00,Cost of Goods Sold,,,Inventory Asset,,fifo,,,,,1,Inventory,true,true,true
8884630000001251143,320GB Laptop HDD - USED,43653465,,PKR 2500.00,Sales,,,,,,,,goods,320GB Laptop HDD - USED,1,,,Active,,,PKR 1400.00,Cost of Goods Sold,,,Inventory Asset,,fifo,,,,,1,Inventory,true,true,true
8884630000001262094,4GB DDR3 Ram - Used,3289467823,,PKR 2000.00,Sales,,,,,,,,goods,4GB DDR3 Ram - Used,1,,,Inactive,,,PKR 1000.00,Cost of Goods Sold,,,Inventory Asset,,fifo,,,,,0,Inventory,true,true,true
8884630000001262228,Samsung 970 Evo Plus 500gb Nvme,8364823213,6 months warranty,PKR 25000.00,Sales,,,,,,,,goods,Samsung 970 Evo Plus 500gb Nvme,1,,,Active,,,PKR 8500.00,Cost of Goods Sold,,,Inventory Asset,,fifo,,,,,1,Inventory,true,true,true
8884630000001262237,Crucial 500GB SSD,563455743452,6 months warranty,PKR 18500.00,Sales,,,,,,,,goods,Crucial 500GB SSD,1,,,Active,,,PKR 8500.00,Cost of Goods Sold,,,Inventory Asset,,fifo,,,,,2,Inventory,true,true,true
8884630000001262251,Dell Single 8GB 2666Mhz DDR4 RAM,923478972364,6 months warranty,PKR 17500.00,Sales,,,,,,,,goods,Dell Single 8GB 2666Mhz DDR4 RAM,1,,,Active,,,PKR 8500.00,Cost of Goods Sold,,,Inventory Asset,,fifo,,,,,3,Inventory,true,true,true
8884630000001262473,8GB 2400Mhz DDR4 Laptop Ram - Used,8726348126,,PKR 12000.00,Sales,,,,,,,,goods,8GB 2400Mhz DDR4 Laptop Ram - Used,1,,,Active,,,PKR 5750.00,Cost of Goods Sold,,,Inventory Asset,,fifo,,,,,2,Inventory,true,true,true
8884630000001278001,Zotac Twin Edge RTX 3060 12GB GPU - used,dship-1508202601,15 days warranty,PKR 85500.00,Sales,,,,,,,,goods,Zotac Twin Edge RTX 3060 12GB GPU - used,1,,,Inactive,,,PKR 83000.00,Cost of Goods Sold,,,Inventory Asset,,fifo,,,,,0,Inventory,true,true,true
8884630000001280142,Lenovo G50-70 Full Body,8657647378i7,,PKR 8500.00,Sales,,,,,,,,goods,Lenovo G50-70 Full Body,1,,,Active,,,PKR 7000.00,Cost of Goods Sold,,,Inventory Asset,,fifo,,,,,0,Inventory,true,true,true
8884630000001280151,Charging port,786446348979,,PKR 2200.00,Sales,,,,,,,,goods,Charging port,1,,,Active,,,PKR 1200.00,Cost of Goods Sold,,,Inventory Asset,,fifo,,,,,0,Inventory,true,true,true
8884630000001280253,Universal Type-C Laptop Charger,4652346534,,PKR 2900.00,Sales,,,,,,,,goods,Universal Type-C Laptop Charger,1,,,Active,,,PKR 1900.00,Cost of Goods Sold,,,Inventory Asset,,fifo,,,,,2,Inventory,true,true,true
8884630000001284016,HP Yellow pin 65W Laptop Charger,64535466332412,,PKR 1800.00,Sales,,,,,,,,goods,HP Yellow pin 65W Laptop Charger,1,,,Active,,,PKR 600.00,Cost of Goods Sold,,,Inventory Asset,,fifo,,,,,1,Inventory,true,true,true
8884630000001283022,Laptop Battery,12123121321423,,PKR 3800.00,Sales,,,,,,,,goods,Laptop Battery,1,,,Active,,,PKR 2800.00,Cost of Goods Sold,,,Inventory Asset,,fifo,,,,,0,Inventory,true,true,true
8884630000001287132,Lenovo Ideapad Flex 15 Laptop,6821638712,,PKR 30000.00,Sales,,,,,,,,goods,Lenovo Ideapad Flex 15 Laptop,1,,,Active,,,PKR 14000.00,Cost of Goods Sold,,"Core i5 4th Gen, 8GB Ram, 256GB SSD, DDR3",Inventory Asset,,fifo,,,,,1,Inventory,true,true,true
8884630000001287141,Lenovo Tablet Touchpad Tab,87623812123,,PKR 5000.00,Sales,,,,,,,,goods,Lenovo Tab,1,,,Active,,,PKR 1000.00,Cost of Goods Sold,,,Inventory Asset,,fifo,,,,,1,Inventory,true,true,true
8884630000001278124,EVGA FTW GTX 1070 8GB GPU - Used,100005013,15 days warranty,PKR 44000.00,Sales,,,,,,,,goods,EVGA FTW GTX 1070 8GB GPU - Used,1,,,Active,,,PKR 39000.00,Cost of Goods Sold,,,Inventory Asset,,fifo,,,,,1,Inventory,true,true,true
8884630000001295001,Intel i5 10400F CPU + Gigabyte H510M H mobo PKG - used,100005102,15 days warranty,PKR 30000.00,Sales,,,,,,,,goods,Intel i5 10400F CPU + Gigabyte H510M H mobo PKG - used,1,,,Active,,,PKR 23000.00,Cost of Goods Sold,,,Inventory Asset,,fifo,,,,,1,Inventory,true,true,true
8884630000001295155,login L901 Data Cable Lightning IOS (Usb to IOS) 1.2m ORIV,786243781,,PKR 750.00,Sales,,,,,,,,goods,login L901 Data Cable PD to lightning (typeC to IOS) 1.2m White,1,,,Active,,,PKR 330.00,Cost of Goods Sold,,,Inventory Asset,,fifo,,,,,2,Inventory,true,true,true
8884630000001295164,login L904 Data Cable IOS (USB to IOS) 1m white,2143252352,,PKR 850.00,Sales,,,,,,,,goods,login L904 Data Cable IOS (USB to IOS) 1m white,1,,,Active,,,PKR 300.00,Cost of Goods Sold,,,Inventory Asset,,fifo,,,,,2,Inventory,true,true,true
8884630000001295173,login L901 Data Cable PD to lightning (typeC to IOS) 1.2m ORIV,35346232143,,PKR 750.00,Sales,,,,,,,,goods,login L901 Data Cable PD to lightning (typeC to IOS) 1.2m White,1,,,Active,,,PKR 350.00,Cost of Goods Sold,,,Inventory Asset,,fifo,,,,,2,Inventory,true,true,true
8884630000001295496,Dell Latitude 7420 Laptop,1233253253,,PKR 95000.00,Sales,,,,,,,,goods,Dell Latitude 7420,1,,,Active,,,PKR 75000.00,Cost of Goods Sold,,,Inventory Asset,,fifo,,,,,0,Inventory,true,true,true
8884630000001309001,Cap Tech Laptop Bag,4643534512,,PKR 1500.00,Sales,,,,,,,,goods,Cap Tech Laptop Bag,1,,,Active,,,PKR 0.00,Cost of Goods Sold,,,Inventory Asset,,fifo,,,,,1,Inventory,true,true,true
8884630000001309132,HP Chromebook Laptop,8732648712487,,PKR 14000.00,Sales,,,,,,,,goods,HP Chromebook Laptop,1,,,Active,,,PKR 9000.00,Cost of Goods Sold,,"4GB Ram, 32GB Storage",Inventory Asset,,fifo,,,,,2,Inventory,true,true,true
8884630000001309147,Lenovo T460 Laptop,8723469812,,PKR 52000.00,Sales,,,,,,,,goods,Lenovo T460 Laptop,1,,,Active,,,PKR 37000.00,Cost of Goods Sold,,"Core i7 6th Gen, 12GB Ram, 256GB SSD, DDR4",Inventory Asset,,fifo,,,,,0,Inventory,true,true,true
8884630000001314001,2666Mhz DDR4 8GB Laptop Ram - Used,43645723543643,,PKR 12500.00,Sales,,,,,,,,goods,2666Mhz DDR4 8GB Laptop Ram - Used,1,,,Active,,,PKR 6000.00,Cost of Goods Sold,,,Inventory Asset,,fifo,,,,,1,Inventory,true,true,true
8884630000001314010,3200Mhz DDR4 8GB Laptop Ram,28492112623874,,PKR 13500.00,Sales,,,,,,,,goods,3200Mhz DDR4 8GB Laptop Ram,1,,,Active,,,PKR 6000.00,Cost of Goods Sold,,,Inventory Asset,,fifo,,,,,2,Inventory,true,true,true
8884630000001314022,2666Mhz DDR4 16GB Laptop Ram - USed,868746198252,,PKR 16000.00,Sales,,,,,,,,goods,2666Mhz DDR4 16GB Laptop Ram - USed,1,,,Active,,,PKR 8000.00,Cost of Goods Sold,,,Inventory Asset,,fifo,,,,,1,Inventory,true,true,true
8884630000001314031,Dell Single 8GB 2666Mhz DDR4 RAM,862384528463,6 Months warranty,PKR 17500.00,Sales,,,,,,,,goods,Dell Single 8GB 2666Mhz DDR4 RAM,1,,,Active,,,PKR 8000.00,Cost of Goods Sold,,,Inventory Asset,,fifo,,,,,3,Inventory,true,true,true
8884630000001323201,HikSemi Hiker 16Gb 5600Mhz DDR5 Ram - used,drop-2008202601,15 days warranty,PKR 45000.00,Sales,,,,,,,,goods,HikSemi Hiker 16Gb 5600Mhz DDR5 Ram - used,1,,,Active,,,PKR 30000.00,Cost of Goods Sold,,,Inventory Asset,,fifo,,,,,1,Inventory,true,true,true
8884630000001327001,Gigabyte Turbo Edition RTX 3090 24Gb GPU - used,348236458273657823,15 days warranty,PKR 260000.00,Sales,,,,,,,,goods,Gigabyte Turbo Edition RTX 3090 24Gb GPU - used,1,,,Active,,,PKR 245000.00,Cost of Goods Sold,,,Inventory Asset,,fifo,,,,,0,Inventory,true,true,true
8884630000001327155,Samsung 970 Evo Plus 500gb Nvme,24364523546,6 Months warranty,PKR 25000.00,Sales,,,,,,,,goods,Samsung 970 Evo Plus 500gb Nvme,1,,,Active,,,PKR 10000.00,Cost of Goods Sold,,,Inventory Asset,,fifo,,,,,5,Inventory,true,true,true
8884630000001327229,keyboard for laptop,435646235345,,PKR 3500.00,Sales,,,,,,,,goods,keyboard for laptop,1,,,Active,,,PKR 2500.00,Cost of Goods Sold,,,Inventory Asset,,fifo,,,,,0,Inventory,true,true,true
8884630000001339059,Dell i5 3rd Gen PC - used,100005081,15 days warranty,PKR 10000.00,Sales,,,,,,,,goods,Dell i5 3rd Gen PC - used,1,,,Active,,,PKR 5000.00,Cost of Goods Sold,,i5 3rd cpu + dell mih61r mobo 250watt psu dell simple case,Inventory Asset,,fifo,,,,,1,Inventory,true,true,true
8884630000001339068,Desktop 8GB DDR3 RAM - used,100005082,15 days warranty,PKR 5000.00,Sales,,,,,,,,goods,Desktop 8GB DDR3 RAM - used,1,,,Active,,,PKR 2500.00,Cost of Goods Sold,,,Inventory Asset,,fifo,,,,,1,Inventory,true,true,true
8884630000001339080,Seagate 500gb PC HDD - used,100005083,15 days warranty,PKR 4000.00,Sales,,,,,,,,goods,Seagate 500gb PC HDD - used,1,,,Active,,,PKR 3000.00,Cost of Goods Sold,,,Inventory Asset,,fifo,,,,,1,Inventory,true,true,true
8884630000001339089,Dell E2011Hc VGA Monitor - used,100005084,15 days warranty,PKR 5000.00,Sales,,,,,,,,goods,Dell E2011Hc VGA Monitor - used,1,,,Active,,,PKR 4000.00,Cost of Goods Sold,,,Inventory Asset,,fifo,,,,,1,Inventory,true,true,true
8884630000001339098,Aukey PC W3 Webcam - used,100005085,15 days warranty,PKR 3000.00,Sales,,,,,,,,goods,Aukey PC W3 Webcam - used,1,,,Active,,,PKR 2000.00,Cost of Goods Sold,,,Inventory Asset,,fifo,,,,,1,Inventory,true,true,true
8884630000001339107,TP Link TL WN722N - used,100005086,15 days warranty,PKR 2000.00,Sales,,,,,,,,goods,TP Link TL WN722N - used,1,,,Active,,,PKR 1000.00,Cost of Goods Sold,,,Inventory Asset,,fifo,,,,,1,Inventory,true,true,true
8884630000001339178,Zotac Extreme GTX 760 2GB GPU - used,100005087,15 days warranty,PKR 16000.00,Sales,,,,,,,,goods,Zotac Extreme GTX 760 2GB GPU - used,1,,,Active,,,PKR 12500.00,Cost of Goods Sold,,,Inventory Asset,,fifo,,,,,0,Inventory,true,true,true
8884630000001339232,1tb PC HDD - used,100005126,,PKR 8500.00,Sales,,,,,,,,goods,1tb PC HDD - used,1,,,Active,,,PKR 7500.00,Cost of Goods Sold,,,Inventory Asset,,fifo,,,,,2,Inventory,true,true,true
8884630000001339241,2TB PC HDD - used,100005127,,PKR 15500.00,Sales,,,,,,,,goods,2TB PC HDD - used,1,,,Active,,,PKR 11500.00,Cost of Goods Sold,,,Inventory Asset,,fifo,,,,,2,Inventory,true,true,true
8884630000001339250,SSD 256gb - used,100005131,15 days warranty,PKR 9000.00,Sales,,,,,,,,goods,SSD 256gb - used,1,,,Active,,,PKR 7200.00,Cost of Goods Sold,,,Inventory Asset,,fifo,,,,,2,Inventory,true,true,true
8884630000001339259,NVMe 256gb - used,100005091,,PKR 9500.00,Sales,,,,,,,,goods,NVMe 256gb - used,1,,,Active,,,PKR 8000.00,Cost of Goods Sold,,,Inventory Asset,,fifo,,,,,1,Inventory,true,true,true
8884630000001339277,Desktop 2GB DDR3 RAM - used,100005139,15 days warranty,PKR 2000.00,Sales,,,,,,,,goods,Desktop 2GB DDR3 RAM - used,1,,,Active,,,PKR 800.00,Cost of Goods Sold,,,Inventory Asset,,fifo,,,,,1,Inventory,true,true,true
8884630000001339286,Desktop 4GB DDR3 RAM - used,100005132,15 days warranty,PKR 3500.00,Sales,,,,,,,,goods,Desktop 4GB DDR3 RAM - used,1,,,Active,,,PKR 1400.00,Cost of Goods Sold,,,Inventory Asset,,fifo,,,,,2,Inventory,true,true,true
8884630000001339295,Desktop 8GB DDR3 RAM - used,100005133,15 days warranty,PKR 4500.00,Sales,,,,,,,,goods,Desktop 8GB DDR3 RAM - used,1,,,Active,,,PKR 3000.00,Cost of Goods Sold,,,Inventory Asset,,fifo,,,,,2,Inventory,true,true,true
8884630000001339304,Foldd XL Rgb Mp,100005047,,PKR 3000.00,Sales,,,,,,,,goods,Foldd XL Rgb Mp,1,,,Active,,,PKR 1640.00,Cost of Goods Sold,,,Inventory Asset,,fifo,,,,,4,Inventory,true,true,true
8884630000001339346,Zotac twin edge RTx 3060 12gb GPU - used,100005113,15 days warranty,PKR 88000.00,Sales,,,,,,,,goods,Zotac twin edge RTx 3060 12gb GPU - used,1,,,Active,,,PKR 83000.00,Cost of Goods Sold,,,Inventory Asset,,fifo,,,,,1,Inventory,true,true,true
8884630000001339355,MSI gaming X Rtx 3060Ti 8gb GPU - used,100005114,15 days warranty,PKR 90000.00,Sales,,,,,,,,goods,MSI gaming X Rtx 3060Ti 8gb GPU - used,1,,,Active,,,PKR 84000.00,Cost of Goods Sold,,,Inventory Asset,,fifo,,,,,1,Inventory,true,true,true
8884630000001339373,Gainward Trifan Rtx 3070Ti 8gb GPU - used,100005092,15 days warranty,PKR 97000.00,Sales,,,,,,,,goods,Gainward Trifan Rtx 3070Ti 8gb GPU - used,1,,,Active,,,PKR 89000.00,Cost of Goods Sold,,,Inventory Asset,,fifo,,,,,1,Inventory,true,true,true
8884630000001339398,EVGA Supernova NEX 750W B 80+ bronze PSU - used,100005151,15 days warranty,PKR 12000.00,Sales,,,,,,,,goods,EVGA Supernova NEX 750W B 80+ bronze PSU - used,1,,,Active,,,PKR 6000.00,Cost of Goods Sold,,,Inventory Asset,,fifo,,,,,3,Inventory,true,true,true
8884630000001339407,EVGA Supernova 750W B2 80+ bronze PSU - used,100005392,15 days warranty,PKR 12000.00,Sales,,,,,,,,goods,EVGA Supernova 750W B2 80+ bronze PSU - used,1,,,Active,,,PKR 6000.00,Cost of Goods Sold,,,Inventory Asset,,fifo,,,,,1,Inventory,true,true,true
8884630000001339416,EVGA 700W GQ 80+ Gold PSU - used,190005193,15 days warranty,PKR 13000.00,Sales,,,,,,,,goods,EVGA 700W GQ 80+ Gold PSU - used,1,,,Active,,,PKR 6000.00,Cost of Goods Sold,,,Inventory Asset,,fifo,,,,,1,Inventory,true,true,true
8884630000001339425,Zalman ZM 600W LE 11 PSU - used,100000194,15 days warranty,PKR 7500.00,Sales,,,,,,,,goods,Zalman ZM 600W LE 11 80+ PSU - used,1,,,Active,,,PKR 6000.00,Cost of Goods Sold,,,Inventory Asset,,fifo,,,,,1,Inventory,true,true,true
8884630000001339434,Corsair Hx 650W 80+ bronze PSU - used,100045195,15 days warranty,PKR 10000.00,Sales,,,,,,,,goods,Corsair Hx 650W 80+ bronze PSU - used,1,,,Active,,,PKR 6000.00,Cost of Goods Sold,,,Inventory Asset,,fifo,,,,,1,Inventory,true,true,true
8884630000001339443,FSP Hydro K 700W 80+ Bronze PSU - used,800005196,15 days warranty,PKR 11000.00,Sales,,,,,,,,goods,FSP Hydro K 700W 80+ Bronze PSU - used,1,,,Active,,,PKR 6000.00,Cost of Goods Sold,,,Inventory Asset,,fifo,,,,,1,Inventory,true,true,true
8884630000001339452,Coolermaster 700W Silent Pro 80+ Bronze PSU - used,120005197,15 days warranty,PKR 11000.00,Sales,,,,,,,,goods,Coolermaster 700W Silent Pro 80+ Bronze PSU - used,1,,,Active,,,PKR 6000.00,Cost of Goods Sold,,,Inventory Asset,,fifo,,,,,1,Inventory,true,true,true
8884630000001339461,Antec True power 750W Blue 80+ Bronze PSU - used,100007198,15 days warranty,PKR 13000.00,Sales,,,,,,,,goods,Antec True power 750W Blue 80+ Bronze PSU - used,1,,,Active,,,PKR 6000.00,Cost of Goods Sold,,,Inventory Asset,,fifo,,,,,1,Inventory,true,true,true
8884630000001339470,XFX Speedster RX 6650XT 8gb GPU - used,101005209,15 days warranty,PKR 67500.00,Sales,,,,,,,,goods,XFX Speedster RX 6650XT 8gb GPU - used,1,,,Active,,,PKR 60500.00,Cost of Goods Sold,,,Inventory Asset,,fifo,,,,,1,Inventory,true,true,true
8884630000001344010,VXE R1 SE PLUS Black Mouse,100005148,1 month warranty,PKR 7500.00,Sales,,,,,,,,goods,VXE R1 SE PLUS Black Mouse,1,,,Active,,,PKR 6000.00,Cost of Goods Sold,,,Inventory Asset,,fifo,,,,,3,Inventory,true,true,true
8884630000001344019,VXE R1 SE PLUS White Mouse,100005149,1 month warranty,PKR 7500.00,Sales,,,,,,,,goods,VXE R1 SE PLUS White Mouse,1,,,Active,,,PKR 6000.00,Cost of Goods Sold,,,Inventory Asset,,fifo,,,,,3,Inventory,true,true,true
8884630000001344028,VXE R1 PRO Black Mouse,100005116,1 month warranty,PKR 13500.00,Sales,,,,,,,,goods,VXE R1 PRO Black Mouse,1,,,Active,,,PKR 12000.00,Cost of Goods Sold,,,Inventory Asset,,fifo,,,,,1,Inventory,true,true,true
8884630000001344057,Logitech G910 Orion RGB Mechanical Gaming Keyboard - used,100005117,15 days warranty,PKR 9000.00,Sales,,,,,,,,goods,Logitech G910 Orion RGB Mechanical Gaming Keyboard - used,1,,,Active,,,PKR 7000.00,Cost of Goods Sold,,,Inventory Asset,,fifo,,,,,1,Inventory,true,true,true
8884630000001344066,Corsair K70 RGB MK2 Keyboard - used,100005118,15 days warranty,PKR 9500.00,Sales,,,,,,,,goods,Corsair K70 RGB MK2 Keyboard - used,1,,,Active,,,PKR 7850.00,Cost of Goods Sold,,,Inventory Asset,,fifo,,,,,1,Inventory,true,true,true
8884630000001344075,HyperX Alloy Core RGB keyboard - used,100005119,15 days warranty,PKR 5000.00,Sales,,,,,,,,goods,HyperX Alloy Core RGB keyboard - used,1,,,Active,,,PKR 3700.00,Cost of Goods Sold,,,Inventory Asset,,fifo,,,,,1,Inventory,true,true,true
8884630000001344084,Dukey one 2 MIni keyboard - used,100005120,15 days warranty,PKR 6500.00,Sales,,,,,,,,goods,Dukey one 2 MIni keyboard - used,1,,,Active,,,PKR 5000.00,Cost of Goods Sold,,,Inventory Asset,,fifo,,,,,1,Inventory,true,true,true
8884630000001344202,Dell normal keyboard - used,100005115,15 days warranty,PKR 1000.00,Sales,,,,,,,,goods,Dell normal keyboard - used,1,,,Active,,,PKR 0.00,Cost of Goods Sold,,,Inventory Asset,,fifo,,,,,1,Inventory,true,true,true
8884630000001349032,Amaze Bluetooth Dongle,100005166,,PKR 1100.00,Sales,,,,,,,,goods,Amaze Bluetooth Dongle,1,,,Active,,,PKR 650.00,Cost of Goods Sold,,,Inventory Asset,,fifo,,,,,5,Inventory,true,true,true
8884630000001349041,SpeedX HDMI Cable 3m,100005165,,PKR 900.00,Sales,,,,,,,,goods,SpeedX HDMI Cable 3m,1,,,Active,,,PKR 400.00,Cost of Goods Sold,,,Inventory Asset,,fifo,,,,,5,Inventory,true,true,true
8884630000001349050,Amaze 2m HdMI Cable,100005146,,PKR 1800.00,Sales,,,,,,,,goods,Amaze 2m Hdmi Cable,1,,,Active,,,PKR 900.00,Cost of Goods Sold,,,Inventory Asset,,fifo,,,,,3,Inventory,true,true,true
8884630000001349059,SpeedX Cat6 Lan Cable 3m,100005164,,PKR 800.00,Sales,,,,,,,,goods,Cat6 Lan Cable 3m,1,,,Active,,,PKR 300.00,Cost of Goods Sold,,,Inventory Asset,,fifo,,,,,5,Inventory,true,true,true
8884630000001349068,White Cat6 Lan Cable 5m,100005137,,PKR 1050.00,Sales,,,,,,,,goods,Cat6 Lan Cable 5m,1,,,Active,,,PKR 420.00,Cost of Goods Sold,,,Inventory Asset,,fifo,,,,,2,Inventory,true,true,true
8884630000001349077,USB Extension Cable 1.5m,100005138,,PKR 400.00,Sales,,,,,,,,goods,USB Extension Cable 1.5m,1,,,Active,,,PKR 200.00,Cost of Goods Sold,,,Inventory Asset,,fifo,,,,,2,Inventory,true,true,true
8884630000001349137,Usb Extension Cable 3m,100005134,,PKR 600.00,Sales,,,,,,,,goods,Usb Extension Cable 3m,1,,,Active,,,PKR 300.00,Cost of Goods Sold,,,Inventory Asset,,fifo,,,,,2,Inventory,true,true,true
8884630000001349146,Usb Extension Cable 5m,100005095,,PKR 1000.00,Sales,,,,,,,,goods,Usb Extension Cable 5m,1,,,Active,,,PKR 500.00,Cost of Goods Sold,,,Inventory Asset,,fifo,,,,,1,Inventory,true,true,true
8884630000001349155,3V C2032 Bios Cell,1119,,PKR 150.00,Sales,,,,,,,,goods,3V C2032 Bios Cell,1,,,Active,,,PKR 30.00,Cost of Goods Sold,,,Inventory Asset,,fifo,,,,,50,Inventory,true,true,true
8884630000001349164,N99 Laptop Cooling Stand,100005147,,PKR 2700.00,Sales,,,,,,,,goods,N99 Laptop Cooling Stand,1,,,Active,,,PKR 1750.00,Cost of Goods Sold,,,Inventory Asset,,fifo,,,,,3,Inventory,true,true,true
8884630000001349173,Extension Board 3000W,100005096,,PKR 3200.00,Sales,,,,,,,,goods,Extension Board 3000W,1,,,Active,,,PKR 2000.00,Cost of Goods Sold,,,Inventory Asset,,fifo,,,,,1,Inventory,true,true,true
8884630000001349182,Logitech Mousepad,100005163,,PKR 250.00,Sales,,,,,,,,goods,Logitech Mousepad,1,,,Active,,,PKR 90.00,Cost of Goods Sold,,,Inventory Asset,,fifo,,,,,5,Inventory,true,true,true
8884630000001349191,Laptop Keyboard Protector,100005171,,PKR 300.00,Sales,,,,,,,,goods,Laptop Keyboard Protector,1,,,Active,,,PKR 120.00,Cost of Goods Sold,,,Inventory Asset,,fifo,,,,,6,Inventory,true,true,true
8884630000001349200,Amaze DP to HDMI,107005210,,PKR 3800.00,Sales,,,,,,,,goods,Amaze HDMI to DP,1,,,Active,,,PKR 2300.00,Cost of Goods Sold,,,Inventory Asset,,fifo,,,,,1,Inventory,true,true,true
8884630000001349209,SpeedX TypeC to HDMI Converter,100005162,,PKR 2000.00,Sales,,,,,,,,goods,SpeedX TypeC to HDMI Converter,1,,,Active,,,PKR 1100.00,Cost of Goods Sold,,,Inventory Asset,,fifo,,,,,5,Inventory,true,true,true
8884630000001349218,Cleaning Kit,100005135,,PKR 800.00,Sales,,,,,,,,goods,Cleaning Kit,1,,,Active,,,PKR 450.00,Cost of Goods Sold,,,Inventory Asset,,fifo,,,,,2,Inventory,true,true,true
8884630000001349227,Tenda N301 Wireless Router,109005211,,PKR 4250.00,Sales,,,,,,,,goods,Tenda N301 Wireless Router,1,,,Active,,,PKR 2700.00,Cost of Goods Sold,,,Inventory Asset,,fifo,,,,,1,Inventory,true,true,true
8884630000001349236,Tp Link Archer Wifi Router,400005212,,PKR 8500.00,Sales,,,,,,,,goods,Tp Link Archer Wifi Router,1,,,Active,,,PKR 6400.00,Cost of Goods Sold,,,Inventory Asset,,fifo,,,,,1,Inventory,true,true,true
8884630000001349245,Tenda Wifi Extender,100005283,,PKR 4950.00,Sales,,,,,,,,goods,Tenda Wifi Extender,1,,,Active,,,PKR 3600.00,Cost of Goods Sold,,,Inventory Asset,,fifo,,,,,1,Inventory,true,true,true
8884630000001349254,Kingston 16GB USB,100035232,,PKR 1650.00,Sales,,,,,,,,goods,Kingston 16GB USB,1,,,Active,,,PKR 850.00,Cost of Goods Sold,,,Inventory Asset,,fifo,,,,,4,Inventory,true,true,true
8884630000001349263,Sandisk 32GB Ultra Luxe USB,100205233,,PKR 2300.00,Sales,,,,,,,,goods,Sandisk 32GB Ultra Luxe USB,1,,,Active,,,PKR 1150.00,Cost of Goods Sold,,,Inventory Asset,,fifo,,,,,5,Inventory,true,true,true
8884630000001349272,Sandisk 64GB Ultra Luxe USB,100005144,,PKR 3300.00,Sales,,,,,,,,goods,Sandisk 64GB Ultra Luxe USB,1,,,Active,,,PKR 1650.00,Cost of Goods Sold,,,Inventory Asset,,fifo,,,,,3,Inventory,true,true,true
8884630000001349281,L4000 Gaming Controller,100005219,,PKR 2500.00,Sales,,,,,,,,goods,L4000 Mousepad,1,,,Active,,,PKR 1350.00,Cost of Goods Sold,,,Inventory Asset,,fifo,,,,,1,Inventory,true,true,true
8884630000001349290,Rest Mousepad,100005136,,PKR 950.00,Sales,,,,,,,,goods,Rest Mousepad,1,,,Active,,,PKR 550.00,Cost of Goods Sold,,,Inventory Asset,,fifo,,,,,2,Inventory,true,true,true
8884630000001349299,Xbox 360 Controller,170005215,,PKR 3000.00,Sales,,,,,,,,goods,Xbox 360 Controller,1,,,Active,,,PKR 1750.00,Cost of Goods Sold,,,Inventory Asset,,fifo,,,,,1,Inventory,true,true,true
8884630000001349308,LCD Cleaning Spray (Bottle),100005140,,PKR 550.00,Sales,,,,,,,,goods,LCD Cleaning Spray (Bottle),1,,,Active,,,PKR 300.00,Cost of Goods Sold,,,Inventory Asset,,fifo,,,,,2,Inventory,true,true,true
8884630000001349317,Kickoff Cleaning Spray (Bottle),100005141,,PKR 500.00,Sales,,,,,,,,goods,Kickoff Cleaning Spray (Bottle),1,,,Active,,,PKR 250.00,Cost of Goods Sold,,,Inventory Asset,,fifo,,,,,1,Inventory,true,true,true
8884630000001352535,Lenovo Thinkpad E595 Laptop,laptop-23082601,,PKR 60000.00,Sales,,,,,,,,goods,Lenovo Thinkpad E595 Laptop,1,,,Active,,,PKR 48000.00,Cost of Goods Sold,,"Ryzen 5 3500U with integrated graphics 
8GB RAM
256GB SSD",Inventory Asset,,fifo,,,,,1,Inventory,true,true,true
8884630000001352544,HP ProBook 645 G4 Laptop,Laptop-23082602,,PKR 50000.00,Sales,,,,,,,,goods,HP ProBook 645 G4 Laptop,1,,,Active,,,PKR 39000.00,Cost of Goods Sold,,"Ryzen 5 2500U with integrated graphics
8GB RAM
256GB Storage",Inventory Asset,,fifo,,,,,1,Inventory,true,true,true
8884630000001352601,Laptop Protector 3in1 15.6,100005128,,PKR 1000.00,Sales,,,,,,,,goods,Laptop Protector 3in1 15.6,1,,,Active,,,PKR 350.00,Cost of Goods Sold,,,Inventory Asset,,fifo,,,,,2,Inventory,true,true,true
8884630000001356206,256Gb SSD - used,100005152,15 days warranty,PKR 9500.00,Sales,,,,,,,,goods,256Gb SSD - used,1,,,Active,,,PKR 7500.00,Cost of Goods Sold,,,Inventory Asset,,fifo,,,,,4,Inventory,true,true,true
8884630000001356215,512Gb SSD - used,100005153,15 days warranty,PKR 13500.00,Sales,,,,,,,,goods,512Gb SSD - used,1,,,Active,,,PKR 11500.00,Cost of Goods Sold,,,Inventory Asset,,fifo,,,,,4,Inventory,true,true,true
8884630000001356224,256Gb NVMe - used,100005145,15 days warranty,PKR 9500.00,Sales,,,,,,,,goods,256Gb NVMe - used,1,,,Active,,,PKR 7500.00,Cost of Goods Sold,,,Inventory Asset,,fifo,,,,,3,Inventory,true,true,true
8884630000001356233,Lexar CN100 256Gb SSD,300005204,15 days warranty,PKR 9500.00,Sales,,,,,,,,goods,Lexar CN100 256Gb SSD,1,,,Active,,,PKR 7300.00,Cost of Goods Sold,,,Inventory Asset,,fifo,,,,,1,Inventory,true,true,true
8884630000001358287,Toshiba Laptop,123213214,,PKR 8000.00,Sales,,,,,,,,goods,Toshiba Laptop,1,,,Active,,,PKR 6000.00,Cost of Goods Sold,,,Inventory Asset,,fifo,,,,,1,Inventory,true,true,true
8884630000001358316,500GB Laptop HDD,3253245,,PKR 4000.00,Sales,,,,,,,,goods,500GB Laptop HDD,1,,,Active,,,PKR 2500.00,Cost of Goods Sold,,,Inventory Asset,,fifo,,,,,1,Inventory,true,true,true
8884630000001367224,Razer Kraken V3 X RGB USB Headphone - Open Box,100005129,15 days warranty,PKR 9500.00,Sales,,,,,,,,goods,Razer Kraken V3 X RGB USB Headphone - Open Box,1,,,Active,,,PKR 7700.00,Cost of Goods Sold,,,Inventory Asset,,fifo,,,,,2,Inventory,true,true,true
8884630000001367236,Corsair Void Elite Stereo Headphone - Open box,100005638,15 days warranty,PKR 6500.00,Sales,,,,,,,,goods,Corsair Void Elite Stereo Headphone - Open box,1,,,Active,,,PKR 5000.00,Cost of Goods Sold,,,Inventory Asset,,fifo,,,,,2,Inventory,true,true,true
8884630000001367277,MSI Ventus 2x RTX 2060 Super 8GB GPU - used,104005205,15 days warranty,PKR 73500.00,Sales,,,,,,,,goods,MSI Ventus 2x RTX 2060 Super 8GB GPU - used,1,,,Active,,,PKR 67000.00,Cost of Goods Sold,,,Inventory Asset,,fifo,,,,,1,Inventory,true,true,true
8884630000001379020,HyperX Cloud Alpha Wireless Headphone - used,109005243,15 days warranty,PKR 21000.00,Sales,,,,,,,,goods,HyperX Cloud Alpha Wireless - used,1,,,Active,,,PKR 18000.00,Cost of Goods Sold,,,Inventory Asset,,fifo,,,,,2,Inventory,true,true,true
8884630000001379054,Ryzen 7 9800X3D Box CPU,drop-26082901,10 months warranty,PKR 116500.00,Sales,,,,,,,,goods,Ryzen 7 9800X3D Box CPU,1,,,Active,,,PKR 114500.00,Cost of Goods Sold,,,Inventory Asset,,fifo,,,,,0,Inventory,true,true,true
8884630000001396001,MSI Gaming X Tios Rtx 3090 24Gb GPU - used,1132434328,15 days warranty,PKR 355000.00,Sales,,,,,,,,goods,MSI Gaming X Tios Rtx 3090 24Gb GPU - used,1,,,Active,,,PKR 340000.00,Cost of Goods Sold,,,Inventory Asset,,fifo,,,,,0,Inventory,true,true,true
